n:final surfdens z2:180.0 z1:1008.0 data:pos,48.18818209857097,3.0171602286898898,"(45.905848310623014, 49.0336210226767, 46.588357540757016, 52.06140915180831, 48.916335752530266, 49.128066561798605, 46.75369405290804, 47.731490984166804, 47.95448762517288, 49.77939515207267, 49.67736981428356, 46.5601098764152, 48.91675416489386, 51.08123549882732, 41.16013183967693, 55.69694543306563, 51.45314115044879, 44.594848093536434, 45.44548068100837, 49.55858760647201, 48.29269139971607, 47.08129699122035, 48.513260353740236, 47.57309105452059, 51.49139904628791, 42.80850220159038, 48.03953564650045, 47.64544887211448, 53.06159512620476, 43.42487726358526, 45.14501934480756, 47.38160263154868, 47.75780526021816, 50.651495141012866, 44.95763390316387, 50.42164723888306, 49.2364769526296, 50.183772852527326, 49.545516984889154, 47.38929288924221, 45.66476989460308, 48.14742569703313, 49.34746770614076, 45.05165431952514, 45.30078158058931, 49.9704165153571, 47.263507809662634, 47.95965507389403, 57.75791957375613, 44.34623529044174)"
n:final surfdens z2:180.0 z1:1224.0 data:pos,48.72170487914968,3.1666540086683788,"(46.29827279623222, 49.701967895947945, 47.2275195657041, 52.742971146476506, 48.88114775186165, 50.04435417712888, 46.75480560600627, 48.97059278379625, 48.38749215993085, 50.403385417314496, 51.268733588232664, 46.01584638226856, 50.639487741934325, 50.767407205761664, 42.40205200327559, 54.64081992032594, 50.96162537572173, 46.37138637156561, 45.74560568319443, 50.13176545933111, 49.60075474679013, 47.68144878975961, 47.97320091642788, 48.98352409175115, 53.040533399755056, 42.24136342418432, 47.41123676817515, 48.85514611535608, 52.18852011265353, 44.783023512947665, 45.27175704509591, 47.98537888808383, 47.236860916315244, 52.02124998137946, 43.04382293216686, 53.598980706975695, 49.47058377594707, 51.15121271853983, 50.417109097756025, 48.00959641412806, 46.795916450637044, 47.91270899234091, 49.10017379108373, 45.84067863754127, 44.43921765143114, 51.487503445607686, 46.886357890996756, 50.1392157196026, 58.74758717409654, 45.413340817946256)"
n:final surfdens z2:180.0 z1:1404.0 data:pos,49.80177219930255,2.8197683183890376,"(47.35624590626934, 50.926344093876125, 48.39366120622663, 52.66557540463463, 49.661259754167475, 51.257105999385836, 48.606269438887225, 49.66279736885956, 50.21710039771222, 50.40400641656291, 51.52243936528639, 47.81902731766288, 51.92891851985562, 51.72232813613786, 44.013508332128076, 54.69166962328239, 51.68538353380971, 48.83573474878909, 47.06144331221995, 51.017650675285445, 49.16960030190557, 49.07711546085109, 51.5599098514343, 48.614497363048464, 51.92066013892255, 45.2432931119987, 49.4012791142128, 49.44761819419355, 52.77047415425987, 46.440966860818655, 47.21139398839938, 49.17617667878797, 48.219086922612775, 52.25841956585073, 44.95322796133967, 53.459571213292406, 50.785170623855116, 52.040416310789425, 50.233751453862894, 50.917307788088266, 47.653156798623336, 50.10205360724776, 49.43168280660907, 47.175409232765944, 46.4489670809754, 51.220224804886804, 49.39769050759679, 49.10970859661886, 61.23398708067016, 45.96732283957047)"
n:final surfdens z2:180.0 z1:1008.0 data:neg,48.15789298171243,3.1614494910659934,"(45.977054440019735, 49.12671505395034, 46.33932969583278, 51.21347280561641, 49.04530985376304, 48.75489918348859, 46.97549375666847, 47.53259915862831, 48.36244978848489, 49.28450477501822, 49.52500646883483, 46.54403325619788, 48.616023378879824, 51.239103035875196, 41.224205070351594, 55.7741454890823, 50.98036660436103, 44.99022977600909, 46.112051189896775, 49.08303995563466, 47.79597262489657, 47.458630460215666, 48.45756280185283, 47.71009032027503, 52.4568135345077, 42.171194875727224, 47.6302701444225, 48.12716600708807, 53.24406971225147, 43.2143770040096, 45.35485782242481, 47.50359660080079, 47.214224380080665, 49.324951343702345, 45.84368839886363, 49.734974002370905, 48.98855165850034, 51.17838409274011, 49.74397663213376, 47.70045164467553, 45.05949843681627, 48.4324807692028, 48.771680061818685, 44.955095439285884, 44.528164982641634, 50.54530098720927, 47.411183687682254, 47.540743571415256, 59.422595408794535, 43.674068942621226)"
n:final surfdens z2:180.0 z1:1224.0 data:neg,47.83065920596725,3.16222392412515,"(45.436616073232344, 49.034591028133434, 47.72346911625594, 49.039429505653814, 47.72366808783005, 49.45212176138147, 47.253683263145355, 46.69203105367707, 47.526913479637145, 49.460507039779294, 49.923478623691004, 45.79055841521147, 48.92471641380094, 50.53477404197569, 42.34695413124018, 53.05020353253643, 51.65787729078621, 43.98510924722132, 44.517299639213256, 49.93642612770461, 47.11689093994202, 47.65568302086379, 46.814070916586026, 48.38927385764037, 51.76493246442101, 42.170835517516316, 47.210437233759, 47.7497405517092, 51.64832068104153, 43.252084650013096, 46.66008630435283, 45.30744407952997, 46.16712450125406, 49.060043956874814, 44.19980328916975, 50.834335422902136, 47.28807204757568, 52.293999310610786, 50.1091205576577, 46.7124765486208, 45.019446939708445, 48.83300180659836, 47.84086060439043, 45.17912941277774, 42.903955715131154, 51.55370342156498, 46.37594219946753, 48.70526671098377, 59.325740774129535, 43.38070898946314)"
n:final surfdens z2:180.0 z1:1404.0 data:neg,48.521400088437495,3.043185212796045,"(46.90968562682598, 48.98630310996498, 47.050618674614604, 51.18628458527037, 47.973286795980336, 50.256771887655525, 48.43369380956693, 46.78525569126581, 48.852262206417855, 49.38050075429953, 50.670072860903744, 46.54252093955619, 50.119152308479705, 51.21239209169744, 43.24370473667351, 53.028488802970536, 51.35442396492502, 46.342552173886716, 45.993735336019895, 49.8111115968015, 46.3551770107649, 49.160499410498936, 49.28157949630405, 48.03402215342805, 51.343401956968556, 43.58095543505608, 48.383350271230206, 48.1264370903228, 51.51630115265772, 44.78734589241527, 46.154363014242556, 47.751037465112915, 47.71264293845892, 48.643368756484826, 45.041702332552795, 50.92197763312535, 48.81995127234172, 52.20135986493411, 50.419110778991204, 48.10521368559639, 44.81963793610601, 50.86493847977694, 48.31188820594362, 46.05648013624741, 45.3335826352327, 49.870307519095775, 48.373208126033425, 47.41450376686121, 61.682405798642705, 42.87043625267176)"
n:finalit20 surfdens z2:180.0 z1:1008.0 data:pos,48.50900059441391,3.2858848553713376,"(52.26062077282322, 47.05977109527332, 52.81491113491783, 43.30817324115285, 47.407666386690344, 51.01372978614572, 46.039626806442065, 51.3190807108376, 50.389752674910845, 46.547396376970006, 47.85513392157829, 47.82444123128878, 42.40986571793194, 51.00168677677829, 44.099245438107424, 55.507766311384046, 54.05787657831657, 44.87370256556942, 43.09446388953235, 54.13796541910663, 47.18524260998408, 48.5305002782685, 49.715666987702505, 46.97839464433407, 50.550776904814725, 45.693287610313334, 47.72571601853104, 48.15020009901462, 51.617517413978575, 44.47122703389145, 45.81688398468401, 49.07631573137589, 44.99450106171261, 52.09177591002498, 51.33091516535979, 44.73656858674908, 51.57708333102974, 49.87996175304527, 50.62278266150227, 47.068512074991396, 43.26364617869627, 55.33937382459941, 48.780750016048735, 46.79788453436925, 44.42420576054821, 51.01798560150101, 49.30923273711379, 47.88128556303099, 47.888427458990684, 49.91053134873206)"
n:final surfdens z2:108.0 z1:1224.0 data:pos,50.15634883113446,3.107941337156799,"(48.246114548469066, 50.544557373533856, 48.05456367842215, 53.33863726436818, 48.65701692314922, 53.18376028018988, 48.69166072047172, 50.926153633237504, 49.483484081195236, 52.032206711215196, 52.709228791522314, 47.727777594495954, 51.190637690403506, 52.88702566151852, 44.08665078717334, 55.744328247247886, 51.6992860664805, 48.734841002342016, 46.91054297259442, 52.05674230723994, 52.33698713073755, 48.35142323047208, 50.16250511376701, 49.542504809048275, 51.54864084315844, 46.517751202704446, 48.31465780767991, 50.830710862299654, 54.00936802009536, 45.89056013725206, 47.71479436723671, 48.85977239106224, 48.6086004655247, 52.91010652957854, 45.15221949854247, 54.06132630420961, 51.046503399898874, 53.023410086110665, 50.72795012076026, 50.61198104996803, 48.032995078244475, 49.40868512741521, 51.472958809848976, 46.582901033543386, 45.3224177312983, 53.605574616904754, 48.8197486806128, 50.47186614122991, 61.31177280752611, 45.66153182472119)"
n:finalit20 surfdens z2:180.0 z1:1404.0 data:pos,48.699867898387595,3.399623866125886,"(51.49355059976412, 47.86286899660143, 54.82078591831117, 42.29173597146056, 49.771814964945534, 49.06353847299607, 45.65050102486183, 52.00049362578216, 48.659796496865546, 48.14100593134033, 48.128551516287565, 48.243450786833854, 42.906021148540965, 50.951815462837175, 44.58144589056529, 54.72030732020111, 56.33188361260073, 43.1320560000215, 45.48095979535089, 52.10262849045257, 47.27193612908007, 49.064515874635475, 50.77381158039727, 46.76229126650502, 50.37486367655877, 46.96941094561712, 47.670758819787295, 48.79604442883299, 51.21980282412799, 45.01845003058071, 45.02172695718419, 50.39577453823314, 45.46164911399963, 52.15494330744374, 52.46755827981831, 44.038039332232906, 51.05204837568055, 50.45399575429865, 52.473630011333526, 46.48315889939101, 42.63347284172324, 55.70375104664711, 49.01184828822183, 46.783943012294564, 44.74552338346258, 50.62475095240519, 47.89894151175715, 49.53450044161438, 47.480986667100744, 50.3160546017943)"
n:finalit30 surfdens z2:180.0 z1:1404.0 data:pos,48.552215477955244,2.9235947254646613,"(43.4762493350422, 51.65372166507924, 49.747158862692096, 47.46721563253343, 50.60286734579283, 47.31401854993897, 49.64293293030653, 48.170548641516554, 44.318447554740835, 50.63176296888229, 52.39756178666536, 48.81224703164622, 56.829669142022226, 43.06108661771268, 44.160123639820064, 52.13524697512096, 50.69137513711971, 44.55552809413526, 50.25158983079271, 50.11001119089635, 49.9403206963015, 50.681095559952986, 46.612367377699044, 48.098818359620545, 53.48255537812891, 45.654554591201645, 44.96245469577636, 51.21933125037072, 45.57454446517611, 49.4088832818791, 47.69295101833602, 48.4460831890175, 47.477077086624874, 49.12879496975272, 47.339261003107666, 49.73160055857466, 46.33737536712933, 48.69955529788607, 51.13307545200511, 44.581765814759336, 51.46657174965073, 46.15988369058376, 44.2505141865224, 50.57894886025294, 45.96556178023113, 50.8375547023836, 46.578139206828176, 52.82411694281588, 46.9721745772816, 49.745479855454874)"
n:finalit50 surfdens z2:180.0 z1:1404.0 data:pos,48.42212442699549,4.147659490069204,"(58.27304488278652, 39.676691418048975, 44.5313130286207, 51.04850658712185, 51.75548755258162, 43.81148524094292, 48.73059532429354, 45.44155644014447, 47.2281982544275, 51.60782276243391, 44.57240531312148, 50.73886974443001, 47.54258943637805, 47.19668269418321, 48.82396185450628, 49.2002857074373, 48.217531363535066, 48.941028542349784, 47.995771155047926, 49.34940550254096, 43.16080715919162, 52.863899559974, 47.20308171805057, 49.628514431313306, 53.62822395474489, 41.69631808156122, 46.95076185790053, 54.97155504366421, 49.09730840792868, 45.92914348634669, 45.248303906578116, 49.012890311471786, 48.49112501442316, 51.068905950200204, 44.61055360053091, 54.63076976182272, 49.82237338075734, 44.97684824776459, 45.973490444115164, 52.090727976650044, 46.36704512046427, 51.82370916833296, 44.17345965393235, 51.666866032927494, 59.83052474501253, 38.35686833022042, 48.31110404642236, 47.89719345659244, 51.25808297000426, 45.682532725943474)"
n:finalit5 surfdens z2:180.0 z1:1404.0 data:pos,49.6960010465448,3.554526109969485,"(53.00882707303566, 46.13219009951263, 54.286830831164956, 47.01348419646685, 46.81785198487481, 55.46928504756067, 46.15311601447371, 52.04004945027487, 47.053211405261166, 51.63424973417278, 59.646879286010794, 46.553851711089045, 46.715378994632054, 50.68590690348104, 46.28552154975826, 50.83780854386207, 44.83215603441747, 53.99833827915866, 50.91491081628733, 49.49289099708299, 47.55590062581714, 51.88593069939365, 44.562906232121534, 52.52848491007374, 46.20662941747832, 52.22252321705781, 46.35043405418243, 54.40975452516057, 44.7123078946146, 54.86163755392987, 52.96878857658513, 47.91814659939861, 45.81159894736115, 51.94618612169462, 52.16301639812888, 45.84187277259662, 50.19784332362435, 46.82326298553094, 54.99772090311478, 46.0557349726743, 51.114163084299676, 49.37515458804168, 49.59105648786044, 48.59460535974095, 45.33394866989277, 52.5879071882489, 46.02634313166487, 53.17254556125122, 52.25617223070303, 47.15473634241891)"
n:it5samp10 surfdens z2:180.0 z1:1404.0 data:pos,49.39239839391871,3.2998744801165447,"(46.48997526626743, 50.58969908319492, 46.71005159100157, 51.135369704879324, 50.03153977543008, 50.3308950244161, 50.94451712945057, 45.6319178540514, 46.577241765828596, 51.870979362365915, 50.010887735343786, 46.44780644729586, 49.87229055771247, 48.24444788017611, 43.03889673746993, 56.64686199391227, 53.4106064975005, 48.68890365401657, 46.59989571369444, 54.57518410436612)"
n:it10samp10 surfdens z2:180.0 z1:1404.0 data:pos,48.75559937694675,2.7029870706474055,"(48.76340008709723, 49.61992585856362, 46.24671135160519, 50.45774769929465, 49.36061501971471, 45.52309711494906, 46.27944502911562, 51.09810683917223, 49.07033463907595, 46.41521192080888, 51.65962843355496, 46.16044352708011, 48.74496256779416, 49.337855467184106, 49.010431791906505, 47.02846285287666, 51.103680538221596, 44.04018985092053, 56.13622340237067, 49.055513547628216)"
n:it30samp10 surfdens z2:180.0 z1:1404.0 data:pos,48.39568341530708,3.9646501616609955,"(53.33673235547083, 43.90526531775439, 51.01213451934085, 45.40460645276812, 47.029751815419935, 47.77936213712157, 48.54617267333077, 49.163469862705284, 47.10756462471597, 50.98827650719724, 51.474805403339204, 45.79087695720444, 58.14594764696197, 39.98125567391145, 50.0867951809173, 46.77866926546111, 51.36855593368439, 44.21704579281123, 45.384526933492516, 50.411853252532985)"
n:it50samp10 surfdens z2:180.0 z1:1404.0 data:pos,48.13910088220741,4.06971452690884,"(53.319839185364756, 45.21135882879818, 49.366843328591976, 45.494985941215944, 55.30310853032743, 43.11989333037481, 48.9783770469944, 47.11352858549772, 43.466286253560696, 57.3908831608716, 48.040796731568456, 45.95107657219435, 47.62720589394272, 46.03786070781035, 52.83701646452305, 42.11293533893862, 48.296565789351106, 46.128028751785074, 45.953275269281555, 51.03215193315517)"
n:it100samp10 surfdens z2:180.0 z1:1404.0 data:pos,48.73230638146852,3.556645589556511,"(52.36902699203431, 45.94321707973524, 52.939837692913514, 45.1627843210193, 47.78788693182371, 49.147670569658494, 44.73778541753907, 51.34031024410903, 49.304998220501226, 52.38479775727561, 46.65253784187362, 49.25202054592221, 47.07797479740502, 51.973277475017696, 49.620935351881734, 46.16076140909785, 45.798912498154166, 49.51091134777432, 41.09320335446224, 56.387277781172045)"
n:last surfdens z2:180.0 z1:1008.0 data:pos,47.9141568265229,4.13964770934787,"(43.831758620408564, 50.22804638617722, 54.68479648698039, 40.820789650915046, 46.755166992713555, 47.84393915843564, 52.42940065532819, 42.837641927500165, 41.70609813675981, 51.368197674101516, 52.12374017370524, 46.08822861406937, 48.11770665353359, 49.073921818817716, 46.11389668065106, 48.2564320971077, 44.493847881299494, 54.8872181236035, 55.07588883381327, 41.35528873143083, 44.490689565062816, 50.59839454897121, 49.15943479955831, 46.50811008558726, 56.7973661920223, 38.74940714850727, 45.515251908569056, 47.95278150168906, 52.18279730130142, 44.01818051944273, 45.86773550569539, 48.4386179630416, 45.96023076693072, 48.24416832778915, 46.001249661634695, 50.08091967220415, 46.5840093326908, 47.92746365424343, 51.507147020158, 51.89031228846446)"
n:last surfdens z2:180.0 z1:1224.0 data:pos,47.93016584394419,4.1907066779525115,"(42.514155608821774, 52.2155965713962, 54.953393218016814, 40.68606063163757, 47.79815517749812, 47.081418005796664, 51.59001579394526, 43.59564522550927, 39.042299280855424, 54.875419228997664, 50.77951520974413, 47.26576119794059, 49.71672732460318, 48.27508447358334, 45.1087151408655, 48.99898815297101, 45.163316518990285, 54.07097243291349, 52.384490924415275, 43.067897830142286, 43.76372168081849, 51.00022863267634, 49.24651125371153, 46.69657307043826, 56.572441694402244, 38.8395779285028, 44.78057293934596, 48.56777433448582, 50.876207776640406, 45.05632859342681, 46.55799019623447, 48.24589809049702, 46.448798728273324, 47.70891675414883, 45.89824299900554, 50.226930644726906, 45.197780325752326, 49.112319182067644, 52.38537295786832, 50.84081802609982)"
n:last surfdens z2:180.0 z1:1404.0 data:pos,48.5490580125317,4.4525649916147145,"(42.37321074180234, 53.610090732207695, 54.481547633161675, 41.921009052735755, 47.7818951686512, 48.08195929205385, 52.81196492215075, 43.390470418746006, 39.260859268309694, 56.339240439924744, 51.155612663000966, 48.18936531595753, 48.788723856115666, 49.93967014158496, 44.487662713150804, 51.0180604348516, 45.510833464940205, 54.66625903983464, 55.045670993010404, 42.237943591083585, 44.091588868043374, 52.29568759157977, 49.694874228006356, 46.95116949908147, 57.306204332644214, 39.294264816844425, 44.84184365402929, 49.70209969410339, 51.62029248627281, 45.04623490233148, 46.3487805006947, 49.30733934576572, 48.82214458201455, 47.33756181857047, 47.34698362014757, 50.291429249584304, 47.16197544057591, 48.94547371628603, 52.35381841600234, 52.11050385541602)"
n:last surfdens z2:108.0 z1:1224.0 data:pos,48.35187942106215,4.176490214521997,"(43.46470465338157, 51.482969941454265, 53.250811524586986, 42.39291877910306, 48.50866559019826, 47.19870405892371, 51.97088825093519, 44.2986409403024, 39.62193711249018, 55.06498823234815, 50.147457290428086, 48.47320179098286, 51.129709886538336, 47.84417908464072, 46.01826846069552, 48.95283718486982, 45.43282869409606, 54.97270701302735, 53.43814892534353, 43.40718986952999, 44.01966134504292, 51.86166380010418, 48.29561259102141, 48.352643869766204, 58.004876248991664, 38.63131579409112, 45.23519952228988, 49.017892341849176, 51.709572823335606, 45.32707023055413, 45.72448121864346, 49.13742676146444, 46.80932860529169, 48.18018260019947, 45.069647791929484, 51.54061743582991, 46.38059355891609, 49.395666397725655, 52.90170246493621, 51.40826415662728)"
n:last surfdens z2:180.0 z1:1008.0 data:neg,47.906567638504285,4.105558341529927,"(43.19755715582895, 50.43530723400237, 54.95025264044924, 40.68859400417178, 47.38814394296124, 46.86748685985791, 52.1011271645471, 42.84471702129493, 42.062572203748836, 51.45733707861967, 50.820354249548416, 47.536409345401054, 47.32874447936559, 49.603703019682136, 46.00913855493346, 48.344144562260475, 45.46987641730448, 53.40899645623305, 54.961354998649966, 41.16469940711553, 44.26390547184062, 50.329667564871684, 47.679438204560334, 48.13467513914053, 57.27197332283915, 38.39934070474414, 46.21304377663098, 47.58788154060245, 52.76324261022451, 43.231848448209774, 45.534575982597836, 48.73051239735888, 46.56655172127403, 48.28483922299034, 46.44847545392216, 49.80693299146348, 46.68869609854051, 48.639930850799715, 50.900829514176145, 52.145827727408175)"
n:last surfdens z2:180.0 z1:1224.0 data:neg,47.6128756632993,4.468862117093146,"(41.98052373000275, 51.942656118097304, 54.91833151584874, 40.18072935546588, 47.22541373799505, 46.50538463385758, 50.74605592188148, 43.64733186467531, 38.999467573259196, 54.13500717064387, 52.70274968910721, 44.938303708232525, 48.55360733072764, 47.9093796994685, 43.591164163715895, 50.17765578845422, 45.548233627806546, 52.50246663942099, 54.52932523996746, 41.0061732447601, 42.85361091612533, 51.333225166140814, 48.236370484695605, 46.82539604977166, 56.84104484433505, 38.248004323845116, 44.53053651902881, 48.23601962232192, 50.85064955534172, 44.188888737795, 45.48747473295236, 48.05928047215641, 47.87106228652626, 46.413183855678234, 45.06727288589432, 50.06951613243184, 45.18642942505251, 50.04309131301654, 50.615163150992956, 51.81884530448153)"
n:last surfdens z2:180.0 z1:1404.0 data:neg,48.249425717079966,4.312205730125257,"(43.64198012771977, 51.18346839434135, 54.47767082907065, 41.322605615644896, 48.01034797225773, 46.98324434968869, 53.45914335516183, 42.32973209755023, 41.05160538197991, 52.997395531236215, 51.52292667495382, 47.24181731814801, 48.299718106799574, 49.812045761892406, 44.21036939457674, 50.65171576284474, 45.541545741463324, 53.962051704354316, 55.414785439877456, 41.48828595284489, 43.33022000895824, 52.44636263614412, 49.16971912491541, 47.07462654076116, 56.97534201215679, 39.31077914292428, 44.77869009809531, 49.26929328529618, 51.96050054738519, 44.51047484278857, 45.6441467504927, 49.34468251475471, 48.541992079228294, 46.81313790828189, 45.78096375227841, 51.25183614689133, 48.012488997029074, 48.13224087867499, 50.883776954231664, 53.14329894950338)"
n:it5samp10 surfdens z2:180.0 z1:1620.0 data:pos,48.228287667093184,3.101645909636283,"(46.39536851033223, 47.862081082328466, 46.293241601342686, 49.26354402105988, 49.3294505429223, 48.43315555570056, 50.290704614793256, 43.80723651936558, 45.77996847597619, 49.79162067493711, 49.393966713646364, 44.869281159129784, 48.77766684650356, 47.70451983312658, 43.20008442877649, 53.97419340489125, 53.390910211219506, 46.69385673407611, 45.39284650390804, 53.92205590782785)"
n:it10samp10 surfdens z2:180.0 z1:1620.0 data:pos,47.80812093061313,2.7176848630970984,"(49.09443189573083, 47.23258833665935, 45.55019704787103, 49.31504885401359, 47.11678812592693, 46.05136892720465, 45.45726151565796, 50.01059748200286, 47.18496587139252, 46.64203205164474, 50.715426325316834, 44.96419790439557, 45.69236793946307, 49.5680968588285, 47.369884287801135, 46.93073208070297, 51.88169311731012, 41.99440752897426, 53.88585891985923, 49.50447354150638)"
n:it30samp10 surfdens z2:180.0 z1:1620.0 data:pos,47.73507920769848,3.8478201413449833,"(51.83337472273548, 43.628649147287774, 50.90663004608445, 44.35376268174857, 46.61484035330035, 46.89637347881459, 48.865832865001046, 47.83657856856984, 46.84754706056588, 49.845355604011345, 49.89282673899873, 46.283938524372, 57.323391476764634, 39.505959457167236, 50.92764518006311, 44.35142004221878, 49.775224583476394, 44.35085428864394, 44.7163148971712, 49.94506443697413)"
n:it50samp10 surfdens z2:180.0 z1:1620.0 data:pos,48.10692259017864,3.9874737637712876,"(53.71258703794333, 44.35092581278248, 49.82834073234879, 44.93549555828493, 54.28899111625539, 44.04805286225001, 49.722092826635745, 46.46607422550458, 44.127555717720576, 56.59646753578912, 50.739434643630275, 42.99705864060945, 46.08406015629307, 47.48035711201323, 51.85484996574853, 43.02009976796676, 49.10297560270407, 45.80808274195919, 46.07594503435183, 50.89900471278158)"
n:last surfdens z2:180.0 z1:1620.0 data:neg,48.824064128492616,3.369066632638612,"(44.27006097548037, 52.63451444645215, 45.319238321280494, 50.13750047137303, 51.01728896737206, 44.5974582744076, 43.878128614959294, 53.9393446418747, 52.829847172908615, 42.94486774830235, 54.52408260039618, 44.23520756935976, 48.206661093247334, 49.54960230922052, 50.22744340245672, 55.180834044541186, 48.192914780472556, 51.44206641672385, 52.87780359124095, 43.73405753465983, 45.485998417836726, 52.62415858051962, 46.93728129207045, 51.890573621530194, 51.662775198357394, 48.572067861891696, 46.30288891670317, 48.71691525574151, 48.67503568421119, 47.830749352884176, 43.746466930667545, 52.94824886271228, 47.965246116688725, 48.01213743270936, 49.05458208150084, 46.872307297104946, 51.55595032629755, 45.387619879950876, 50.12668852117221, 48.8559505324246)"
n:last surfdens z2:180.0 z1:1620.0 data:pos,48.1562236266473,3.4929480699962845,"(44.15228368834543, 51.67840919679175, 44.061108536753984, 50.00419257205305, 50.233499887602214, 43.971121170857124, 43.74227979322616, 52.911721875417435, 52.73442003973672, 41.887386745834455, 55.527546980504404, 42.23882047098994, 46.948221265308625, 49.04894360278405, 49.13374421322982, 54.82748378885022, 48.35649899204771, 50.4546816159664, 52.80193067567269, 42.33230437111603, 45.59967604620824, 51.07678157795342, 47.49796950635621, 49.62941887122912, 51.435490905786324, 47.43216090081291, 46.048673086670455, 47.92283132559268, 48.06758220965461, 46.91161139757303, 43.44299372351161, 51.861766619937235, 45.45113723010951, 48.85797363822395, 48.3548102949266, 46.09520290694159, 51.240538243580666, 44.783117135899076, 49.24381808964632, 48.24879187218992)"
n:last surfdens z2:108.0 z1:1224.0 data:neg,48.048372374965275,4.450461872725223,"(40.73265581822512, 54.636889409828, 53.39965710602085, 42.09287017703186, 47.57194016654802, 46.974646975699024, 50.95562673005328, 44.21185360213688, 41.619086908322394, 52.20356564848088, 52.87746880032238, 45.60255913642676, 48.7808130301362, 48.82659454010721, 45.6642901414987, 48.55691319833209, 45.34673251199532, 54.964485273563085, 54.01864335073568, 42.29084837895975, 42.88114837692426, 52.75577227070955, 48.92350320738875, 47.256442464342655, 58.25518560190452, 37.750860600237004, 45.00272432968216, 48.54577198696322, 51.68132195281786, 44.54778789326821, 44.84633219268115, 49.31744685737524, 47.24275554287755, 47.379533041294465, 44.03085172434758, 51.83887541226498, 46.198426714168335, 49.230751478420444, 50.775229794046, 52.14603265247369)"
