n:vglvel sigma_1 z2:108.0 z1:1152.0 data:neg,2.0635536418943152,0.326673229486175,"(1.8647298878185925, 2.2167098973742743, 2.507121610435978, 1.6603730024506074, 2.2604868779245066, 1.847437959774046, 1.9931329440456929, 2.0773304788154574, 1.6542350484675266, 2.527212916036181, 2.012644030117847, 2.080457806206184, 1.9829332735461849, 2.110094342016924, 2.241088762459705, 1.8334685508303954, 1.8596196302754615, 2.2342899439231556, 2.84272502573499, 1.4649808496325902)"
n:vglvel sigma_2 z2:108.0 z1:1152.0 data:neg,5.817712511846161,0.5738666866550068,"(6.207374433386215, 5.391400702961843, 6.496282397455733, 5.1694791609646975, 5.797324613687679, 5.792987394388282, 5.169464977583031, 6.451260360290484, 5.295928908481668, 6.344262214650742, 4.9872004189047265, 6.742295759035688, 5.0887914363805695, 6.6038847512708445, 5.89466927062651, 5.670278768809933, 5.595479567080153, 5.998062127447438, 6.487290829477724, 5.170532144039263)"
n:vglvel sigma_3 z2:108.0 z1:1152.0 data:neg,8.255063572367694,1.0159203985166685,"(6.610990811577512, 10.153977611744764, 7.620297922491423, 8.82228163509037, 8.399800916444475, 8.001864518131617, 7.53548678143253, 8.885925889389915, 7.827694397436929, 8.58913658161821, 10.317280334489388, 6.521482845221029, 8.41534680603004, 7.991754550632313, 7.699522540981308, 8.708544920421422, 7.040203798001786, 9.5482602360634, 8.566779965990257, 7.844638384165188)"
n:vglvel sigma_4 z2:108.0 z1:1152.0 data:neg,40.04655090049584,1.3978952095538622,"(38.39862768519235, 41.71676746213178, 38.25599318338211, 41.872502089963795, 40.618674077837774, 39.43689658622839, 39.706532594513725, 40.3425074346941, 41.94129730550816, 38.193289513748645, 38.17745950456268, 41.95876891810404, 41.18038746470921, 38.89901930211409, 40.768140405369024, 39.291662187071935, 41.72757153626178, 38.38885349099458, 39.42046764809111, 40.63559961943764)"
n:vglvel sigma_5 z2:108.0 z1:1152.0 data:neg,19.816695524874476,1.9304562067631699,"(22.717927229204964, 17.127165920034486, 22.00202858379824, 17.690779045824367, 18.662284438813092, 20.857533153550573, 24.106181191015477, 16.13672456714693, 21.3851420152999, 18.201703934590416, 19.585295649782918, 19.87740366374374, 18.074585912092207, 21.537587666700176, 19.87781076903662, 19.5714999870208, 20.09880052637276, 19.36549696978149, 19.82512439215361, 19.632834881526776)"
n:vglvel sigma_6 z2:108.0 z1:1152.0 data:neg,3.2297402019392423,0.586650776932607,"(2.638635657458588, 3.799203424732525, 3.813570336557894, 2.6567526654371934, 3.198141472789283, 3.178278167987029, 2.5144244920829375, 3.9849742805869504, 2.207115230728744, 4.61074502929194, 3.5272619067576123, 2.8933703068483556, 2.757069981576991, 3.6964618019379056, 3.4315621180053655, 2.9053536178048303, 3.366726412036286, 3.008467844142475, 2.816348996807936, 3.590340295214006)"
n:vglvel sigma_7 z2:108.0 z1:1152.0 data:neg,8.164561993204662,2.0036978639702268,"(8.954079157843926, 7.010969230250264, 8.788060503546768, 7.18230246146486, 11.00829433430772, 5.732463846127462, 4.9055051475699, 12.800934851050977, 8.734426357447333, 7.232375351003543, 8.69356962822498, 7.276204477374546, 9.158565686650256, 6.8997709407642, 9.015377042151892, 6.94831735734088, 7.8297439975702705, 8.055002869713471, 5.417707276332494, 11.647569347357535)"
n:vglvel sigma_8 z2:108.0 z1:1152.0 data:neg,12.165978201922394,0.9131080076889566,"(11.759110833445373, 12.483866721718428, 12.955312866943494, 11.375739797787293, 12.865106449342058, 11.458146824577701, 11.894030489620501, 12.331799284957121, 10.518407349486786, 14.022152086709578, 11.333056348131803, 13.023536390362445, 11.03348094698864, 13.369001112140667, 12.549895733121287, 11.694378738713926, 11.149157975425963, 13.212735436699267, 12.60197209991892, 11.688676552356627)"
n:vglvel sigma_9 z2:108.0 z1:1152.0 data:neg,17.066343802574924,1.2049637595060667,"(16.49231142890548, 17.562205152144788, 16.28926297803929, 17.800413779145803, 16.54464916906711, 17.531900674250934, 16.619797456269822, 17.411048207952284, 15.92878893453179, 18.213018808512444, 18.536186569101737, 15.656400926915632, 15.951596132014188, 18.188904758220236, 18.13517705724333, 15.959525639397711, 19.499706692379025, 14.870408183927394, 18.227669766268132, 15.907903737211289)"
n:vglvel sigma_10 z2:108.0 z1:1152.0 data:neg,17.253670952726186,2.0058852841883894,"(16.023097899032027, 18.31010920377867, 14.34865088760031, 20.49751954967509, 13.74879713343473, 21.396849667365885, 15.062117179156187, 19.447954122216682, 16.20940127742368, 18.15431713368879, 18.817486068910018, 15.648771204495945, 19.24477765245878, 15.295122679179634, 17.354110474795572, 16.894625218849555, 17.10559472157553, 17.19168425779362, 16.49681879697385, 17.82561392611916)"
n:vglvel sigma_11 z2:108.0 z1:1152.0 data:neg,16.573534247523668,1.5819634758704266,"(14.249834719526483, 19.072186113479503, 14.067370956202057, 19.366656119703936, 16.027562088482945, 17.011710390969892, 14.47450762256065, 18.737000756433925, 15.796844476635018, 17.268929500599537, 17.21585300971416, 15.85881284176193, 18.3466172489312, 14.87156348588166, 15.739459160039166, 17.244549332461535, 17.60988017207593, 15.474855148988146, 17.136241552855186, 15.900250253170494)"
n:vglvel sigma_12 z2:108.0 z1:1152.0 data:neg,6.733133706458921,1.849085371039967,"(5.416433463342141, 7.658138959311055, 4.734811462931245, 8.97741451091263, 6.562627347561694, 6.467982365415243, 10.06730538627514, 4.122351172720421, 7.783621202109276, 5.474167788639738, 5.646525638946563, 7.577394461877364, 4.3902495881256485, 9.739709556513516, 5.585386747891868, 7.370081738033568, 4.514749822941689, 9.396046648940056, 5.487949009430139, 7.689727257259418)"
n:vglvel sigma_13 z2:108.0 z1:1152.0 data:neg,14.736473199916526,3.5962240240252887,"(18.694960674081784, 10.917194398957552, 19.59912567621308, 10.494713753310844, 13.870902765204175, 14.823710078303643, 14.129317735530828, 14.364249138340153, 16.58567755855459, 12.398679935176693, 10.829465211159144, 19.054020332335547, 19.83833132642581, 10.390125784852561, 18.248099937888085, 11.15578680111004, 17.302279536712327, 11.874383228107797, 19.80638200684581, 10.352058119220116)"
n:vglvel sigma_14 z2:108.0 z1:1152.0 data:neg,42.2572502113597,4.64958121376193,"(42.516463486980626, 41.50378269896839, 43.64561883890794, 40.458536058841105, 47.764683654122884, 36.97036200824661, 37.50449747508384, 47.01772184504058, 53.27115533700094, 33.14297482072706, 38.314537317943206, 46.10481612146958, 38.6646581846351, 45.67975162896657, 37.78273326912367, 46.695160191323566, 41.32564416750799, 42.726217598168944, 42.791839381766316, 41.263850142369066)"
n:vglvel sigma_15 z2:108.0 z1:1152.0 data:neg,102.68947644249297,9.475598728299724,"(99.83691009656484, 104.7743001326412, 92.17267085357747, 113.48907990101902, 95.65814559692588, 109.3529706801925, 99.04754969742179, 105.61086741693737, 111.76874578007337, 93.59071225253541, 99.95545502480402, 104.65300334910557, 83.7125515816612, 124.958105065199, 98.94606949447312, 105.72066205057916, 115.0338918243727, 90.9346885284016, 103.69055987500883, 100.88258964836517)"
n:vglvel sigma_1 z2:108.0 z1:1152.0 data:neg,2.0635536418943152,0.326673229486175,"(1.8647298878185925, 2.2167098973742743, 2.507121610435978, 1.6603730024506074, 2.2604868779245066, 1.847437959774046, 1.9931329440456929, 2.0773304788154574, 1.6542350484675266, 2.527212916036181, 2.012644030117847, 2.080457806206184, 1.9829332735461849, 2.110094342016924, 2.241088762459705, 1.8334685508303954, 1.8596196302754615, 2.2342899439231556, 2.84272502573499, 1.4649808496325902)"
n:vglvel sigma_2 z2:108.0 z1:1152.0 data:neg,5.817712511846161,0.5738666866550068,"(6.207374433386215, 5.391400702961843, 6.496282397455733, 5.1694791609646975, 5.797324613687679, 5.792987394388282, 5.169464977583031, 6.451260360290484, 5.295928908481668, 6.344262214650742, 4.9872004189047265, 6.742295759035688, 5.0887914363805695, 6.6038847512708445, 5.89466927062651, 5.670278768809933, 5.595479567080153, 5.998062127447438, 6.487290829477724, 5.170532144039263)"
n:vglvel sigma_3 z2:108.0 z1:1152.0 data:neg,8.255063572367694,1.0159203985166685,"(6.610990811577512, 10.153977611744764, 7.620297922491423, 8.82228163509037, 8.399800916444475, 8.001864518131617, 7.53548678143253, 8.885925889389915, 7.827694397436929, 8.58913658161821, 10.317280334489388, 6.521482845221029, 8.41534680603004, 7.991754550632313, 7.699522540981308, 8.708544920421422, 7.040203798001786, 9.5482602360634, 8.566779965990257, 7.844638384165188)"
n:vglvel sigma_4 z2:108.0 z1:1152.0 data:neg,40.04655090049584,1.3978952095538622,"(38.39862768519235, 41.71676746213178, 38.25599318338211, 41.872502089963795, 40.618674077837774, 39.43689658622839, 39.706532594513725, 40.3425074346941, 41.94129730550816, 38.193289513748645, 38.17745950456268, 41.95876891810404, 41.18038746470921, 38.89901930211409, 40.768140405369024, 39.291662187071935, 41.72757153626178, 38.38885349099458, 39.42046764809111, 40.63559961943764)"
n:vglvel sigma_5 z2:108.0 z1:1152.0 data:neg,19.816695524874476,1.9304562067631699,"(22.717927229204964, 17.127165920034486, 22.00202858379824, 17.690779045824367, 18.662284438813092, 20.857533153550573, 24.106181191015477, 16.13672456714693, 21.3851420152999, 18.201703934590416, 19.585295649782918, 19.87740366374374, 18.074585912092207, 21.537587666700176, 19.87781076903662, 19.5714999870208, 20.09880052637276, 19.36549696978149, 19.82512439215361, 19.632834881526776)"
n:vglvel sigma_6 z2:108.0 z1:1152.0 data:neg,3.2297402019392423,0.586650776932607,"(2.638635657458588, 3.799203424732525, 3.813570336557894, 2.6567526654371934, 3.198141472789283, 3.178278167987029, 2.5144244920829375, 3.9849742805869504, 2.207115230728744, 4.61074502929194, 3.5272619067576123, 2.8933703068483556, 2.757069981576991, 3.6964618019379056, 3.4315621180053655, 2.9053536178048303, 3.366726412036286, 3.008467844142475, 2.816348996807936, 3.590340295214006)"
n:vglvel sigma_7 z2:108.0 z1:1152.0 data:neg,8.164561993204662,2.0036978639702268,"(8.954079157843926, 7.010969230250264, 8.788060503546768, 7.18230246146486, 11.00829433430772, 5.732463846127462, 4.9055051475699, 12.800934851050977, 8.734426357447333, 7.232375351003543, 8.69356962822498, 7.276204477374546, 9.158565686650256, 6.8997709407642, 9.015377042151892, 6.94831735734088, 7.8297439975702705, 8.055002869713471, 5.417707276332494, 11.647569347357535)"
n:vglvel sigma_8 z2:108.0 z1:1152.0 data:neg,12.165978201922394,0.9131080076889566,"(11.759110833445373, 12.483866721718428, 12.955312866943494, 11.375739797787293, 12.865106449342058, 11.458146824577701, 11.894030489620501, 12.331799284957121, 10.518407349486786, 14.022152086709578, 11.333056348131803, 13.023536390362445, 11.03348094698864, 13.369001112140667, 12.549895733121287, 11.694378738713926, 11.149157975425963, 13.212735436699267, 12.60197209991892, 11.688676552356627)"
n:vglvel sigma_9 z2:108.0 z1:1152.0 data:neg,17.066343802574924,1.2049637595060667,"(16.49231142890548, 17.562205152144788, 16.28926297803929, 17.800413779145803, 16.54464916906711, 17.531900674250934, 16.619797456269822, 17.411048207952284, 15.92878893453179, 18.213018808512444, 18.536186569101737, 15.656400926915632, 15.951596132014188, 18.188904758220236, 18.13517705724333, 15.959525639397711, 19.499706692379025, 14.870408183927394, 18.227669766268132, 15.907903737211289)"
n:vglvel sigma_10 z2:108.0 z1:1152.0 data:neg,17.253670952726186,2.0058852841883894,"(16.023097899032027, 18.31010920377867, 14.34865088760031, 20.49751954967509, 13.74879713343473, 21.396849667365885, 15.062117179156187, 19.447954122216682, 16.20940127742368, 18.15431713368879, 18.817486068910018, 15.648771204495945, 19.24477765245878, 15.295122679179634, 17.354110474795572, 16.894625218849555, 17.10559472157553, 17.19168425779362, 16.49681879697385, 17.82561392611916)"
n:vglvel sigma_11 z2:108.0 z1:1152.0 data:neg,16.573534247523668,1.5819634758704266,"(14.249834719526483, 19.072186113479503, 14.067370956202057, 19.366656119703936, 16.027562088482945, 17.011710390969892, 14.47450762256065, 18.737000756433925, 15.796844476635018, 17.268929500599537, 17.21585300971416, 15.85881284176193, 18.3466172489312, 14.87156348588166, 15.739459160039166, 17.244549332461535, 17.60988017207593, 15.474855148988146, 17.136241552855186, 15.900250253170494)"
n:vglvel sigma_12 z2:108.0 z1:1152.0 data:neg,6.733133706458921,1.849085371039967,"(5.416433463342141, 7.658138959311055, 4.734811462931245, 8.97741451091263, 6.562627347561694, 6.467982365415243, 10.06730538627514, 4.122351172720421, 7.783621202109276, 5.474167788639738, 5.646525638946563, 7.577394461877364, 4.3902495881256485, 9.739709556513516, 5.585386747891868, 7.370081738033568, 4.514749822941689, 9.396046648940056, 5.487949009430139, 7.689727257259418)"
n:vglvel sigma_13 z2:108.0 z1:1152.0 data:neg,14.736473199916526,3.5962240240252887,"(18.694960674081784, 10.917194398957552, 19.59912567621308, 10.494713753310844, 13.870902765204175, 14.823710078303643, 14.129317735530828, 14.364249138340153, 16.58567755855459, 12.398679935176693, 10.829465211159144, 19.054020332335547, 19.83833132642581, 10.390125784852561, 18.248099937888085, 11.15578680111004, 17.302279536712327, 11.874383228107797, 19.80638200684581, 10.352058119220116)"
n:vglvel sigma_14 z2:108.0 z1:1152.0 data:neg,42.2572502113597,4.64958121376193,"(42.516463486980626, 41.50378269896839, 43.64561883890794, 40.458536058841105, 47.764683654122884, 36.97036200824661, 37.50449747508384, 47.01772184504058, 53.27115533700094, 33.14297482072706, 38.314537317943206, 46.10481612146958, 38.6646581846351, 45.67975162896657, 37.78273326912367, 46.695160191323566, 41.32564416750799, 42.726217598168944, 42.791839381766316, 41.263850142369066)"
n:vglvel sigma_15 z2:108.0 z1:1152.0 data:neg,102.68947644249297,9.475598728299724,"(99.83691009656484, 104.7743001326412, 92.17267085357747, 113.48907990101902, 95.65814559692588, 109.3529706801925, 99.04754969742179, 105.61086741693737, 111.76874578007337, 93.59071225253541, 99.95545502480402, 104.65300334910557, 83.7125515816612, 124.958105065199, 98.94606949447312, 105.72066205057916, 115.0338918243727, 90.9346885284016, 103.69055987500883, 100.88258964836517)"
n:vglvelerrordevby10 sigma_1 z2:108.0 z1:1152.0 data:neg,2.588672003831233,0.41967407767131065,"(2.342973385344257, 2.7915478593747505, 3.1238777469782986, 2.092155114106404, 2.8469942108799264, 2.2967298612802884, 2.546175415073841, 2.5675685179936383, 2.064859606116891, 3.168588912961044, 2.5009406043198106, 2.613728202455349, 2.438893582150013, 2.6816292178846135, 2.8485912175580848, 2.2917930621238423, 2.3415547715229383, 2.7925856809275897, 3.610924430679411, 1.8113286768936694)"
n:vglvelerrordevby10 sigma_2 z2:108.0 z1:1152.0 data:neg,5.942579743265405,0.5633314378228739,"(6.410792657341298, 5.464190430329469, 6.668067481949985, 5.2518442647247605, 5.939542234039772, 5.895985089044245, 5.379919488599704, 6.499053998221451, 5.400045940904347, 6.488384106470205, 5.120672806570128, 6.835192497176349, 5.245861413907344, 6.676353334612682, 6.079184673443519, 5.755804533983086, 5.732763838159847, 6.108622088633925, 6.556259406016683, 5.343054581179309)"
n:vglvelerrordevby10 sigma_3 z2:108.0 z1:1152.0 data:neg,7.1807615642153495,0.8719993495135027,"(5.79501324906092, 8.777549602338803, 6.654830555704139, 7.641696583617274, 7.328313044609193, 6.938514703433918, 6.59964049975428, 7.701150249388186, 6.796867965906451, 7.484118771712287, 8.993552974372832, 5.651996041907444, 7.3768075512418525, 6.893377063906022, 6.737772802797519, 7.5443933768870135, 6.1293926329876385, 8.296891335730907, 7.393562755546367, 6.879789523403958)"
n:vglvelerrordevby10 sigma_4 z2:108.0 z1:1152.0 data:neg,40.01192062309426,1.3962076022500476,"(38.36698525457508, 41.679168560506184, 38.22250352159222, 41.83668554215747, 40.592050043462926, 39.39448877643209, 39.668649028111496, 40.3114828910516, 41.90573450305242, 38.15955653123935, 38.14844926561526, 41.91787116238409, 41.143325329667555, 38.866638715983484, 40.733373688717364, 39.257645634569094, 41.69137717908626, 38.35573195767485, 39.39022658641644, 40.59646828958992)"
n:vglvelerrordevby10 sigma_5 z2:108.0 z1:1152.0 data:neg,17.973936968906642,1.7535966184707665,"(20.64454918098073, 15.509633467975325, 19.9870742140607, 16.01912214211311, 16.966923450010405, 18.870171670383435, 21.86284563123349, 14.643244250429598, 19.397280820913316, 16.507135969370022, 17.76914998983056, 18.015145190236304, 16.41635208205925, 19.503074081518722, 18.06356138305295, 17.72260635523727, 18.22435294932291, 17.568234567299275, 17.98601820614519, 17.802263775960302)"
n:vglvelerrordevby10 sigma_6 z2:108.0 z1:1152.0 data:neg,5.411710185241642,0.9597657854174914,"(4.556033117250168, 6.250817000589157, 6.424972839135021, 4.420757907564787, 5.339304059009289, 5.327013563488563, 4.48388715653135, 6.33275741158084, 3.688510748772063, 7.72572682200443, 6.107729075358822, 4.6485427963096395, 4.736513374966052, 6.007359097848109, 5.983053213483448, 4.736367249881654, 5.678885206434518, 5.008709900423744, 4.641549345752834, 6.135713818448338)"
n:vglvelerrordevby10 sigma_7 z2:108.0 z1:1152.0 data:neg,6.958188540883589,1.7261116451712817,"(7.759831239460299, 5.893925704112288, 7.567185229276536, 6.041603609209053, 9.466608954248601, 4.826303283528468, 4.253215801055174, 10.744413615215288, 7.435709327535633, 6.152278885891401, 7.3869129913050795, 6.183539088374917, 7.899662411413805, 5.78767385069006, 7.777928035477985, 5.868977250265008, 6.693937656797247, 6.828715321753744, 4.5553520614527345, 10.039996500608492)"
n:vglvelerrordevby10 sigma_8 z2:108.0 z1:1152.0 data:neg,8.210855705538917,0.6047919528045038,"(8.074416432090839, 8.30961335512312, 8.807201309772966, 7.616033190794068, 8.740285483723339, 7.674751208568391, 8.115950105394862, 8.259793703562275, 7.081415817414186, 9.478822545568665, 7.678694259497404, 8.728070439374761, 7.553938967023433, 8.881116107092682, 8.576479215335922, 7.813443604758254, 7.532341498604558, 8.905416201691802, 8.39834324586265, 7.9909874195241555)"
n:vglvelerrordevby10 sigma_9 z2:108.0 z1:1152.0 data:neg,11.750774647930838,0.8184080661923083,"(11.446266312976471, 12.012283319622659, 11.2790847075194, 12.185298843238671, 11.45922916887555, 11.99533566411626, 11.475613041591421, 11.973560611948578, 10.957266831300261, 12.54935923618201, 12.79988193320288, 10.733222270096276, 11.067710122635887, 12.420152113373483, 12.590595103230763, 10.908837052604177, 13.411974768873522, 10.249348897859464, 12.50435021895673, 10.99612274041225)"
n:vglvelerrordevby10 sigma_10 z2:108.0 z1:1152.0 data:neg,8.806543074665456,1.0203095770081954,"(8.322019140771227, 9.206918756530857, 7.369467943047988, 10.393659165608655, 7.081772065645286, 10.81434681088495, 7.7884069821919235, 9.823424214849311, 8.227151867655902, 9.315435636951253, 9.73355079827265, 7.860121799625785, 10.000795169951198, 7.657335640343583, 9.001576639410464, 8.497785454888099, 8.731661498083193, 8.770132289745092, 8.275872744935912, 9.259426873915759)"
n:vglvelerrordevby10 sigma_11 z2:108.0 z1:1152.0 data:neg,7.905299488464003,0.7277855994133458,"(6.973216771113483, 8.898077530641979, 6.74914325479336, 9.186782579585827, 7.7160476654122405, 8.034641159367451, 7.058018101474366, 8.774215159587584, 7.459116270257858, 8.320778559630387, 8.398865676642703, 7.372510896844982, 8.985297224569377, 6.900156335951988, 7.678168573018633, 8.06408148558646, 8.413894891383245, 7.368061912350266, 7.919362276919922, 7.835553444147928)"
n:vglvelerrordevby10 sigma_12 z2:108.0 z1:1152.0 data:neg,6.254111717797382,1.7007733526852078,"(5.413692932568683, 6.753001644102749, 4.566753367902936, 7.995106267011456, 6.29057843379115, 5.800964576274856, 10.045126012093142, 3.6199589889862227, 7.186522883392043, 5.0915462545706145, 5.275407342213753, 6.883615669437689, 4.274994591336174, 8.539021333993377, 5.472895975893242, 6.641030642556381, 4.270795552877718, 8.547234215270363, 4.803407117687247, 7.610580553987859)"
n:vglvelerrordevby10 sigma_13 z2:108.0 z1:1152.0 data:neg,7.2129291854927615,1.7759589043225856,"(9.495099590628982, 5.175247862087699, 9.635193135143727, 5.093234894251896, 6.91815385497188, 7.09716180106717, 7.176806162515497, 6.826109405675948, 8.007764733968605, 6.141323636202846, 5.4131288238328965, 9.050869708791614, 9.993094134919586, 4.910681247167746, 9.127115329014769, 5.360126409030909, 8.54064181668762, 5.747169724732438, 9.212798047776392, 5.3368633913870065)"
n:vglvelerrordevby10 sigma_14 z2:108.0 z1:1152.0 data:neg,34.77192855996818,4.0419075549319,"(35.22273341384042, 33.896411927026655, 35.82962373108324, 33.31897982763387, 40.65030321921056, 29.367411180395063, 30.413067198379085, 39.23982800650155, 43.91451997378926, 27.187256769970112, 32.098993154390165, 37.18390455159104, 31.620121756409013, 37.75377522790733, 31.06760162459319, 38.4153716229467, 33.9508981152723, 35.16240104191295, 35.72886042012446, 33.416508436386465)"
n:vglvelerrordevby10 sigma_15 z2:108.0 z1:1152.0 data:neg,105.08865736894676,9.681166036783535,"(102.19413282795247, 107.20139375110956, 94.26634199681251, 116.21688029439352, 98.30816523212313, 111.43880805915428, 101.19168962591984, 108.26315420030798, 114.374997218507, 95.78452745980663, 102.55178987204674, 106.8272767695379, 85.63243777302287, 127.93450920443091, 101.36393890909169, 108.07914791182132, 117.7166406582747, 93.06539339295813, 106.33878922977438, 103.02313299188903)"
