0.0191675232432714,0.01979582021446748,0.009206177080194495,"(0.02176504472488879, 0.01572471878532438, 0.01330836305104159, 0.026094435787023765, 0.021327691642384627, 0.01548454883103535, 0.012347115659428004, 0.025618752030298002, 0.013048894291766255, 0.025621728333918667, 0.016499432884496023, 0.020829186248874844, 0.011527218465757267, 0.025710102053671025, 0.020211682673435167, 0.01798490017463126, 0.025195925839703013, 0.012646365501179669, 0.04985768697540153, 0.005112610335090357)",-0.0682473263030922
0.014425882040158725,0.011067276981584058,0.0038145615403712536,"(0.00950126475009921, 0.011986988432562535, 0.007580758177991958, 0.015178732045281551, 0.006006457329419049, 0.018504202522701303, 0.010792371201182344, 0.009999708884136621, 0.006656347542851223, 0.01684072413866474, 0.00959102118905947, 0.011910275844659476, 0.008916141206968785, 0.011589695902022912, 0.00924662543329631, 0.01283740241149653, 0.00588383085482382, 0.018443053118587842, 0.007580486367736076, 0.012299452278139354)",0.8804694911928959
0.008612203867114266,0.0008643866046019092,0.0003193466524113884,"(0.001204214162653612, 0.0005460991904692271, 0.0009209715835614308, 0.0007143641166950352, 0.0009069752006787146, 0.0007244951184973125, 0.00106116931933981, 0.0006186404954032621, 0.0015813943154616506, 0.00041564508052443653, 0.001352240648419359, 0.00048639691434572473, 0.0006993345940494711, 0.0009378644136571174, 0.000832945420353513, 0.0007905654452816303, 0.0010776760609905202, 0.0006094148633758882, 0.0005001449731142052, 0.0013071801751662652)",24.261463848167953
0.0009217990908455977,0.0005994596999442227,0.00011477018292451592,"(0.0005600274549014982, 0.000620914712712387, 0.000599115569483449, 0.0005804641335705435, 0.0006353075271420968, 0.0005472269561940629, 0.0005358341523535551, 0.0006486542573708291, 0.0007784850777304068, 0.00044661653465881656, 0.0005876029318887974, 0.0005917961764104935, 0.0006181015248938827, 0.0005621514565400819, 0.0005465411451298349, 0.0006364631851132535, 0.0005454075497994855, 0.0006373182611561877, 0.0009430195757673064, 0.0003681458160674848)",2.8085638855640482
0.0005455114045675955,0.0031156838986089942,0.0005195990568566245,"(0.003099227889157944, 0.0030553980847950603, 0.002816430125282452, 0.003363424580126269, 0.0042599074796250015, 0.0022209133625959955, 0.003366525951628165, 0.0028072393620493193, 0.0039356392604834025, 0.002404644164117773, 0.00289801913111823, 0.003267874837822256, 0.0032618576799137615, 0.002892586961722585, 0.0035727514746370192, 0.002654460616058879, 0.0025858732755078646, 0.003655395558619522, 0.002654429531855884, 0.003541078645062502)",-4.9464533472981245
0.0029076856523817464,0.001495173358002984,0.000238881521082269,"(0.0011615395221996195, 0.0018803894831866575, 0.0015816903196669589, 0.0013812169201536514, 0.0014635320773942013, 0.0014915705809423695, 0.0012826266161908638, 0.0017008336214028893, 0.0020068154935125857, 0.001087982824866286, 0.0017308796176525392, 0.0012619583340441227, 0.001386704029160193, 0.0015716969527456552, 0.001497423540559738, 0.001459949984187712, 0.0012312195535779213, 0.0017720829604823333, 0.0015545623250133697, 0.0013987924031200112)",5.913024531907195
0.0014572529624862316,0.001996538113095553,0.00027829124595315873,"(0.0018207678247987532, 0.002151601626160978, 0.0018710989400069584, 0.0020944666895093837, 0.002319928800520931, 0.0016873567641513168, 0.0019816081574239525, 0.001973608940280517, 0.002326844195074057, 0.001682813969343923, 0.002145306654963075, 0.0018263117755629612, 0.0023596661212517424, 0.0016553333140998975, 0.0021309566685541325, 0.0018408385692370412, 0.0016084487719587935, 0.002432042362870996, 0.0023984181787229334, 0.0016233439374187199)",-1.9378444649318662
0.0018734834294383924,0.002211303066462175,0.0004625574544678779,"(0.0019911933068979108, 0.002358137602334201, 0.0022527273971665275, 0.0020851770784094414, 0.0017087879411226857, 0.0027456628163187126, 0.0016430067086538964, 0.0028528497912412767, 0.0028362820451403167, 0.0016546836692102715, 0.0021211262849749057, 0.002213966776542387, 0.0015808620465502618, 0.0029614340413816674, 0.0016196894152984012, 0.0029030136466041885, 0.0019335524054685089, 0.002424849196999828, 0.0023714807535835216, 0.001967578405344584)",-0.7303301109100221
0.002165093513173493,0.00717795478810938,0.001382854536554563,"(0.008379508652887505, 0.00595613889322904, 0.005705252218323107, 0.008758892379072717, 0.008197146456293138, 0.006073185205987741, 0.0075426775633439785, 0.006580020656773706, 0.00573849799721569, 0.008683445542392483, 0.007762559707432758, 0.006432138125603315, 0.0051218186312719325, 0.00965343307221888, 0.00724792429349908, 0.006916286476530841, 0.0088033297015135, 0.005642893952937756, 0.005551794753783553, 0.008812151481876895)",-3.625009820212638
0.006759730724472966,0.014291790319314239,0.004157940806126698,"(0.01893422412848323, 0.010083982578343436, 0.012848416699208458, 0.014896813919580339, 0.012533422037940653, 0.01515787801991602, 0.026898355764197225, 0.007020591048353164, 0.018686951871360942, 0.010185400970565152, 0.011901674889735585, 0.016055341939875234, 0.015225715621019162, 0.012310714080034611, 0.01483523643648646, 0.012981601138261821, 0.014776252074967923, 0.012803072364989482, 0.010979253576668166, 0.01672090722629765)",-1.8114879326186732
0.016974372175954443,0.006012434490752291,0.0007513361475668051,"(0.005884989745306861, 0.006073609010945334, 0.005549015156638909, 0.006448153462186224, 0.00551265141392855, 0.006470002329855417, 0.005868800461109075, 0.006061799291149018, 0.006206998250814382, 0.005750819996602885, 0.006577131331106351, 0.005436349231128548, 0.00638921484323486, 0.005550602097776631, 0.004363917650389328, 0.008220829825244969, 0.005414105879034247, 0.006576071931187331, 0.0064091890185618, 0.005484438888845108)",14.589924524065935
0.009856616760732354,0.002024435296932216,0.0004420045580366322,"(0.0016600912933447379, 0.002361887319779413, 0.002391923053688875, 0.0016398144309961663, 0.0024613020533140392, 0.001591921614088904, 0.0015809654279967463, 0.00247627253730679, 0.0017053156892309629, 0.002298241079616143, 0.002799028881682282, 0.0014009851631492116, 0.0013608010307460047, 0.0028739500250220726, 0.0019383941098904207, 0.0020252297958205617, 0.0019237292174629932, 0.002035586711121071, 0.0018161991869882208, 0.0021470673173987166)",17.719684834451474
0.0021224945619647702,0.0034841348395859024,0.0005236393733307892,"(0.003707626620969362, 0.0032077849635996675, 0.0030391746998868615, 0.00391476220176327, 0.003423567444050527, 0.0034716088417354697, 0.004064281918713853, 0.0029219942183331075, 0.004086187555363558, 0.002909396577738594, 0.0025721815000416164, 0.004624420594078921, 0.0034869841547314462, 0.003403029578714786, 0.0029713080924577448, 0.004007260028070366, 0.0030575592731268983, 0.0038853884528573675, 0.003871463423460685, 0.003056716652023937)",-2.600339750924283
0.00346385381749995,9.958440254648311e-05,1.7881630178563504e-05,"(9.994571965110912e-05, 9.623533716086607e-05, 0.00011921754449721956, 8.067885722667105e-05, 9.245860386441549e-05, 0.0001040278325499353, 9.430678328518826e-05, 0.00010198866644562911, 0.00010831929751878513, 8.87956674879355e-05, 0.00012669206459398785, 7.59188861450308e-05, 0.0001125215116775466, 8.547872899158723e-05, 0.00013473395931862042, 7.138784031909625e-05, 0.00010992483414738672, 8.749845577087618e-05, 7.757723471353228e-05, 0.00012398022556424308)",188.1410912404705
0.00011215941643798393,9.958440254648311e-05,1.7881630178563504e-05,"(9.994571965110912e-05, 9.623533716086607e-05, 0.00011921754449721956, 8.067885722667105e-05, 9.245860386441549e-05, 0.0001040278325499353, 9.430678328518826e-05, 0.00010198866644562911, 0.00010831929751878513, 8.87956674879355e-05, 0.00012669206459398785, 7.59188861450308e-05, 0.0001125215116775466, 8.547872899158723e-05, 0.00013473395931862042, 7.138784031909625e-05, 0.00010992483414738672, 8.749845577087618e-05, 7.757723471353228e-05, 0.00012398022556424308)",0.7032364368308961
0.12259763373302893,0.12515402764527161,0.0037080022751612217,"(0.12302788376413681, 0.12836864098411235, 0.13063688432606066, 0.12193254018996863, 0.12311121240984105, 0.1265915003502657, 0.11946530486218397, 0.1290033724790968, 0.1258741363541744, 0.12450936095041049, 0.1260459842037851, 0.12602605612260062, 0.13063936168385934, 0.11933757724374927, 0.1297057340267986, 0.1217758756023327, 0.12472866600994992, 0.12607358579789116, 0.11838959749155518, 0.12783727805265982)",-0.6894261984053226
0.008604599723983175,0.009752037914072408,0.0034750588974078963,"(0.005872084547513203, 0.01266034833230015, 0.005625225402343908, 0.015094439594532624, 0.004448633125759912, 0.017315568717950834, 0.011534376945428318, 0.007691831505002352, 0.010003239055486805, 0.008600768388367297, 0.00865368261267072, 0.010477624668594126, 0.009531414066545422, 0.009610024412459266, 0.012763549410180293, 0.007007121167135513, 0.010310293566800625, 0.007732069289442159, 0.005404626206795616, 0.014703837266139028)",-0.3301924439165984
0.01569826075631117,0.007549902668355542,0.003443807887608882,"(0.014328029749790201, 0.002902045678356743, 0.006958527479114506, 0.00667896418497672, 0.013461864124481238, 0.003174620972957113, 0.01010037797086696, 0.004797429416303335, 0.010696977815683214, 0.004402188505664749, 0.00584928060299067, 0.008429284133198519, 0.006062341467891147, 0.008243278730204608, 0.005394972736579103, 0.00907674681276891, 0.01212524625606089, 0.0036485744874261905, 0.010425036975819651, 0.004242265265976378)",2.3660896176218547
0.00965180180046602,0.0009028083515406331,0.0005593479579069575,"(0.0002571447548789075, 0.002297996829011823, 0.0007710439254549961, 0.000768647578542964, 0.0006041033077419445, 0.0009788318197113716, 0.0002567167023088723, 0.0023133000673454885, 0.0008073206419914582, 0.0007352571856571131, 0.0008074471188128043, 0.0007358999483480882, 0.0005413963803689882, 0.0010986167333590865, 0.0010352403777414512, 0.0005744741607290338, 0.0014325346098588048, 0.00041350392621131057, 0.0010772897691249293, 0.0005494011936132292)",15.641414838919825
0.0006588820802968866,0.0005963826220602774,0.00011146950173075276,"(0.0004449169467144293, 0.0007722866502723961, 0.0004738354525949508, 0.000725922889290894, 0.0006502951912659938, 0.0005284793178755147, 0.00047679094804182803, 0.0007218568499192342, 0.0005186984619544615, 0.0006633168512971119, 0.0005303834033357448, 0.0006490110069552094, 0.0007586889819877134, 0.0004538481968010875, 0.0004533170769255696, 0.0007594555591398842, 0.0005862967051540947, 0.0005865055577510428, 0.000563454711466072, 0.0006102916824623163)",0.5606866207007232
0.0005237377988735821,0.0030061201893606497,0.0004356103466945694,"(0.0026862955076826984, 0.003275362479918137, 0.002874169975990571, 0.00308468243150183, 0.003000038488106095, 0.002938688179852674, 0.003844360920331441, 0.0023122189345047882, 0.003065767870157604, 0.002894184057641422, 0.002847729394496376, 0.003125284002268621, 0.0033665435895164427, 0.0026454216749010936, 0.004022944032247004, 0.002210735453930771, 0.002756668390806329, 0.0032047396020525964, 0.0032417494650096154, 0.0027248193362968847)",-5.698630460280604
0.002146859003588055,0.0014864388792149245,0.00034659254652997287,"(0.0014807127960314958, 0.0014121563237574344, 0.0010953732757177932, 0.001916352923522825, 0.0009343745121721221, 0.0022398683070253837, 0.0013602940993555953, 0.0015455767828607963, 0.0013200100281462917, 0.0015910588451163957, 0.0018978194777540872, 0.0011084670867469665, 0.001414995644706887, 0.0014875727009611643, 0.0016059779368977978, 0.0013097460171439866, 0.0018093215934608898, 0.001158291373603485, 0.00198497599101543, 0.0010558318683016586)",1.9054654549993852
0.0014172569424694879,0.0019451204126001412,0.0004384699451351336,"(0.002130870536721655, 0.0016859433001432781, 0.002250376060295514, 0.0016039919033438111, 0.0011782449750072064, 0.0030519542167828278, 0.0022511388529475535, 0.0016070991604339635, 0.0016837246277889876, 0.0021456269846599463, 0.0019286383993820596, 0.001877087462492555, 0.0021126504965315036, 0.0017153591326530136, 0.0019261149796276856, 0.0018799278011458105, 0.002769293142323236, 0.0013012288484422142, 0.0017920183102448802, 0.002011119061035126)",-1.2038760603488323
0.0016193287217600768,0.0021628010434877575,0.0004206443875123066,"(0.002425967404368365, 0.0018515034016680855, 0.0019105150784066013, 0.0023610862634309403, 0.0016640809806330223, 0.0027012834595155077, 0.0015733767427976578, 0.0028736624923741396, 0.0016878021728821558, 0.0026752773062488923, 0.00187472006436356, 0.002413153456560953, 0.002062456312765205, 0.0021960185054125305, 0.002162482339096294, 0.0020930105422904167, 0.001922988395848535, 0.0023427638068236425, 0.0015420403597742308, 0.0029218317844944227)",-1.2919994604986391
0.001595732383714293,0.006730204730982097,0.0012341469648601293,"(0.005728888845251181, 0.007557950408724771, 0.007096684564995865, 0.006180042635930977, 0.006489353155255216, 0.006687633993641015, 0.0074458448348468905, 0.005931916365491596, 0.0055188667487778, 0.007971135391898065, 0.007530301433674445, 0.005875658886071224, 0.007803288655128033, 0.005690114725325492, 0.006453004224991267, 0.006866820222967782, 0.0043099638885880365, 0.010137492910785304, 0.007508070779981442, 0.005821061947315517)",-4.160341104796797
0.008998022209594293,0.012026484779995409,0.0021783167709624103,"(0.010611187614693127, 0.01289988422218271, 0.017215865849567948, 0.008131999942299134, 0.01307326692570751, 0.010512784964613164, 0.011338103085982407, 0.012501551617943711, 0.010903089668776633, 0.012909342513869144, 0.013259379946776386, 0.0107229498063951, 0.015679279553943062, 0.009124306207509557, 0.012651851623475442, 0.011267514738713442, 0.009512733254266006, 0.014619900191875644, 0.011618571293924747, 0.01197613257739334)",-1.3902764789636632
0.010714928181191,0.0055915637431999,0.0009086385153874504,"(0.006461637567156723, 0.0046649421843366675, 0.005819862555129274, 0.005233112878265415, 0.006097072181725851, 0.004952906617296473, 0.0066730068140113605, 0.004590632050331774, 0.004625855189018728, 0.006600948276632032, 0.004361071076300909, 0.007034167612154294, 0.004679154581478522, 0.006575256208790002, 0.005957379376525466, 0.005156274784027761, 0.006698560752377653, 0.00453337980831469, 0.0048375292681827175, 0.0062785250819416645)",5.638506789255415
0.004280825807458498,0.001958973282225263,0.000440540502800399,"(0.0027799057749785267, 0.0013102255114789897, 0.002244511762595263, 0.001628563172499698, 0.0015613219014586086, 0.0023343074103674534, 0.0021216361506780006, 0.0017263368701197072, 0.0017875737364041883, 0.002046678990017689, 0.002306298180368396, 0.0015888851341429348, 0.0019787092099323115, 0.001853810039975446, 0.0026246115025169016, 0.0013968294062510845, 0.0025573020126849273, 0.0014279204015325302, 0.0023501679348164853, 0.001553870541686102)",5.270463238848268
0.0019327282999920382,0.0034714954308097353,0.0007546573827986669,"(0.002556436339921838, 0.004492381282824267, 0.0023469267296254005, 0.004906219496007279, 0.0030694429053085026, 0.0037436291838072455, 0.003699314029846248, 0.003118115441683674, 0.004042970270706538, 0.0028516336219329996, 0.0026081059264454233, 0.0044247789532465545, 0.0025717142451344138, 0.004491341943482645, 0.0037713808738954876, 0.003062176834926027, 0.003328207198621742, 0.0034580326638570533, 0.00403982756369826, 0.002847273111223098)",-2.039027465829776
0.0035827320558403423,9.951126614788931e-05,1.7542788520336064e-05,"(0.00011408373464894754, 8.428503832793281e-05, 0.00011143333485132858, 8.629104350308967e-05, 0.00011694413201011991, 8.222439785193676e-05, 0.00010751794692546723, 8.9434604651637e-05, 0.00012226147599348055, 7.86507440340902e-05, 8.990207216190562e-05, 0.00010695985404964079, 0.0001039762580071501, 9.248203235434217e-05, 6.920597172959874e-05, 0.00013894770903805784, 8.16732515481904e-05, 0.00011773361878300508, 9.494482725571246e-05, 0.00010127327523215234)",198.55570770032435
0.00012882384015073828,9.951126614788931e-05,1.7542788520336064e-05,"(0.00011408373464894754, 8.428503832793281e-05, 0.00011143333485132858, 8.629104350308967e-05, 0.00011694413201011991, 8.222439785193676e-05, 0.00010751794692546723, 8.9434604651637e-05, 0.00012226147599348055, 7.86507440340902e-05, 8.990207216190562e-05, 0.00010695985404964079, 0.0001039762580071501, 9.248203235434217e-05, 6.920597172959874e-05, 0.00013894770903805784, 8.16732515481904e-05, 0.00011773361878300508, 9.494482725571246e-05, 0.00010127327523215234)",1.6709187350043617
0.006601838119811954,0.006903733681184062,0.0018177235442170378,"(0.006729421284849463, 0.006125154514316909, 0.005624395716590965, 0.007577892723522129, 0.007354873630389758, 0.006214926976732516, 0.005260118381283837, 0.008483027562356948, 0.008059675401250578, 0.006722276521926123, 0.008276244561813159, 0.005874799471014052, 0.0061402904212413765, 0.007752060770797548, 0.00632968898955444, 0.008284466105948836, 0.005050820942858039, 0.008427517233156075, 0.002389547083733593, 0.01139747533034491)",-0.16608442044587446
0.017784221080511673,0.009479338450684122,0.004186692093173147,"(0.005883404557381299, 0.01388864344251587, 0.007666191567019351, 0.010493584683980458, 0.011583989164649679, 0.0068503824831187745, 0.012077336189480477, 0.005544065517623718, 0.0034596444584042915, 0.019787156215627627, 0.006177693899492522, 0.012134344652537243, 0.014143437459672782, 0.004082976764014879, 0.012015846135883738, 0.005657405451145391, 0.009984161914577594, 0.008858548013182756, 0.013504006303456663, 0.005793950139917323)",1.983638262620162
0.010360314162552573,0.008374132123855458,0.0035836699807685847,"(0.00895273044130243, 0.007035301788426218, 0.01223740114105782, 0.005098423649356958, 0.01235349065377821, 0.004997579556944193, 0.012355907087740722, 0.0043040550978578, 0.011103884594341359, 0.004881506426942345, 0.013764172558029213, 0.0042235521077009786, 0.003405120905737063, 0.013530022089778751, 0.011901647679861425, 0.0045037536940511925, 0.008825677288020866, 0.007677083642098969, 0.010528748291013123, 0.005802583783069495)",0.5542312906477903
0.005739029468407482,0.0008480740872320461,0.00034745459568084436,"(0.0014029439300647388, 0.00043453251378423847, 0.001332720992364627, 0.00045778507855539607, 0.00126108233957006, 0.0004837950741806107, 0.0009816883429666625, 0.0006189085947503179, 0.0013180721772943376, 0.00046117278159078724, 0.0005393963609477268, 0.0011270356423997798, 0.0012326096819191066, 0.0004898481125416361, 0.0005302166164980542, 0.0011450098991798246, 0.0006936974831309026, 0.0008811729839712286, 0.0008624169044231448, 0.0007073762345077372)",14.076530982678497
0.0013139859067058822,0.0005977899367515192,0.00010998000471455927,"(0.00046733403622102414, 0.0007409497143032726, 0.0007432134948734808, 0.0004659640952284587, 0.0006049379345482658, 0.0005724531329425903, 0.0006510271668300745, 0.0005311767291865762, 0.000683916481773673, 0.0005057189076402995, 0.0006368168186613232, 0.0005432649432491342, 0.0007747120654778039, 0.0004455463369323922, 0.0005803819161526092, 0.0005957485934197884, 0.0007899791086219666, 0.0004386942016964529, 0.0005274872033171511, 0.0006564758539540454)",6.512056185241755
0.0005483256695480874,0.003060267670864031,0.0006060360873511059,"(0.0025281234403317474, 0.0035906537431464342, 0.003360230050267516, 0.0026992499740235635, 0.004453309238767796, 0.00203517960628449, 0.0031456830872536, 0.002853696024886621, 0.0038068444059354057, 0.002361008915406511, 0.003946690393233328, 0.002288756937818546, 0.0028673179140899538, 0.0031041477599928827, 0.0031788582831349032, 0.002826127610351484, 0.0035201075520351474, 0.002590453046637231, 0.003326187500034403, 0.0027227279336490516)",-4.144871986576361
0.0022846485565271163,0.0014716767281003741,0.00026717075931820093,"(0.0015442323162408187, 0.0013638572486280114, 0.0013015949425686135, 0.0016177565919941392, 0.001115221760260865, 0.00188751439751551, 0.001564385871712765, 0.0013389147010363209, 0.0013394587437509575, 0.001564731157976105, 0.0015018962276159584, 0.001398442041656557, 0.0012516451953233476, 0.0016650073267277577, 0.0009759406319736312, 0.0021465209874895817, 0.0012439279203865354, 0.001697362456048329, 0.0015994894810536261, 0.0013156345620480487)",3.042892233047446
0.001917211547482973,0.0019676402159359333,0.0004672581549913375,"(0.0023304539731683763, 0.001581527566480698, 0.0018963865491569178, 0.0019436686100136455, 0.0020839460913795274, 0.0017682290031328749, 0.0025281508307356407, 0.0014485750795161063, 0.0020626442066636733, 0.0017768525229720368, 0.0012209192989326722, 0.00300767669059624, 0.0016783027515209561, 0.002166514508147344, 0.002076755773416507, 0.0017630914584578264, 0.0020899200070003004, 0.0017694851606455595, 0.001278632965382349, 0.0028810712713994045)",-0.10792464061733739
0.0015489735446676141,0.0021739186048867275,0.00046186972858632864,"(0.0028913680090615064, 0.0015700715151640266, 0.0020734283068459397, 0.0021902236648170194, 0.0016569245348259654, 0.0027402991859362446, 0.00204182446576831, 0.0022109982055051477, 0.0015357130313471289, 0.0029417137355511867, 0.0028016138440349935, 0.0016145524935745582, 0.0023384712513157607, 0.001916455694273648, 0.0025649924450528295, 0.0017592088665751755, 0.002535931386103247, 0.001796080382803841, 0.0018668505933765976, 0.002431650485801428)",-1.3530764662406407
0.0013785545645798127,0.0066851775649654464,0.0011020360835872433,"(0.006246476731360112, 0.00703535550972082, 0.006152431656640629, 0.007151324360218078, 0.00673398023142497, 0.006530441434503903, 0.004902294254300481, 0.00881598379311064, 0.006503854796777719, 0.006659110408148957, 0.005025502490916743, 0.008649518375236708, 0.0062925167668212096, 0.006716528863686211, 0.0068944616565525365, 0.006259106689559382, 0.007391467280895778, 0.0060058734719009785, 0.008665716211011386, 0.005071606316521681)",-4.815289698239297
0.00672064033177119,0.01263680982475163,0.002735472443601052,"(0.009861521185255406, 0.01574399348804119, 0.01031980611098642, 0.015077784591628382, 0.010344361562519267, 0.015028281700819957, 0.011615589201523393, 0.01296514817741598, 0.012005168894054001, 0.012592918654562616, 0.010426542547946598, 0.014595751364047433, 0.007238552848073886, 0.01997101469774175, 0.01105260800760407, 0.013587468840766155, 0.01226872776521562, 0.012891015124259702, 0.010888558384004498, 0.014261383348566309)",-2.162759674958462
0.011046516747896388,0.005710109411798922,0.0009297241587979884,"(0.006731241210161861, 0.004755018808361614, 0.007071627372324433, 0.0045315376761942165, 0.006514702500374587, 0.00491729346865601, 0.006218087462321775, 0.005080427644441129, 0.006222006935987507, 0.005085798139449791, 0.004552973829037648, 0.006967562375865226, 0.007139238186439181, 0.00434399583458393, 0.005068418905405224, 0.006223807302303819, 0.004980616555534136, 0.006479712503301018, 0.0055909729121787705, 0.005727148613056531)",5.739774841386011
0.005621435323991199,0.002009961261404952,0.00046289405652203135,"(0.0016119262568089776, 0.002387564574014585, 0.002555610908070246, 0.001506498415824925, 0.0020716803159245762, 0.0018581832164091512, 0.0015812227256875701, 0.0024230999847245577, 0.001758977768289249, 0.0021794745689455762, 0.002003764843488554, 0.0019149278990124115, 0.001427291651810771, 0.0026678992269968346, 0.001360021615275012, 0.002815900289741101, 0.0023103740634836142, 0.0016704102428445364, 0.0026320564042652556, 0.0014623402564815531)",7.801945200422678
0.0019150210034397644,0.0035016438399938215,0.0005458876741173548,"(0.003030752219580212, 0.003962073140449739, 0.0034097679416684413, 0.0035239125465328356, 0.0033438880414512263, 0.003593341966396733, 0.003153500674583021, 0.003796563612351473, 0.0035783329229064397, 0.003347197315374636, 0.005074055757938419, 0.0023608282747609724, 0.0029059276507631773, 0.004097966672093865, 0.0033464389909119425, 0.003575351453970589, 0.00396233084257458, 0.0030375922642603636, 0.0034217574480994006, 0.003511297063208352)",-2.9065005710551457
0.0034545499581881407,0.00010092803945206105,2.4697715675430852e-05,"(7.499045402672136e-05, 0.00012833241523261277, 0.00011192366763302644, 8.598508625757504e-05, 0.00010575252596523102, 9.100272406284918e-05, 0.00014091205275157913, 6.829505248452586e-05, 0.00010198562462574577, 9.436238829675696e-05, 0.00014134286195481924, 6.808686815019732e-05, 6.604046256889605e-05, 0.0001457183729268244, 0.00011774094766143603, 8.173497354648734e-05, 0.00010983513521309923, 8.76206303317784e-05, 9.017315973102858e-05, 0.00010672538562003122)",135.78672468370198
0.00010252258279061087,0.00010092803945206105,2.4697715675430852e-05,"(7.499045402672136e-05, 0.00012833241523261277, 0.00011192366763302644, 8.598508625757504e-05, 0.00010575252596523102, 9.100272406284918e-05, 0.00014091205275157913, 6.829505248452586e-05, 0.00010198562462574577, 9.436238829675696e-05, 0.00014134286195481924, 6.808686815019732e-05, 6.604046256889605e-05, 0.0001457183729268244, 0.00011774094766143603, 8.173497354648734e-05, 0.00010983513521309923, 8.76206303317784e-05, 9.017315973102858e-05, 0.00010672538562003122)",0.06456238137586409
0.01884738672410361,0.018458312580736765,0.0015758864545628818,"(0.02014558977164728, 0.01648823610668383, 0.01772628610864755, 0.019720135367690784, 0.017700493476609104, 0.019734949654416835, 0.019291414000569964, 0.017744454570924318, 0.018407160429960757, 0.01834530516258075, 0.019062204218804002, 0.017389641493342257, 0.02131427713824148, 0.014868815343073941, 0.018449086966896767, 0.01827852308166821, 0.016090085334670167, 0.02100957805609075, 0.018486485488652282, 0.01891352984356416)",0.24689224419710298
0.015794559110148463,0.013339808160060786,0.005858499932931416,"(0.03190024269146629, 0.0044870221950009765, 0.006846691994820552, 0.0223499231612677, 0.012366543126286725, 0.012492726551969585, 0.014707616759117246, 0.010493585974821296, 0.009826035665381597, 0.014840847038093873, 0.011924170669993395, 0.013882794466444146, 0.0124817837439886, 0.011250097241149665, 0.013135425121988977, 0.011635232501805677, 0.011145228489025065, 0.013866704678136093, 0.007919698168773848, 0.01924379296168435)",0.41900673861737064
0.012433314747903466,0.009821257299972422,0.003445394689254453,"(0.009395054035213854, 0.008646417859430879, 0.008262393615555275, 0.010455366202514044, 0.009550512740991616, 0.00912354372301919, 0.013834192491233596, 0.0062936570511318716, 0.005292373239386685, 0.015609190786756181, 0.007256551950644286, 0.012804104166866425, 0.015472201728328463, 0.005157907648711037, 0.00571158828835485, 0.015098221231925571, 0.009518935227262746, 0.009158542067109086, 0.01332730450924475, 0.0064570874357680295)",0.7581301080185578
0.00438995429058786,0.0008992708255778276,0.0004334082587890731,"(0.0013740144168737486, 0.00047603026251323734, 0.0008062466966216219, 0.0008130344507270997, 0.00043139551452790466, 0.001519844245811839, 0.0005902633331688875, 0.001110800054539428, 0.000963788761962567, 0.0006789995812161699, 0.000779312055013701, 0.00084338245220208, 0.00205219130821023, 0.00031852051347244347, 0.0006076718274808774, 0.0010783570835876898, 0.0014543684676808634, 0.0004508601262635779, 0.000699838763807588, 0.000936496595874996)",8.054030799419639
0.0013144576838032575,0.000594584894600554,9.283633189960505e-05,"(0.0006290330716063236, 0.0005491857434818477, 0.00040353579926812006, 0.0008566027009215439, 0.0006280685695565959, 0.0005504107757107841, 0.0006197006814929614, 0.0005578436012437711, 0.0005031654851400004, 0.0006866693138087596, 0.0005770531013035053, 0.000599478285443902, 0.0006747324817721383, 0.0005118961673516498, 0.0005066152711414338, 0.0006822725618104535, 0.0006345509169355531, 0.0005447974470358658, 0.0005998784202647391, 0.0005762074967211297)",7.754214050391257
0.0005530781691885864,0.0031283454048541925,0.0008148345419922525,"(0.003623339988248801, 0.002528211149894532, 0.0020748603599371313, 0.0044280624657443545, 0.004999561977533878, 0.0018384558367334656, 0.002933590764628571, 0.0031330461245380158, 0.0037791993888542674, 0.0024259301978497103, 0.002287063035878081, 0.004031188852521087, 0.003022976040065478, 0.0030277509471012443, 0.0033875109767096726, 0.002712040305600171, 0.0029547413783447512, 0.0031108079869912957, 0.003932897022758037, 0.002335673297151307)",-3.160478726600292
0.004154412804490629,0.0015022361493879062,0.0003463682790707708,"(0.002073839871071681, 0.0010323550104221495, 0.001945584352973213, 0.0011023248532522662, 0.001339834755043226, 0.0016010782005456015, 0.0012630431267283383, 0.001698391349336356, 0.0010850356507098148, 0.001974073389009714, 0.0012722957392978307, 0.0016891585560255334, 0.0013099417445932141, 0.0016335530488365852, 0.0011653511979443083, 0.0018402423704281102, 0.0018892990289395416, 0.0011354586626798543, 0.0018073734378042498, 0.001186488642116532)",7.657100304386777
0.0016564519705821242,0.001980847470307757,0.00035306774874578075,"(0.0022139902345071965, 0.0017164376268005888, 0.002290470626810902, 0.001663089299830091, 0.002455177295874452, 0.0015520058968762776, 0.0013752802724448497, 0.0027706382510105368, 0.0020010337575514466, 0.0019002753715132705, 0.0016753435533299057, 0.0022802586923588502, 0.001997945172706106, 0.0019007126781321049, 0.001756825689447086, 0.0021679525603651145, 0.0019124355593423275, 0.001992544142734416, 0.0024220349996251726, 0.001572497724894452)",-0.9187910843683639
0.0016736614061247314,0.0022109875074778794,0.0005934760977850762,"(0.001283872232826398, 0.0035488883931894797, 0.0025391596282908664, 0.0017987735535876985, 0.002337797163340205, 0.0019542948545732196, 0.002704073921253722, 0.0016895778574811339, 0.002047258674502254, 0.002226909194628027, 0.0015977832778507712, 0.0028669999590358237, 0.0016350476465284525, 0.002784669482706143, 0.0025501690644964005, 0.0017906439556176505, 0.0015400931411918058, 0.0029667185722918247, 0.002601965571505073, 0.0017550540046606298)",-0.9053879395623737
0.002990805554893671,0.007045886837158156,0.0018718329916960143,"(0.006191725659411019, 0.007477165200276769, 0.0069331550755131885, 0.00672751387533234, 0.006370279796816837, 0.007328677382720714, 0.009344633618412304, 0.004996005519445446, 0.012506532902826236, 0.003708615348181318, 0.007619944114003027, 0.006176910876988195, 0.008046973762856903, 0.005740663690318308, 0.008341922209265001, 0.005587780055058337, 0.006327456822733014, 0.00737969947260815, 0.008836356212574812, 0.005275725147821202)",-2.166369168752759
0.005305972519744032,0.013478962681318266,0.002816947263607975,"(0.018273956904680675, 0.009426995188141878, 0.015377382779833176, 0.011365868233651724, 0.011501367906000424, 0.015223270805961442, 0.013223145641598202, 0.013241136255328852, 0.01510171100317371, 0.01144803086763161, 0.0120891563315242, 0.014713930825578439, 0.013487343876847501, 0.012718290269810365, 0.008806713631792612, 0.019820980031114394, 0.013045713246287059, 0.013426193662667021, 0.01704433414802292, 0.010243732016719062)",-2.9013642772659454
0.012607794562329248,0.005950275249982675,0.000979213168979181,"(0.004357319003413345, 0.007880531219830532, 0.004849543413684334, 0.007124747744821494, 0.0054773810918878315, 0.006312824606115249, 0.0054797052346786225, 0.006310206631340613, 0.008151225981218823, 0.00421902340792654, 0.005865184143633088, 0.0059357380863475796, 0.005762112608769973, 0.005948376342570287, 0.005367556738741554, 0.006433417315297904, 0.005668287566298309, 0.006101266069117361, 0.005670113346975545, 0.006090944446984488)",6.798845770514876
0.0034799553691412487,0.002009020020009522,0.0005190931581796094,"(0.0015515540333820126, 0.002436778569828955, 0.00231431120448601, 0.0016370783451305864, 0.002363803975230851, 0.0016032087094112917, 0.0030575613355176582, 0.001239445787150073, 0.002054412959187173, 0.0018412721508048507, 0.0025585791621272696, 0.0014845649291697104, 0.0022475732980090164, 0.001681130178426196, 0.0028019474929989285, 0.001351909019160626, 0.0014519250522140076, 0.0026102512999441833, 0.0019164925425130515, 0.0019766003554979854)",2.8336635263891767
0.0023483978391961877,0.00346630859537995,0.0005279261094828993,"(0.003772526083410384, 0.0031102770453237324, 0.0028603345602013328, 0.004109898254291824, 0.003717911232436697, 0.0031625284218318355, 0.002887680162988657, 0.004071835984871906, 0.0031683760766687717, 0.0037049946679351435, 0.00390708484603218, 0.0030157322833543, 0.002807620036046827, 0.004176943569252353, 0.003382047433888972, 0.003474947752402665, 0.002762652941624457, 0.00425639196959576, 0.004131236832506082, 0.0028451517529351085)",-2.117551559021678
0.004045070278637464,0.00010030630608670049,2.1748550620463184e-05,"(0.00010479376118113696, 9.178084984286961e-05, 7.817236969089656e-05, 0.00012303792536555382, 0.00013635187655390617, 7.053936221928503e-05, 8.663991174051706e-05, 0.00011101320501644696, 9.146082754456259e-05, 0.00010516076947419574, 0.00011849967155053077, 8.116716232614846e-05, 0.00011678894350277501, 8.235400834690659e-05, 7.87309216933065e-05, 0.0001221647603951116, 7.924396204932878e-05, 0.00012137430353347957, 0.00013626978300387886, 7.058174670317329e-05)",181.38054537018849
0.00010750351398781019,0.00010030630608670049,2.1748550620463184e-05,"(0.00010479376118113696, 9.178084984286961e-05, 7.817236969089656e-05, 0.00012303792536555382, 0.00013635187655390617, 7.053936221928503e-05, 8.663991174051706e-05, 0.00011101320501644696, 9.146082754456259e-05, 0.00010516076947419574, 0.00011849967155053077, 8.116716232614846e-05, 0.00011678894350277501, 8.235400834690659e-05, 7.87309216933065e-05, 0.0001221647603951116, 7.924396204932878e-05, 0.00012137430353347957, 0.00013626978300387886, 7.058174670317329e-05)",0.3309281628329688
0.12051922525659871,0.11592110645928899,0.005168620517387539,"(0.10848212657565126, 0.12119369971188548, 0.11885302417287423, 0.11368483640135685, 0.1163741002370363, 0.11604316111092468, 0.10984901418289039, 0.12226792788757751, 0.111112249254621, 0.12049475442273355, 0.11940741687461537, 0.11373941128330181, 0.10852996273986559, 0.12180633447635517, 0.1235589566810925, 0.10767585747050093, 0.12018652978209797, 0.11255699004625733, 0.11262023124193937, 0.11998554463220222)",0.8896220532812147
0.014261243438101187,0.01559002064313189,0.007898337003359915,"(0.022978789774967905, 0.008499808980366732, 0.008826647348880022, 0.022810172612382426, 0.015678795974739444, 0.012325989372748933, 0.013219483008962916, 0.014873518251865078, 0.004005934179047426, 0.038380312138817006, 0.024060706624087318, 0.008292702012981176, 0.010478366827088723, 0.018647255613038947, 0.017359062908706674, 0.011706658145106585, 0.017549115263768685, 0.010825321980014685, 0.02295300877508466, 0.008328763069982365)",-0.16823506067991867
0.013483686263113043,0.012387623409397806,0.005565637848130684,"(0.009435452954540045, 0.013648147468648087, 0.01102088720156927, 0.012035073706560193, 0.005128766279752326, 0.02486585280706763, 0.013938825056216136, 0.009304061475355403, 0.022546946838092722, 0.004538579507764899, 0.012073313583084562, 0.010891078474955669, 0.01859827317907826, 0.0069256566988807125, 0.009169601903724425, 0.01459352940812953, 0.01296567002391135, 0.00967328752844389, 0.006266609776804516, 0.02013285431537652)",0.19693391550500708
0.013107457800649352,0.000918534186190813,0.0004848233116082901,"(0.0022105018617738018, 0.00029376853580552573, 0.0012430133601027452, 0.0005229396037892569, 0.0006923707797886981, 0.0009377868045288918, 0.000607701749838285, 0.0010690737254773189, 0.0013397179814676288, 0.0004815106023264274, 0.0011583923611491805, 0.0005609891632075195, 0.0011800159803045775, 0.0005502730645724131, 0.001421004656192395, 0.00045753221139734513, 0.0005726679156324947, 0.0011331747628486118, 0.0015078117712309961, 0.0004304368323821402)",25.140960268648346
0.0009377844639202634,0.0005926346987389285,7.170820908643378e-05,"(0.0006333448192691012, 0.0005469496303560584, 0.0005574459711517603, 0.0006215804311461347, 0.0006371666052140192, 0.0005436389693568264, 0.0006901768805321282, 0.0005019586019040086, 0.0005266196073319356, 0.0006565718998161018, 0.0005354869965197556, 0.0006470236733960563, 0.0006681374829928497, 0.000518463828863117, 0.0004744359505091953, 0.0007303842407832337, 0.000538305798157195, 0.0006433842305220442, 0.0006428032924846091, 0.000538815064472438)",4.8132531767082245
0.0004938325063016066,0.0031044570622517434,0.000603316508449181,"(0.0024386416105083007, 0.0038195101730426916, 0.001963892358702593, 0.004748120429730944, 0.003084634072744115, 0.0030184525081011107, 0.003401599946374189, 0.0027389215664159025, 0.003041913748832329, 0.0030353048565232013, 0.0024731645147977105, 0.0037691447446539248, 0.002801030061994988, 0.00332539994881463, 0.002830925975893862, 0.003295023745559037, 0.0030969935487720566, 0.0030045178963037777, 0.003656797210312236, 0.0025451523269572605)",-4.327122694952805
0.0027353693272442695,0.001486858382760183,0.00023865984853900412,"(0.0014105287222337859, 0.0015303298133663014, 0.0011029490930739606, 0.001958425884385775, 0.0014679624243298876, 0.0014701424103211735, 0.0015783396942114555, 0.0013678600916290518, 0.0014426898531911946, 0.0014883894892805754, 0.0014118529940094122, 0.001529632492326204, 0.0019236256970444382, 0.001122140755917568, 0.0012049323700904974, 0.0017930279119228627, 0.0017615145530468375, 0.0012246751105108628, 0.0015978673690820952, 0.001350280925229719)",5.231340554881995
0.0016179552930708854,0.001991651100387903,0.00034504064494394755,"(0.002215878590043284, 0.00174082573001781, 0.0020780137828899704, 0.0018581158321565262, 0.0017674626560412953, 0.0021819121264342978, 0.0015950951778289921, 0.002419022581579994, 0.0015252100770031564, 0.0025108882303652514, 0.0022010065622491497, 0.001753802282008726, 0.0021831499347525927, 0.0017669071160302937, 0.0014344960829977187, 0.0026923984983180066, 0.002317073384860748, 0.001663448576114852, 0.0019102648215776337, 0.0020180499644877493)",-1.0830486575798195
0.0017921418410919868,0.0021927971640933043,0.0003768819037914818,"(0.002600230728109255, 0.001799380787379266, 0.0025966876783567725, 0.0018036440812822456, 0.0015429493441904676, 0.0030316789303287484, 0.0021797359656006055, 0.0021472396270674856, 0.001966898792465754, 0.002361487626455589, 0.002654344599899211, 0.001763974333602487, 0.002179423045053557, 0.0021467597243370884, 0.002099230783106603, 0.002231645625011425, 0.002675112020233367, 0.0017476118693730413, 0.002246709763529153, 0.002081197956483969)",-1.0630792271283709
0.0025088936287944877,0.007141999424601636,0.0017479909009801625,"(0.005447061718924752, 0.008863394384429712, 0.007530742468398105, 0.00643123924875801, 0.005403207184136949, 0.008928973115548789, 0.005360586937884181, 0.00901625775899085, 0.007107490108710063, 0.006639170506740557, 0.005579710208183705, 0.008672434387975454, 0.01061202388351467, 0.00454915553681439, 0.0072859636577011465, 0.006652798888611573, 0.004761186671493554, 0.010114815553059124, 0.006865223164896463, 0.007018553107260691)",-2.650531986870868
0.0072976899379919875,0.013661713001703225,0.0023028099301438116,"(0.015388207980402557, 0.011843771401517544, 0.010899404236380167, 0.01682467588291247, 0.014601671379370724, 0.012464423222261121, 0.012155681491953002, 0.015025433782080743, 0.010268259749629503, 0.01697513844087938, 0.012450660680923447, 0.014703356759128615, 0.011521895558176736, 0.01581572848422453, 0.011755385854447119, 0.015624732058055998, 0.013923556698507249, 0.013025782359661812, 0.010244355559861697, 0.017722138453690035)",-2.763590247030853
0.01144199717049103,0.006061140315339173,0.0012941484961135378,"(0.00565551265171643, 0.006242387661391947, 0.005781580249689815, 0.0061223396291451414, 0.006427098359483564, 0.005489838585930847, 0.004504715206973167, 0.007844453841904853, 0.009979624246973535, 0.0034712481287177753, 0.005147602711103593, 0.006871377950146959, 0.00564512008419462, 0.006253431420129102, 0.005981314880105791, 0.005921916532836786, 0.005879800112682355, 0.005991864667627133, 0.005098426258984271, 0.006913153127045768)",4.1578357285204355
0.006553927735210944,0.0020187491002460296,0.0004418104421404193,"(0.0018588400216820841, 0.002095818488779764, 0.0026326990306751287, 0.001481076537943093, 0.002697840183983152, 0.0014437636057812733, 0.00243935336233761, 0.0015975615298161347, 0.002892156461440098, 0.001338485639555349, 0.0021740829883406363, 0.001793068278797877, 0.0021267299564372106, 0.0018317782978165493, 0.0023807568732240334, 0.0016381840766871462, 0.0022374868576413584, 0.0017399376073306716, 0.0017484667869542988, 0.00222689541969713)",10.264987429888569
0.0015571309113126214,0.00353116533405335,0.000803132876404742,"(0.003904999719679327, 0.0030423224367899073, 0.0036221004897738305, 0.0032826445830268537, 0.00356700355782211, 0.0033302360361098463, 0.003797262965482878, 0.0031298185380734533, 0.005270047069681672, 0.00224182622312426, 0.002709362416901875, 0.0043875312100331645, 0.004818165913872903, 0.0024655936984112146, 0.0046047008532920045, 0.0025826159190523576, 0.0030618306151244576, 0.0038778833724682333, 0.003113917675614591, 0.0038134433867320653)",-2.457917588404021
0.005014640883136118,9.904445490510066e-05,1.4591253755362497e-05,"(9.54770337275119e-05, 0.00010069171405399973, 0.00010858831331814298, 8.853434765807525e-05, 8.654795769054828e-05, 0.00011107998745929677, 9.965896836767657e-05, 9.646674614927063e-05, 9.57630382030862e-05, 0.00010038794431970843, 0.00011662038459233409, 8.243653203525997e-05, 8.998273913074164e-05, 0.00010683980373503949, 0.00010521909581285156, 9.136935167748244e-05, 6.899344346979201e-05, 0.0001393425407832924, 0.00010725421633391701, 8.963493958398591e-05)",336.8865013689769
0.00010106933304044627,9.904445490510066e-05,1.4591253755362497e-05,"(9.54770337275119e-05, 0.00010069171405399973, 0.00010858831331814298, 8.853434765807525e-05, 8.654795769054828e-05, 0.00011107998745929677, 9.965896836767657e-05, 9.646674614927063e-05, 9.57630382030862e-05, 0.00010038794431970843, 0.00011662038459233409, 8.243653203525997e-05, 8.998273913074164e-05, 0.00010683980373503949, 0.00010521909581285156, 9.136935167748244e-05, 6.899344346979201e-05, 0.0001393425407832924, 0.00010725421633391701, 8.963493958398591e-05)",0.1387734165476659
0.12069393281674837,0.12085178172011327,0.0028474987604624963,"(0.11904907021839961, 0.12254657373960576, 0.12251473429772307, 0.12070616413710727, 0.1249376431196549, 0.11738061157852371, 0.12301650902990197, 0.12046337901963378, 0.11940613134996031, 0.11747878368835424, 0.11980863481354485, 0.12253362601394156, 0.11794567747545065, 0.12271463469385487, 0.12131657910485899, 0.12132571215299857, 0.11591680217694121, 0.12616953120590552, 0.12472276818800838, 0.1170820683978965)",-0.0554342307559989
0.013148705984983992,0.013908350507287594,0.005589137504153273,"(0.011671517466036362, 0.013775167850181815, 0.014252992634634953, 0.011936851124833723, 0.008250361575337066, 0.018929680140096338, 0.004125735074682659, 0.0305355090420876, 0.01138395604677494, 0.014529087256669532, 0.009442090426436386, 0.017760607539425828, 0.019683958520128154, 0.009571847319531854, 0.019417202314538733, 0.00927524546023226, 0.011614640574065393, 0.015456381525570887, 0.014031956323542141, 0.01252222193094522)",-0.13591444507119602
0.016570658930438478,0.010090225703041005,0.0038710721480807305,"(0.016648919454765806, 0.0051764228154278745, 0.013344278737044312, 0.0067265592858023245, 0.00971196176080631, 0.008641234994005266, 0.009887955489349402, 0.007194994817902357, 0.005423843060763988, 0.016171293058288384, 0.01774375597454032, 0.005035590646528092, 0.008630573815332152, 0.011371824837562376, 0.00967011977651066, 0.009820344373997461, 0.010107162800613963, 0.009381163281251713, 0.014867775290328292, 0.0062487397899990355)",1.674066764839415
0.014627388163582992,0.0008643177881914702,0.0003456781429491934,"(0.0006801537463428692, 0.000940580820097385, 0.0011075274565607175, 0.0005776577832244406, 0.0010220758010741338, 0.0006252175719961366, 0.0011611799423475058, 0.0005486744972172069, 0.0007045135478339585, 0.0009077909093865618, 0.00045531536011443846, 0.0014066496132085602, 0.00044101587988620644, 0.0014554700196060723, 0.0007761513946897717, 0.000826610911935226, 0.0011856183081271176, 0.0005412313167165569, 0.0004293253347514878, 0.0014935955487130502)",39.81469657864475
0.0012716692098624005,0.0006006174429333449,0.00012728987199509106,"(0.0006253003115036049, 0.0005536450399648584, 0.000504408209075682, 0.0006864294078055248, 0.0005081556246876538, 0.0006810620615762787, 0.0006918055481191941, 0.0004997189234085221, 0.0006497654387055529, 0.0005327855488102927, 0.0006439103089117041, 0.0005378353044389756, 0.0006096514511054902, 0.0005684706961924868, 0.00035675038745041216, 0.0009713279278645575, 0.00046723695058353457, 0.0007416559500214536, 0.0005355585376943681, 0.0006468752307467492)",5.271839435543896
0.00044611320768796724,0.0030990082554778536,0.0006674404903733669,"(0.004501329567325112, 0.002041317620154606, 0.003010275577920571, 0.003059355292776282, 0.003025861315808525, 0.003032997638255451, 0.0029024836694839045, 0.0031344954494889783, 0.002887794707528904, 0.0031854096549033236, 0.003339670129021447, 0.002756173937983832, 0.0025453793330667738, 0.003633535882738571, 0.001983315949726934, 0.004654813248315819, 0.0036398647768738994, 0.0025360424345274957, 0.0027222848778500914, 0.0033877640458065575)",-3.9747289624365676
0.0031153376961374764,0.001475335919838688,0.00015478839470474317,"(0.0013357278363405455, 0.0016113656109372164, 0.0015244130862828368, 0.001413328214951643, 0.001380742972117691, 0.0015576364576006599, 0.0017647547492100053, 0.0012134718258834342, 0.0015875733064728036, 0.0013562610668406373, 0.0014020401224180696, 0.0015366970412098596, 0.001499693969602369, 0.0014402446379443872, 0.0013987367829769303, 0.0015429356307276392, 0.0017219640409755035, 0.0012532832851319046, 0.001688472998038709, 0.0012773747611109075)",10.595121032342703
0.0016582993635743028,0.0019921673031153093,0.00042074552782516615,"(0.0019948516897504006, 0.0019056571537709142, 0.0025440910457512314, 0.0014956793370143398, 0.0012823591694751553, 0.0029610591607713327, 0.0022263724284119634, 0.0016969123615393038, 0.001746192842676897, 0.0021774612151365153, 0.0015892034456809292, 0.0023954207957972568, 0.0024425142442685652, 0.0015634861917682603, 0.0019195824256060727, 0.0019877795645626057, 0.0021017858268640136, 0.001815501375101685, 0.0024260820394697434, 0.0015713537488889994)",-0.79351512365864
0.001820273056458717,0.002169051168231818,0.00039057792009925105,"(0.0020884662015020435, 0.002182893381879571, 0.0019263722339201272, 0.002368082830282738, 0.0019081078119107435, 0.0023863401316930764, 0.001594509934328234, 0.0028429419605138393, 0.00253150577649891, 0.0018008240674540251, 0.0019316291013577389, 0.002363423355675831, 0.002145663429366773, 0.0021338839611722104, 0.002009696842081546, 0.002276878912602301, 0.0025450271942606675, 0.0017980713050373622, 0.0030457145354610363, 0.0015009903976375854)",-0.8929795920989905
0.0015840645519888,0.00702985694378144,0.0011926370517697977,"(0.008034486493466029, 0.005968313288866858, 0.006914400496531886, 0.006948111955612386, 0.008376023399524278, 0.00570348148855213, 0.008299502730766075, 0.005678129655227188, 0.0063504695629207015, 0.007549934013698118, 0.006409199576675483, 0.007514116182898604, 0.006849512980012692, 0.00709429693112984, 0.0049549808696758724, 0.009789150185040382, 0.005737537008893859, 0.008455853077896081, 0.006335342856086104, 0.0076342961221542065)",-4.566177433202691
0.007041826129250371,0.013522434659366962,0.003274824780305382,"(0.009013879636243869, 0.019074133455921294, 0.010930285731387573, 0.015787658292345956, 0.02064801436467272, 0.008264544462438088, 0.009287480037939989, 0.01788287024563477, 0.011628612588272023, 0.014780539120045722, 0.013034917269283682, 0.013303973831945719, 0.012350950080695956, 0.014293012549803448, 0.01402143125521148, 0.012545492589550135, 0.010725881345625222, 0.016407496426672875, 0.012752455602163417, 0.013715064301485256)",-1.978917641362255
0.01089279811194733,0.005910867915285518,0.0009428102776496493,"(0.0065027502984526106, 0.005231485445812069, 0.004405155526743813, 0.007733383734601691, 0.005206255512105376, 0.006512898480574694, 0.005161176152528913, 0.006495454907066427, 0.006505011446707621, 0.005228323605614981, 0.005516966965368066, 0.006189170837601393, 0.006252729123345613, 0.005502345913446901, 0.004683488465634679, 0.007335453825318319, 0.004684140478253334, 0.007336062291112854, 0.005470894725309873, 0.0062642105701111025)",5.2841280104427435
0.006394178409374177,0.0019771930066908657,0.0002880063543295876,"(0.0024732402132864113, 0.0015477700904608792, 0.002131950009320834, 0.0017964222086897486, 0.0016651893425447626, 0.002296404102980967, 0.002137595916778774, 0.0017821783656578796, 0.0024192373191482723, 0.0015822214012998458, 0.0024229842558792817, 0.0015817845212938162, 0.001974898406577295, 0.0019455102141463974, 0.002008103992580523, 0.0019124124236542, 0.0018529461528856185, 0.0020726890998574773, 0.002180647193538182, 0.0017596749032361542)",15.33641649318827
0.0020070958719261636,0.003438206491780361,0.0006148700705001524,"(0.004072542956231585, 0.0028151183435507357, 0.0036391856974699374, 0.0031505618390185865, 0.0031490426499177914, 0.0036372602172061934, 0.003484140260400768, 0.0032790204463957204, 0.004328676439976666, 0.002647907345780963, 0.002335660688595413, 0.004913304949727389, 0.0028455080319346117, 0.0040404877812163405, 0.0039466090453619184, 0.002912126753489791, 0.003538785250998778, 0.0032481870118479827, 0.0033206237354082607, 0.00345938039107779)",-2.32750086321504
0.0032106253560768936,0.00010146749854628835,2.715329523212822e-05,"(0.00012641078139218748, 7.602962102283964e-05, 9.263055071837935e-05, 0.0001037557817014163, 7.473238876818919e-05, 0.00012860428269481208, 7.592183983872552e-05, 0.00012658779057103192, 0.00014468262111522025, 6.642785328349815e-05, 0.00011172474426522758, 8.602395390857209e-05, 0.0001293439946761698, 7.43067044072336e-05, 7.875921409726406e-05, 0.00012203038455548683, 8.99171666669409e-05, 0.00010688778533363503, 6.370577792386225e-05, 0.00015086673398507488)",114.50388731647564
7.839807505728023e-05,0.00010146749854628835,2.715329523212822e-05,"(0.00012641078139218748, 7.602962102283964e-05, 9.263055071837935e-05, 0.0001037557817014163, 7.473238876818919e-05, 0.00012860428269481208, 7.592183983872552e-05, 0.00012658779057103192, 0.00014468262111522025, 6.642785328349815e-05, 0.00011172474426522758, 8.602395390857209e-05, 0.0001293439946761698, 7.43067044072336e-05, 7.875921409726406e-05, 0.00012203038455548683, 8.99171666669409e-05, 0.00010688778533363503, 6.370577792386225e-05, 0.00015086673398507488)",-0.8495994055893447
0.013073317605407387,0.01383662845582592,0.0018772920013844507,"(0.013803575618660172, 0.01388187798728141, 0.015285909378303021, 0.012380716990665546, 0.01518649678256822, 0.012308954898386246, 0.015923759593468558, 0.011384504453572312, 0.016501395799130247, 0.011666630644953121, 0.012461782789750037, 0.015215308732385661, 0.015226834801057763, 0.013286863737489833, 0.014052988174600205, 0.012278695664858806, 0.01746251131334985, 0.010095064431263134, 0.014684560952552637, 0.01364413637222156)",-0.4066020895287538
0.011720610359918055,0.015471179049122392,0.002998089179828212,"(0.011989635734059157, 0.019553424372380952, 0.015515652023083047, 0.015526687380065551, 0.015900605991523063, 0.013205071257201346, 0.011515800991729698, 0.020349997541290053, 0.016839351938286846, 0.013871152702275518, 0.020844946322794704, 0.010635634696471259, 0.016224487909018977, 0.014163278381079529, 0.015974224291195587, 0.014974674017114477, 0.01990873042295486, 0.011846811995857721, 0.016850865527043617, 0.013732547487021853)",-1.2509863663959593
0.040460602371736515,0.011756345067986028,0.004102067489804301,"(0.010318145338694927, 0.012041736858504163, 0.010820315994674362, 0.011767378993163534, 0.021500619620101205, 0.005296572549430261, 0.012446273190038604, 0.010014293463086578, 0.009862468561504604, 0.01258521212431538, 0.018249261530534775, 0.006542637164403599, 0.015664771937432508, 0.007831623572300208, 0.01600717893861953, 0.007889494220714418, 0.007847446719163953, 0.015990220695880034, 0.012870523335817435, 0.00958072655134047)",6.9975097618688595
0.009342456370507587,0.000834337124356644,0.00030395604614720517,"(0.0011147264808339771, 0.0005501675115504209, 0.0004259539398050476, 0.001441690206509559, 0.0008792611593758048, 0.0006960524393008963, 0.0013369033262108187, 0.0004590676097208656, 0.0005189362526178916, 0.001182306135732542, 0.0008605375880631549, 0.0007126553267780205, 0.0010132293719942007, 0.0006054869390503066, 0.0004867875116335054, 0.0012605960877711672, 0.0007386246240076771, 0.0008313970457399729, 0.0007186999807375665, 0.0008536629496994839)",27.991281482949944
0.0004368075725036555,0.0005912181305799607,5.974314980154747e-05,"(0.0006703758667673503, 0.0005163687645174368, 0.0005622998031374767, 0.0006158121558054988, 0.000535005265062093, 0.0006465887436058349, 0.0005760834833690838, 0.0006009766060928976, 0.0006429853291728309, 0.0005384029562201052, 0.0005232312043606156, 0.0006614918377063793, 0.00048377035982583575, 0.0007155655791037113, 0.0006007754216824321, 0.0005762777754886072, 0.0006414644996080779, 0.0005397923357842872, 0.0005740438198426676, 0.0006030508044459922)",-2.5845734379459464
0.0005959849665742757,0.0030880810624679443,0.0005945015036802207,"(0.0031784851705868875, 0.0028993440212095275, 0.0022892165121858165, 0.004029394721313048, 0.0035795204323975727, 0.002564938462444594, 0.0036053125985087177, 0.002556112472052937, 0.0034506511849418504, 0.0026703594628969675, 0.002821264934119262, 0.0032603689709397405, 0.0028525260495489437, 0.003228525481571635, 0.003239766335047041, 0.0028464447119509978, 0.004521902737025907, 0.0020384488844898607, 0.0034883916222209514, 0.002640646483906634)",-4.191908818508479
0.003290131137247941,0.0014914751432685712,0.00020222609914846427,"(0.0012312746315089156, 0.0017756360220638479, 0.0016060275451456666, 0.0013621817322752936, 0.00148226531313845, 0.001471886588421459, 0.0012094330029315036, 0.0018079499935245431, 0.0016864187757263632, 0.0012964258080924306, 0.0012337693100346152, 0.0017704910469424026, 0.0015790939638105777, 0.0013841815645715759, 0.0012360637671328836, 0.0017694621609498453, 0.0014397152775548927, 0.0015190627204375406, 0.0016125136868237703, 0.0013556499542848384)",8.89428219974162
0.0018782764409464286,0.001978590514799238,0.0002824722647443658,"(0.0019188615825270097, 0.0020012732035938276, 0.001585231189690046, 0.0024249981597280063, 0.0015157173194618515, 0.0025265363345992145, 0.002237095211933291, 0.001717232558936103, 0.0018871137548137197, 0.00203520500061707, 0.002071004919578874, 0.0018525724468729196, 0.0016983781583988506, 0.0022607571456104273, 0.0023117351058999413, 0.00166209851570221, 0.0019147453150996628, 0.00200707806222122, 0.0017506803911668037, 0.0021934959195337076)",-0.3551289325470329
0.0019450988700715724,0.0022299579572812897,0.0005119828498494433,"(0.002617942932587242, 0.0018083700724160305, 0.002311557514048101, 0.0020504989226072744, 0.0024930596367906455, 0.0018938611088282502, 0.002243416334137988, 0.0021113823281080466, 0.0025969017843762163, 0.0018234442871641785, 0.0023053319518343005, 0.0020522582090807553, 0.003130574326409762, 0.001512290056550024, 0.0020920014765252893, 0.002264328224969236, 0.003445449161174617, 0.001375419304039889, 0.0017228968106500892, 0.0027481747033278694)",-0.5563840415621042
0.0024698569136801926,0.007053426028656329,0.0011782702467484799,"(0.009539177244474641, 0.005078697640985535, 0.005910032954254352, 0.008229340388524471, 0.008470666358950548, 0.005670102672691067, 0.007028935086007366, 0.006904566519448843, 0.006818626517488579, 0.007110608940977971, 0.0075258314882008575, 0.006424458701293271, 0.007771873840915945, 0.006234481567663622, 0.0054402176691633955, 0.008922180952409087, 0.007179666148239434, 0.0067701224043552975, 0.006122986532519084, 0.007915946944563244)",-3.8900830498137586
0.006349259286580768,0.014104339909939157,0.0028575904925166803,"(0.01968603194253168, 0.009717817338962672, 0.014383919259035195, 0.01340266018333738, 0.012362832431372208, 0.015211821419259421, 0.01304444603163379, 0.014716535589337712, 0.010408820235265095, 0.018407542680475737, 0.014086064275105946, 0.013527123625234332, 0.017561862063433784, 0.010896225452768728, 0.01315936278550411, 0.014592204061967203, 0.01558924021731557, 0.01235202193162928, 0.018789385239853275, 0.01019088143476)",-2.7138530323596117
0.014572893010766343,0.006038050751957172,0.0012622468532195966,"(0.0059746969452616865, 0.005858925338704471, 0.0039864567834572585, 0.008810115499348615, 0.003925238103965141, 0.008853530563303359, 0.0053532778473296926, 0.006548881247110655, 0.007388155512228242, 0.004741245028063203, 0.005450583830612455, 0.006411760622147247, 0.006159109850308697, 0.005684364301700498, 0.005452017770906633, 0.006430902214606034, 0.006399604519344947, 0.005485414044116461, 0.005665864507931991, 0.006180870508696163)",6.76162688545387
0.00482422547776089,0.002061758503166661,0.0006263779792677391,"(0.0018294028233958024, 0.0021367111140042994, 0.003446459026813101, 0.001135392722231754, 0.0020471607172630325, 0.0019050467338292596, 0.0013559241940843219, 0.00288426326091439, 0.0019466092959018514, 0.002008516649969496, 0.002320180245389981, 0.0016839131369698504, 0.001121062788495568, 0.00348702279963048, 0.0021955706914387626, 0.0017812723758093534, 0.001868964238072026, 0.002093426087222958, 0.001735129732672966, 0.002253141429223952)",4.410223644553506
0.0023851845590085216,0.003455834338474215,0.0006573852978980836,"(0.0028523707986395012, 0.004044802998334843, 0.0026159596725657723, 0.00441537411598161, 0.003501237993445059, 0.0032890888056898624, 0.0038409957656405096, 0.0030055792280376044, 0.002767084029237126, 0.004170931185656475, 0.0026793243812006135, 0.004305746256655177, 0.00335239849053734, 0.0034424690250848336, 0.0036185095817155206, 0.0031900111065790416, 0.002409765654942778, 0.004793122902109931, 0.0037168664201018093, 0.0031050483573288835)",-1.6286488044210554
0.0030672668735577495,0.00010072622273369673,2.4020357587653292e-05,"(0.00010639057975666501, 9.039206441733525e-05, 0.00010173902223664456, 9.452549503918248e-05, 7.633407922730171e-05, 0.000125982895504721, 6.449832634049081e-05, 0.00014910318174896672, 0.00012928689640040306, 7.438413004884912e-05, 8.625861705095912e-05, 0.00011148899893089452, 6.557512951133215e-05, 0.00014665451680891646, 8.598751873346527e-05, 0.00011184063332911394, 9.361923315872959e-05, 0.00010272386994498817, 8.628740556415065e-05, 0.00011145186092082504)",123.50110276247031
8.040778165232532e-05,0.00010072622273369673,2.4020357587653292e-05,"(0.00010639057975666501, 9.039206441733525e-05, 0.00010173902223664456, 9.452549503918248e-05, 7.633407922730171e-05, 0.000125982895504721, 6.449832634049081e-05, 0.00014910318174896672, 0.00012928689640040306, 7.438413004884912e-05, 8.625861705095912e-05, 0.00011148899893089452, 6.557512951133215e-05, 0.00014665451680891646, 8.598751873346527e-05, 0.00011184063332911394, 9.361923315872959e-05, 0.00010272386994498817, 8.628740556415065e-05, 0.00011145186092082504)",-0.8458842049801663
0.041877220401945525,0.04286443060845751,0.0032527211261237153,"(0.039345886095401676, 0.04540328471415524, 0.04613148673562226, 0.039704378951526245, 0.03949727033582228, 0.04615037994019529, 0.04892592726716427, 0.037191271862299535, 0.04325224325636883, 0.04246814529041616, 0.041424268519090535, 0.04534055749547096, 0.03842581692776358, 0.047245180409538394, 0.04249625604245736, 0.043236786087108514, 0.0393655567995794, 0.04611128067707174, 0.042764536928213075, 0.04280809783388482)",-0.3035028728972062
0.017714731070129764,0.013274140980654043,0.004769031465655109,"(0.014284608570471473, 0.01177454593774745, 0.013558198269676263, 0.012628022525435767, 0.0073408801146599275, 0.02040711037560589, 0.009535792506344551, 0.014953000617020477, 0.01614060210987745, 0.00930377377775845, 0.009841055036976595, 0.016465046319302862, 0.0187327541459511, 0.00834995946410367, 0.013039131913012378, 0.013050608935902059, 0.007048937552045263, 0.019250652194892026, 0.006353863226913309, 0.02342427601938386)",0.93113038180924
0.011389172699609111,0.008495348229355588,0.0029733848211360254,"(0.007759425988414088, 0.008772383637038413, 0.008693992963508469, 0.007907678092034048, 0.011890129505431985, 0.005292236098812415, 0.003821281718471416, 0.015864559381199246, 0.012945895470159993, 0.004847151716505839, 0.007279086631368446, 0.008993597972324595, 0.007023898478980989, 0.009206037116383783, 0.01084356091597921, 0.006330408367454679, 0.005359696316294593, 0.010953666787293703, 0.009653505124434542, 0.006468772305021274)",0.9732424978035286
0.011932908331073216,0.0009048615864292658,0.00044101000449366286,"(0.0007036442070698657, 0.0009470679560084484, 0.0020753756135830454, 0.00032100391540363987, 0.001192502511689078, 0.0005572862095704799, 0.0008832449271688297, 0.0007507589777795673, 0.0009280938713944173, 0.0007151216072318193, 0.0017642180239674345, 0.0003758867065010095, 0.0007862207494565308, 0.0008456160259300888, 0.0004725431241613183, 0.001410962725582456, 0.0010109457523191047, 0.0006554718962670481, 0.0010950516337015195, 0.0006062152937996179)",25.00634142598554
0.0006407670089547747,0.0005988784656791066,0.0001297041489878212,"(0.0007415372413066202, 0.0004636292492561905, 0.0005661797483543741, 0.0006072161663439441, 0.0005498698348857685, 0.0006247151885967622, 0.000520834127239821, 0.0006591732966375004, 0.0005336830200425121, 0.000643502894455429, 0.00046693009242438656, 0.0007355081457321679, 0.0009573431278785953, 0.0003588863259143309, 0.0004674185295625708, 0.0007356151878894296, 0.0005554939565674395, 0.0006178897676481249, 0.0005790537202642961, 0.0005930896925818646)",0.3229545361698597
0.0005991974277925354,0.0030552005014824715,0.00047602474003904076,"(0.003314643800756738, 0.002761020094086518, 0.0024704720254347333, 0.003707121870687831, 0.003573912243142856, 0.002548536032176872, 0.0033281217391371697, 0.002731096350717127, 0.002560531404585356, 0.003557384174931953, 0.0023209951403480667, 0.003936510065949405, 0.003277408411868448, 0.0027839973048271994, 0.0031972235387812613, 0.002863809137086373, 0.00321912702881793, 0.0028178454300175756, 0.0025178289832234694, 0.003616425253072549)",-5.159402163611306
0.0018460604622115957,0.0014862681321693681,0.0002574110318736399,"(0.001347218056320911, 0.0015965668647010107, 0.0015303527520279428, 0.0014058908727722901, 0.001663140733645636, 0.001289877967351564, 0.0014002321093346654, 0.0015299947357495583, 0.0012247004944751182, 0.0017512726865785803, 0.0011339376394615382, 0.0018936660363153609, 0.0018051422735836215, 0.0011894309424436735, 0.001176085331655343, 0.0018294294796030912, 0.0018325034265132885, 0.001167876022824853, 0.0016863841329131158, 0.0012716600851161997)",1.3977346946763551
0.00184570840108801,0.0019834995074955344,0.0003704966157498907,"(0.0015066177976861296, 0.0025327652772728134, 0.0021232155118102486, 0.001797540786297539, 0.001681715100889554, 0.002261377476222901, 0.0016792269981868377, 0.0022602319912159575, 0.0020840877357716225, 0.0018236701237056136, 0.002099077761621648, 0.0018121766875266922, 0.0023370357904148736, 0.0016288252631942324, 0.0015195582041903873, 0.002512271113713197, 0.002554982063714022, 0.0014837388412824702, 0.0016070820585008748, 0.002364793566693071)",-0.371909217385517
0.0020531971809067545,0.0021612537091597324,0.0003404992681350156,"(0.002230143987038869, 0.002051967698498457, 0.0026079553925725126, 0.0017547083120983897, 0.0023865813651349995, 0.0019111288188452282, 0.0016764440420286182, 0.0027148395195826657, 0.0028789203858585115, 0.0015828985786841524, 0.002334980842561934, 0.001952133034158056, 0.0020086587799148445, 0.00227252287620916, 0.002029184194506004, 0.0022562311342971303, 0.0021296281235005754, 0.0021349052431101486, 0.002454930194427974, 0.0018563116601664116)",-0.31734731426832613
0.0025144731817736523,0.006881836735277891,0.0010701566663603058,"(0.006922439527859902, 0.006749118712773737, 0.0057995900254446155, 0.00805545043907121, 0.007689084987639909, 0.006013900142137994, 0.007468932211461602, 0.006149464080763867, 0.00687304591070697, 0.006708799923621219, 0.005659699353416661, 0.008151932632221285, 0.005010438912533537, 0.009251679081096125, 0.007987940043013847, 0.005857425440582631, 0.005854858380262943, 0.007819760883073255, 0.006341879003325656, 0.007271295014550857)",-4.081050645003236
0.007979071619400842,0.012272429543579579,0.002615182810014206,"(0.011035833697567703, 0.013308479531649238, 0.009974178346841212, 0.014724246703836761, 0.013056772266743608, 0.011037523349499251, 0.012000346309479142, 0.011861323715539787, 0.012306754199855371, 0.011649606953671954, 0.01912589389739623, 0.007504998876821771, 0.012209309951207153, 0.011857247481250232, 0.013376239457404527, 0.01100940160425271, 0.00904597379003885, 0.015642836001254223, 0.015426962395912416, 0.009294662341369449)",-1.6417047052077458
0.011281050347721975,0.005831248590824119,0.0009080752275585306,"(0.007506943865951572, 0.004461118781655567, 0.006171001068338282, 0.0054258973351736925, 0.006564733248875586, 0.005059124914917483, 0.005268827680571548, 0.006268004300796783, 0.007685205344711129, 0.0043104728237214765, 0.0051183714588418205, 0.006472033953094823, 0.004879645131170651, 0.006818906630892607, 0.005578308987664908, 0.0060108797920589525, 0.0053162783336866614, 0.006196736715931754, 0.005705218383195688, 0.005807263065231402)",6.001487092154583
0.0052948089286502355,0.0019696618973303894,0.0003611173082234425,"(0.0026992965727608087, 0.0013959896527268325, 0.0017924034708501288, 0.002102226118588202, 0.001404902331482543, 0.0026746899442663084, 0.0019967977467389457, 0.0018783418209401444, 0.0016791473964012586, 0.00223600949326903, 0.0016468864908273722, 0.002279959734369226, 0.0019252997837424614, 0.0019529917371524134, 0.0020837500555836315, 0.0018091031029666578, 0.0016107552527815112, 0.002326550748975185, 0.0021591552067982884, 0.0017389812853868434)",9.207941451707988
0.002253049542904501,0.0034276775049468626,0.00044096075149484395,"(0.0034298029671043146, 0.003380222943278489, 0.0033763863811135304, 0.0034329456426751225, 0.004141943483796138, 0.002792817540844707, 0.0037034270371152853, 0.0031180583443755367, 0.0030293407829018863, 0.0038146853251637717, 0.0025704392315123326, 0.004493000317251747, 0.0034179822888574037, 0.003385560952858269, 0.0032176431631187287, 0.003604555225544192, 0.0032142242241332635, 0.0035906058751486052, 0.0037919278856959502, 0.003047980486447984)",-2.6637925440312036
0.0031876390658499114,9.955404524374216e-05,1.783379476366046e-05,"(0.00010086614682967901, 9.530960958999913e-05, 7.973874797004558e-05, 0.00012056238219270035, 0.00012738142557675136, 7.54695792339918e-05, 9.42457027984476e-05, 0.00010200267286915384, 8.799541391710815e-05, 0.00010924821289041991, 7.302903350218605e-05, 0.00013163608570732207, 0.00011333891112477212, 8.482010462711546e-05, 8.879298615889814e-05, 0.00010826917902208919, 0.00012591717349405928, 7.634608321708371e-05, 9.930406337927207e-05, 9.6807390773748e-05)",173.15916559153712
0.00010000246480354721,9.955404524374216e-05,1.783379476366046e-05,"(0.00010086614682967901, 9.530960958999913e-05, 7.973874797004558e-05, 0.00012056238219270035, 0.00012738142557675136, 7.54695792339918e-05, 9.42457027984476e-05, 0.00010200267286915384, 8.799541391710815e-05, 0.00010924821289041991, 7.302903350218605e-05, 0.00013163608570732207, 0.00011333891112477212, 8.482010462711546e-05, 8.879298615889814e-05, 0.00010826917902208919, 0.00012591717349405928, 7.634608321708371e-05, 9.930406337927207e-05, 9.6807390773748e-05)",0.025144371444645354
0.02578989832524713,0.024137673859846307,0.0023203335533433117,"(0.02110433503082433, 0.02785695314322353, 0.022769950372422645, 0.025616943381783632, 0.024358659742186685, 0.024933865229104957, 0.026208035426455625, 0.021916430970810776, 0.021896429614954385, 0.026039412539189146, 0.021695862312546402, 0.023788987203372605, 0.026106396664983544, 0.02233438313505272, 0.02263831927974035, 0.026684822327322735, 0.02819214967160524, 0.01991230165221527, 0.024755139375073756, 0.023944100124057913)",0.7120633423673821
0.030172512424638556,0.016959926972065106,0.007226759678587604,"(0.01652533208835538, 0.014717719354107327, 0.010334673372747967, 0.024212904103514277, 0.023255723700894265, 0.011538092729558644, 0.013352434745261437, 0.019071342625665382, 0.033567530369590905, 0.006226554324849088, 0.029052939498104894, 0.008327558815074944, 0.010410220783216887, 0.021366046126861604, 0.01675637693964009, 0.015561477146501572, 0.021948856825410767, 0.010634636350114277, 0.021729536237926197, 0.010608583303906212)",1.8282862638592285
0.019322595698507344,0.01189295656464248,0.0061359277328627984,"(0.009811879492355962, 0.011335175488898161, 0.013265714609891089, 0.008584215123013692, 0.010221150561609738, 0.011805163753224403, 0.015879742833217622, 0.007274535727953593, 0.006205214729708251, 0.01580439603110655, 0.009481988151304018, 0.011672645676103528, 0.004147615639012809, 0.02489071253463849, 0.012306080401071917, 0.009573609734440882, 0.004180791083234937, 0.025707432867468103, 0.0205261911502064, 0.0051848757043894385)",1.210842020526612
0.012565941899120628,0.000829345887542918,0.00024358235137027538,"(0.0008077539598856353, 0.0007871611352084389, 0.0005867287317675321, 0.0010845124181987531, 0.0008959492768988273, 0.000711482955366477, 0.0014685980204200545, 0.00043344296529244486, 0.0007948841381092614, 0.0007966515285983272, 0.0008312119907185528, 0.0007646801700431999, 0.0007905858283805125, 0.0008021814213702508, 0.0006502091050039247, 0.0009796308309820202, 0.0005407546920990146, 0.0011744690381512324, 0.001118023823995418, 0.0005680057203684808)",48.18327742364482
0.0008388897104454842,0.0006003530192352116,0.00012677256107532318,"(0.0006598305030963154, 0.0005240012451357692, 0.0005433391186388332, 0.0006364801505039322, 0.00040602709085014907, 0.0008521611458950404, 0.0006059998632827421, 0.0005707335420039471, 0.0007453402447586736, 0.00046336390962333374, 0.00039287289841206946, 0.0008799971319655549, 0.0006457034391926403, 0.0005350977705144022, 0.0006470808258934536, 0.00053459375615956, 0.0005601143239528049, 0.0006170961507689557, 0.000511445510785751, 0.0006757817632703025)",1.881611361219907
0.0007780780387516517,0.003092115746638944,0.0005966671405297182,"(0.003057828808569309, 0.003019116800334666, 0.0032140543196061875, 0.0028751710955189215, 0.00398825064906582, 0.0023226011934408862, 0.00345173072768628, 0.0026787996383347504, 0.0024747480668221972, 0.0037111080296601336, 0.0038995464736868404, 0.0023670069372140443, 0.003613196438916153, 0.0025472370586542463, 0.002867684832532518, 0.003226998649313551, 0.0027362952161603983, 0.0033691260556457303, 0.0042572941428272535, 0.0021645197987889982)",-3.8782724080178115
0.003919424013796427,0.0014966856656896902,0.0003004892252428783,"(0.0014329797220160728, 0.001504903619275575, 0.0016865488809357017, 0.0012793894078798739, 0.001143495717693139, 0.0018896744323632722, 0.001046842222088454, 0.0020619211949378094, 0.0010609039640543173, 0.0020263928924137775, 0.0012031414304790528, 0.0017921545124485387, 0.0013656526202910954, 0.001576184891763518, 0.001302740209775986, 0.0016577023278454147, 0.0014577365771380885, 0.0014780935984385535, 0.0012668832496211778, 0.001700371842334388)",8.062646326664442
0.001270315258382037,0.001985481605018697,0.00035515035060547015,"(0.0023836719007479684, 0.001604668250649342, 0.0022023256921009367, 0.0017382015215200788, 0.002545044326134368, 0.0015070964481735919, 0.0018539544211933715, 0.0020657864756601237, 0.0019178130896540752, 0.0019858971563881255, 0.0014950966628733073, 0.0025578034009507457, 0.0020593537916168666, 0.0018525872550918415, 0.0015168932102733344, 0.0025265163335086317, 0.0016855759331374954, 0.0022665786171320096, 0.0022385857254184458, 0.001706181888149272)",-2.013700241087822
0.0019395330923956467,0.0022200101189741904,0.0005601214996021811,"(0.0015030120030017917, 0.003089475729468456, 0.0019356918193903577, 0.002400867579291846, 0.002323635079861788, 0.002004031972296592, 0.0017681453591238858, 0.0026295775909294617, 0.0017182871900853598, 0.002690547684912866, 0.0018961338971697328, 0.002448290160270376, 0.002960640675996395, 0.001564225929079881, 0.002045036308345021, 0.002275109842725069, 0.0013303003931358969, 0.0034863398532720457, 0.0019367781935960848, 0.0023940751175309002)",-0.5007431901431186
0.001462006067019183,0.006954282119535273,0.0009027502735299347,"(0.007689451532938603, 0.006196114421532311, 0.006700959931106584, 0.00712872346927702, 0.006912314581699494, 0.006954719330940289, 0.006036459424567665, 0.007924962557226922, 0.007056091625163968, 0.006658597951722198, 0.0070158645259917295, 0.006785171048784265, 0.0058321370548186195, 0.008100115030804747, 0.008287083248951976, 0.005785338308607854, 0.007011852151208022, 0.006768689982558627, 0.005310829938607212, 0.00893016627419734)",-6.083937289811266
0.007374703788371423,0.013577848402944537,0.002956034969471398,"(0.0142797706030709, 0.012360769467108781, 0.010500875604376564, 0.016894019657914365, 0.010591927073168781, 0.016955372985043436, 0.015233821147828883, 0.01167801850177492, 0.01872537041375372, 0.00917505807157109, 0.01513769929129391, 0.01164092337121488, 0.011643452715647498, 0.014912234064291279, 0.015489837703312161, 0.011533711628007735, 0.011449578305458352, 0.015301550897290728, 0.01869471688169963, 0.009358259675063077)",-2.0984679405475264
0.009473267354424407,0.005937437354740868,0.0008015353112628434,"(0.0059375780365772315, 0.00584034594334787, 0.007578376374534325, 0.0045856076887421954, 0.006503757072584901, 0.005370977350261323, 0.006258045803695933, 0.0055596234805875624, 0.006717119167947196, 0.005104023734825833, 0.007200129018292005, 0.004812770444797149, 0.005024056803769884, 0.006854402840489721, 0.005397702154692817, 0.006457306942517028, 0.005478242520025765, 0.006310094587286454, 0.006011823390517683, 0.00574676373932447)",4.411321560010538
0.0065155992934412274,0.0019903518020152767,0.0003563022770819406,"(0.002091466014318519, 0.0018378998667897709, 0.002172489125835646, 0.0017706169370609807, 0.0025333868934257135, 0.0015210083771551774, 0.0024024701581487674, 0.001601751073838781, 0.0018575557084188237, 0.002061454113715322, 0.0026629911493376733, 0.0014431049018973432, 0.002204397417816177, 0.0017396845534870238, 0.0020879935962310097, 0.0018440963969092105, 0.00251571558654047, 0.0015263436093587038, 0.002131342974943332, 0.001801267585077086)",12.700585380725078
0.0022173296265999287,0.0034953611973085955,0.0007763106250243056,"(0.0031764339342061952, 0.003671469185304384, 0.003130707982544841, 0.0037274561968960378, 0.004196992206203541, 0.0027846419445469502, 0.00433277844631158, 0.0026941810478688984, 0.0028119412283019733, 0.004133257735081573, 0.0031013997744098036, 0.0037592278215233923, 0.005112453827736751, 0.0022762285787359376, 0.004709670850676302, 0.0024799146132617896, 0.0027682353496777173, 0.004208805796466716, 0.0032849269466083205, 0.0035465004798091817)",-1.6462889074443012
0.004792681759893959,0.00010036823280825908,2.2916787782231256e-05,"(9.195512874340292e-05, 0.0001045517927329699, 0.00017044159227621184, 5.6407051361451513e-05, 8.936499906653329e-05, 0.00010758327287226915, 0.00010029607903145291, 9.585739947280248e-05, 0.00011219034822929838, 8.569268566350162e-05, 7.682686075204398e-05, 0.00012513923523410744, 0.00010558569813753514, 9.105357841225614e-05, 0.00011754111042561783, 8.179396135193294e-05, 0.00011027355263794926, 8.718336833689287e-05, 0.00011106418850406104, 8.656275292289092e-05)",204.75441722787735
7.005604211535795e-05,0.00010036823280825908,2.2916787782231256e-05,"(9.195512874340292e-05, 0.0001045517927329699, 0.00017044159227621184, 5.6407051361451513e-05, 8.936499906653329e-05, 0.00010758327287226915, 0.00010029607903145291, 9.585739947280248e-05, 0.00011219034822929838, 8.569268566350162e-05, 7.682686075204398e-05, 0.00012513923523410744, 0.00010558569813753514, 9.105357841225614e-05, 0.00011754111042561783, 8.179396135193294e-05, 0.00011027355263794926, 8.718336833689287e-05, 0.00011106418850406104, 8.656275292289092e-05)",-1.3227067851282355
0.12295449526940239,0.12294568551840693,0.0061853632070656105,"(0.12045272595799822, 0.12595607265343053, 0.12787565948234225, 0.11909232633116794, 0.12065782273714164, 0.1261221004327485, 0.11938174178551204, 0.12738440144403493, 0.11295923282019116, 0.13049087127759187, 0.11756010907791398, 0.1281414505417322, 0.1334666160001155, 0.11052308029301994, 0.1195263575344001, 0.1282642861158718, 0.12919228986459583, 0.11588427578099691, 0.11997287351015958, 0.1260094167271736)",0.0014242900053783904
0.03223376167492683,0.025270120156381488,0.009287724285368167,"(0.03688076462097341, 0.015125906719384817, 0.03420944876450368, 0.015222090818837982, 0.01756159888821711, 0.03015534708427874, 0.02922373787132127, 0.020892367407204272, 0.035735270112760294, 0.017800211764293764, 0.010814989015163872, 0.04829804972614008, 0.020676684454600736, 0.03204947728412296, 0.026874529196518615, 0.02151725881982895, 0.029252038454750807, 0.019725488729622438, 0.026267998382086735, 0.0171191450130192)",0.749768329096055
0.02862461222237141,0.014956288427160243,0.0058662431693653665,"(0.020169859450012078, 0.009498740854598465, 0.009778309667124205, 0.01877984799135804, 0.02495134714109645, 0.007349598158914059, 0.009866055693310158, 0.020552728934048768, 0.016900156207143455, 0.012220742177945741, 0.010416592653624736, 0.017361519053050996, 0.015186265521865753, 0.014091330562669936, 0.019935019500992232, 0.009871942575138236, 0.019483615165915312, 0.010093367974647393, 0.006220977732461493, 0.026397751527287353)",2.329996115161019
0.005852483069876453,0.0010055679297960762,0.0006700384502020996,"(0.00038034476816006617, 0.0018169259554721418, 0.0009606386664114708, 0.0007193591346196342, 0.0005434692499353612, 0.0012689046457240768, 0.00022495933363585974, 0.0030734964978919024, 0.0004007323800051814, 0.0017227295052316474, 0.0013830783029495919, 0.0004980596914856909, 0.0006366615106920086, 0.00108639011365464, 0.0013716378596033175, 0.0005042062339520147, 0.0013459150177928224, 0.000514106106989038, 0.0008069615731028294, 0.0008527820486122276)",7.23378656645515
0.00038598255144585826,0.0005966288556942465,8.761209327456811e-05,"(0.0006739884782006824, 0.0005174737658080075, 0.00048182143426339196, 0.0007237920180749975, 0.0005260301819649759, 0.0006626904860778345, 0.0007004759774044828, 0.0004980244176004117, 0.0006120092704397321, 0.0005699139963634516, 0.0006579430374514629, 0.0005297035388885076, 0.0006275467428378092, 0.0005560519234996396, 0.0007576447053956476, 0.0004604531843100004, 0.0006762329802398997, 0.0005159031613879036, 0.0005412748574206453, 0.000643602956255441)",-2.4043062592768143
0.0005059998691430053,0.003103391417202941,0.00039887059031298725,"(0.003082938621583134, 0.0030753377684682756, 0.0027878665474606475, 0.003395696909418125, 0.0033677444631006704, 0.0028119882523276753, 0.0029932579653679284, 0.0031737680587216586, 0.004050064174251605, 0.0023477024812828392, 0.00370407801592155, 0.002555861240020437, 0.0029332725841833347, 0.003244522118950263, 0.0027262656019649304, 0.003480452190223191, 0.002956112314144655, 0.0032096867461678196, 0.003377174859305985, 0.0027940374311940844)",-6.511865279467721
0.0027717626802397106,0.00150007617520778,0.00023206702124064317,"(0.0013233119539563043, 0.0016622157861541857, 0.0011851382408431615, 0.001854694135204728, 0.0012128445756313536, 0.0018118973110160788, 0.0011774481940981243, 0.0018699754420708798, 0.001453310489055436, 0.0015153111539198526, 0.0016638387440671219, 0.001320330274986041, 0.001391427925963656, 0.0015839431988728403, 0.00123857603737459, 0.0017768978415878727, 0.001284050167092793, 0.0017139677694983232, 0.0014529280838952942, 0.001509416178866967)",5.479824312103563
0.0012366753543809658,0.0020455549752467915,0.00042332853192126403,"(0.0023424525752724938, 0.001715735359762083, 0.001665211045364509, 0.002411813440844668, 0.0023613380180238, 0.0016991964178369972, 0.0028719784720763705, 0.0014010147420087853, 0.0014221894259917438, 0.002828705984005136, 0.0018779047989057537, 0.002135179982065517, 0.002325490851350306, 0.0017323968259435694, 0.0016799269186763032, 0.00239448470823951, 0.0018615354950309564, 0.0021609693382762005, 0.001797631721148498, 0.0022259433841126325)",-1.9107609335821272
0.001922929533047455,0.002235654029306796,0.00046392118021685094,"(0.0014524228345102177, 0.0033057660928174143, 0.0018682426030903728, 0.002568788108294307, 0.0016714934521200266, 0.002866977362008533, 0.0018107210524132113, 0.0026543040539865745, 0.0026441528392875213, 0.0018166637838818655, 0.002028631418466379, 0.002360229453874797, 0.002330253351380671, 0.0020648668919109547, 0.0021423095341682194, 0.002243417131096774, 0.002728800837480884, 0.0017614121897427573, 0.0019809627903724218, 0.0024126648052320006)",-0.6740897152252541
0.001966188105864071,0.007283002074360528,0.0013405073527357914,"(0.009112075631144587, 0.005643435161937249, 0.007500737980579472, 0.00684587814064259, 0.008661497088882981, 0.005899110068536534, 0.008768963307010982, 0.005883290843404979, 0.00809729645126531, 0.0063588041111063325, 0.007753025944067011, 0.006571459099299995, 0.00819678176171214, 0.006317126833556392, 0.007054060980441668, 0.007313676608577035, 0.0055982142912224435, 0.009218712478215898, 0.009576686758404934, 0.005289207947202018)",-3.9662699034403426
0.008088556444038442,0.015346514709020716,0.003512048656678281,"(0.013383126270091588, 0.016782095858964816, 0.019533470164031605, 0.011464038107708189, 0.012494329243973413, 0.01774585221352702, 0.014516795594403319, 0.015573517115020155, 0.01983843105799824, 0.011351668311293125, 0.01958140119359487, 0.011258083133423802, 0.019244841463277495, 0.011835107149138664, 0.014611033458937623, 0.015472842553468532, 0.016338741030135887, 0.013845821143586371, 0.022281122778363534, 0.009777976339476087)",-2.066588186692977
0.01581619047478393,0.006145311801349224,0.0007540500740681596,"(0.00594597164295301, 0.0062697965002750855, 0.005063127776595008, 0.007355097732531919, 0.005700707577752507, 0.006505299147028227, 0.006597048353774347, 0.005665502917796796, 0.005630157754605207, 0.006627044555639932, 0.006064261500642003, 0.006100793456171868, 0.005587253605965176, 0.0067089417557577805, 0.004626693612376152, 0.008079015304810195, 0.005851970854059738, 0.006389338266025097, 0.006152843887505408, 0.005985369824718974)",12.825247295924997
0.005402018905603905,0.0020197574743154516,0.00037531656799792863,"(0.0019479337237678761, 0.002029596088150862, 0.0017677579953007236, 0.0022356784613971653, 0.0016800789039593167, 0.0023491344537933754, 0.0025944489022207127, 0.0015251088810890958, 0.0019743316085289943, 0.0020029920072486248, 0.0020861982602935355, 0.001890357308128525, 0.0022145228760244093, 0.0017884541143740344, 0.0012918935002920395, 0.00306290908281542, 0.0019354395677057001, 0.0020446727605492243, 0.0018883335561469664, 0.0020853074345224426)",9.011756260403404
0.002197731821818614,0.003447028449428147,0.0004532210932814303,"(0.003380203524491367, 0.003460053594272614, 0.0029016064237180387, 0.004030628410918403, 0.0031786306005002207, 0.0036731152927671823, 0.003363745148299963, 0.0034786196237434233, 0.004284600702303744, 0.0027278413289291794, 0.004351884661487789, 0.0026804751561679075, 0.0031601198719661333, 0.0037042851340857324, 0.0037845986461424036, 0.0030924680943924736, 0.0034236193955265036, 0.003419734512731294, 0.0036600375855050226, 0.0031843012806135503)",-2.7564838577223387
0.003118208123096481,9.992522203912033e-05,1.989212214286333e-05,"(0.00011216926767801464, 8.578322065076399e-05, 9.986509118355289e-05, 9.635232097760032e-05, 0.0001331377258750851, 7.227200772233304e-05, 9.276450769504423e-05, 0.00010372737136070584, 7.574629147625019e-05, 0.00012702935049212685, 6.563612956856004e-05, 0.00014659694712661873, 0.00010141712568171195, 9.487645908860851e-05, 9.329256932073899e-05, 0.0001031400202996605, 9.687924554873871e-05, 9.93228690267224e-05, 8.414495044303246e-05, 0.00011435096956653693)",151.73257430154206
0.00011388760769626221,9.992522203912033e-05,1.989212214286333e-05,"(0.00011216926767801464, 8.578322065076399e-05, 9.986509118355289e-05, 9.635232097760032e-05, 0.0001331377258750851, 7.227200772233304e-05, 9.276450769504423e-05, 0.00010372737136070584, 7.574629147625019e-05, 0.00012702935049212685, 6.563612956856004e-05, 0.00014659694712661873, 0.00010141712568171195, 9.487645908860851e-05, 9.329256932073899e-05, 0.0001031400202996605, 9.687924554873871e-05, 9.93228690267224e-05, 8.414495044303246e-05, 0.00011435096956653693)",0.7019052847587278
0.011851651783398741,0.011147112013801664,0.0028013459264294954,"(0.011898847756143274, 0.010837732058725034, 0.014408551470360176, 0.008671455833830194, 0.013809354209959816, 0.008859206942139881, 0.012515218378022991, 0.009636957940132154, 0.006223042851091146, 0.014643624277960203, 0.010018741356467681, 0.011742848798987168, 0.005730161706901726, 0.01613647334072138, 0.013536800447106038, 0.008354227433228173, 0.010602918146412153, 0.012778473726138651, 0.013053046642893654, 0.009484556958811785)",0.2515004530322541
