0.0008637442480615204,0.000861422738679072,3.880530635307329e-06,"(0.0008633516828645822, 0.0008594915566470436, 0.0008689093213329768, 0.0008539425655144131, 0.0008594359100318717, 0.0008634074135182157, 0.0008664914873944349, 0.0008563573809962688, 0.0008664117036493025, 0.0008564369845661214, 0.0008625832180583342, 0.0008602593119593089, 0.0008658383292771745, 0.0008570091676744968, 0.0008597543521118448, 0.0008630886379908336, 0.0008624027454187215, 0.0008604397288910838, 0.0008593585260332388, 0.0008634847496511731)",0.5982453433883225
0.0008805798697908696,0.0008723558848606384,5.06058880074689e-06,"(0.0008720331171137655, 0.0008726709587508623, 0.0008631175938101455, 0.000881611808546705, 0.0008678493275414717, 0.0008768631445598575, 0.0008682287764368211, 0.0008764786526701373, 0.000871723038855173, 0.0008729810161798073, 0.0008770529468728132, 0.0008676579200574426, 0.0008653586669212511, 0.000879359690562316, 0.0008731348954201135, 0.0008715694577954503, 0.0008738052104348764, 0.0008708996995680073, 0.0008791550042058197, 0.0008655667709099329)",1.6251043611797442
0.0002281233457820897,0.0002308611610854846,2.956123841630967e-06,"(0.00023276230140849134, 0.0002289202884315726, 0.00023384575910084847, 0.0002279485022945373, 0.00023470680506991216, 0.0002270193511046169, 0.0002306169049652811, 0.0002309800278979772, 0.0002316970776574238, 0.00022992534089033453, 0.00022648537171632825, 0.00023533245911072702, 0.00022693361604470686, 0.0002349913951490666, 0.0002331451348238398, 0.0002285069684869571, 0.00023270608217895256, 0.00022890516513821897, 0.000234094964514957, 0.00022769970572494272)",-0.9261504084633914
0.0008642126679816963,0.0008695326999269062,3.2727045068086404e-06,"(0.0008668449227330751, 0.0008722035056804884, 0.0008691441167729852, 0.0008698620402350342, 0.0008730869918331814, 0.0008660049801950964, 0.000871495425266295, 0.0008675536105502872, 0.0008673971881638863, 0.000871626301752992, 0.0008746973949712755, 0.000864376724988049, 0.0008676884100491572, 0.0008713346251979164, 0.0008755999392342952, 0.0008636861123743486, 0.000866918799895893, 0.0008721260517618578, 0.0008683558450003554, 0.0008706510118816532)",-1.6255766245140437
0.0008147067273945563,0.0008054893511917466,2.431733132742506e-06,"(0.0008055754602304322, 0.0008049861884890731, 0.0008057633875821335, 0.0008045591001966553, 0.0008103715223484145, 0.0008028203996655075, 0.0008031564009062373, 0.000807229887823556, 0.0008060382093090962, 0.0008040180190923016, 0.0008015689536871585, 0.000811070628086079, 0.0008042005520315755, 0.00080580129586511, 0.0008036954570966486, 0.0008063140449835203, 0.0008039215702700998, 0.0008082966593018744, 0.0008033869624669603, 0.0008070123244024978)",3.790455489831766
0.0005423813926548785,0.0005500901521082187,3.1546230716526548e-06,"(0.0005519527159556974, 0.0005482766248495113, 0.0005433884583730048, 0.0005564220981842714, 0.0005525743311967365, 0.0005476981515483093, 0.0005531549167101887, 0.000546968121202808, 0.0005528078100875425, 0.0005473464888276457, 0.0005467512187465757, 0.0005534375435486809, 0.0005509799958909212, 0.000549258587995387, 0.0005527339603565656, 0.0005474750918244157, 0.0005527408756107606, 0.0005475356961860715, 0.0005504213998620978, 0.0005498789552071827)",-2.443638836795078
0.0009902134169275467,0.0009884591977960505,2.9467306575158814e-06,"(0.0009907409061384969, 0.0009861831331580571, 0.0009865533479892178, 0.000990374853857891, 0.0009881951271327343, 0.0009887399872216122, 0.0009912449186610592, 0.0009856760061338322, 0.0009880701824391748, 0.0009888640779545238, 0.0009833246715552546, 0.0009935511969744217, 0.0009918275014709852, 0.0009850904869366259, 0.000987364309150853, 0.0009895681313448399, 0.0009836609714172124, 0.0009932297625679393, 0.000990478006423224, 0.0009864463773930562)",0.5953103067027685
0.0001050231205180835,0.00010356531822126224,1.8150636380579998e-06,"(0.0001002236190076727, 0.00010579509145143459, 0.0001039258020016467, 0.00010222345714644033, 0.00010628102279203552, 0.00010087662505691604, 0.00010442448495976393, 0.00010294371257787725, 0.00010106103928045274, 0.00010625956917030393, 0.00010496840560065567, 0.00010233492461897264, 0.00010218723973936795, 0.00010486877576850572, 0.00010514149189578093, 0.00010236310636637196, 0.0001026666879858135, 0.00010501926180894978, 0.0001046284985501393, 0.00010311354864614323)",0.8031686968182635
0.0003167518728040189,0.0003236955722227164,3.613192820495622e-06,"(0.00032546908533598085, 0.0003216926010080852, 0.0003287892240188369, 0.0003188075570484372, 0.0003179022422947969, 0.0003302927053051511, 0.0003246945810969691, 0.0003225268727229824, 0.0003210703108148553, 0.00032616370025729695, 0.000322047131311529, 0.0003251420431533369, 0.00032151689405916225, 0.00032572796586006266, 0.00032733423887831305, 0.00031986054774566414, 0.00032755704347787985, 0.00031971710820403337, 0.0003274209440190638, 0.00032017864784189147)",-1.9217627632020633
0.0007357199795216537,0.0007358155327311788,4.336126689140761e-06,"(0.0007311839663680623, 0.0007404384602941172, 0.0007342333865839182, 0.000737404809489938, 0.0007355092230069948, 0.0007361308353394433, 0.0007307390422874266, 0.0007408893567400521, 0.0007331279877854091, 0.0007385127385316054, 0.0007271387609581469, 0.0007444590749311886, 0.0007379361356227956, 0.0007337026827438564, 0.0007368577008553361, 0.0007347817212349819, 0.0007411945161626453, 0.0007304329862034051, 0.0007392944145188324, 0.00073234285496542)",-0.022036535455583126
