6.478785012593077,4.022224362380319,1.0906331084813663,"(2.57721257671014, 5.849587693951478, 5.48339154752968, 2.8120028376168564, 5.046500529280924, 3.0094598134001673, 2.8207427919940833, 5.316981962004034, 3.128641535810303, 4.91175020270827, 4.486223945925487, 3.346107122533051, 2.959227896283415, 5.107718818912761, 4.731061714228797, 3.224686122327483, 2.9673830973432347, 4.918501583491659, 3.278137571552819, 4.469167884001743)",2.2524170879365237
7.929852779431619,7.057498755648756,0.9970581971171806,"(7.219673560868942, 6.768501137001867, 5.936727197009714, 8.289154177618432, 7.082830723608924, 6.924000696664668, 5.5447161566214245, 8.79938192623741, 5.5473114364149545, 8.866002596585622, 7.495425785901942, 6.515176472850098, 5.983512423437973, 8.160230497355274, 6.077805417379439, 8.077233959489993, 6.845035100709632, 7.079955127232525, 7.282113755592031, 6.6551869643942565)",0.8749278891694812
11.308410854409148,9.084940901555996,1.1153719739789805,"(9.365351246114004, 8.685994968024895, 9.911677660641345, 8.224894619383967, 9.064570291350561, 8.990340276953322, 9.010159206179525, 9.024293631079306, 8.05547312300016, 10.12080628274489, 7.0905799970627355, 11.47409327078265, 8.557988485998058, 9.494500760889206, 11.139285911037064, 7.316759115401728, 9.27464187386905, 8.757005190348394, 10.119704703015774, 8.020697417243293)",1.9934784132338748
38.546385852227914,39.99905537451235,1.037319698133358,"(40.24482618160113, 39.72940585745691, 39.25257955195925, 40.73329374131984, 39.38944345336336, 40.59193172775402, 40.87655974058447, 39.11549621569832, 38.412161976191854, 41.62452176733512, 38.68968445688832, 41.326372425243115, 40.79730726910117, 39.191479920223266, 38.89149366636852, 41.11159614967145, 38.59452545938296, 41.428699121017964, 39.47306080296664, 40.50666800611944)",-1.4004067645668894
22.45212576851907,19.92660990019744,1.1943862427236682,"(19.461473749587235, 20.333316822339224, 19.157926252743053, 20.652590467589306, 18.83800632220255, 21.00542844303281, 18.92805998005875, 20.907103631265592, 19.783564762531554, 19.999862791002673, 18.482386993146402, 21.41107512912505, 17.453283850233532, 22.672349647571206, 19.43240764255422, 20.36235276420178, 19.112218557409733, 20.70928984139213, 19.01595474819997, 20.81354560776205)",2.1144884108531468
6.790334887918462,7.573779693193187,2.2572217803621757,"(4.523831334260968, 11.66161330254666, 6.391405884276648, 8.29137561508511, 10.281670678662255, 5.143469482363622, 8.7690458568457, 6.0100539859941815, 7.263081798623402, 7.293964997007577, 8.196698456060759, 6.433821590999337, 4.331914701850293, 12.169902366921697, 6.95140492812647, 7.61232428032, 7.953292072977271, 6.5990245732059085, 4.9103603897970665, 10.687337567938842)",-0.34708366368369
11.82899205293915,10.539254249095523,2.1158761135389748,"(9.292474779480115, 11.515579333122375, 8.973719770729662, 11.929550621993712, 9.48653860883546, 11.286500011292674, 16.417017731577197, 6.517622363310693, 8.327770859194558, 12.856001102568177, 9.329328008405517, 11.471604596226264, 11.788121820748858, 9.072901699159958, 8.797025629376455, 12.170689836404769, 11.07624609296388, 9.661136897555133, 9.247903436838453, 11.567351782126531)",0.6095526082982409
12.83530649754061,14.023210076670408,2.1615396874088706,"(12.843435531368549, 14.967614417418742, 11.640267301457797, 16.5092284695151, 10.79724983092618, 17.807437741071983, 13.85037639668946, 13.880827278141517, 12.435494677551395, 15.455577422104723, 14.318249353935586, 13.428546146155606, 12.512516652311678, 15.35692665489149, 15.914575459880128, 12.079830151627341, 11.731136700644942, 16.401273132646274, 10.920376172229657, 17.613262042840006)",-0.5495636217319643
17.980612272361746,17.974598388920192,1.7535200162088267,"(15.837615894252485, 20.215670544822824, 17.067871872672765, 18.7482396430526, 17.90768909790602, 17.877075200559474, 16.96021599494305, 18.88036284845261, 17.345027568181617, 18.45041492485175, 19.524440848875134, 16.400614829331115, 19.33162170627992, 16.559012914144176, 15.329213709454306, 20.88158159407953, 17.482068110551268, 18.330806424639622, 21.366932063669392, 14.995491987684211)",0.003429606383710515
14.580282212574478,18.485529844994556,1.7038031495665786,"(19.721773385241868, 17.18531823637597, 18.89694563981915, 17.903999382592428, 21.127921015814103, 16.035805681587323, 16.748173569894412, 20.245999299241642, 18.949924458428857, 17.859100813533036, 15.966562695523901, 21.236207028323427, 21.434024666877193, 15.80476416731019, 17.77606446122711, 19.052341764775548, 17.97930005676579, 18.904707881291586, 17.862724041927574, 19.01893865333998)",-2.292076777422036
17.488157506676014,18.534911765248633,1.9701897469068974,"(18.08677444957962, 18.786807102274594, 18.80155926677822, 18.013117388271976, 21.333651027065354, 15.917582145486804, 19.143503108594267, 17.76540804454895, 16.662132284451246, 20.33734382621818, 22.316191873958452, 15.238796974194976, 19.84298932228141, 17.10727532022261, 15.462137150125914, 21.94625334664977, 19.037573632394714, 17.945653190882997, 18.745252972306584, 18.208232878686104)",-0.5312961658723343
17.99740750464338,19.46564045441544,4.086839731883873,"(15.3625119839081, 23.63104731728161, 21.96456652407521, 16.3949952471937, 16.587902417487904, 21.843697661696552, 20.198977726703095, 18.011395607522036, 25.54849198990612, 14.112820749917882, 23.357412739455555, 15.571282325835499, 22.22886468148548, 16.300331785634214, 25.967693669749675, 13.930159577477104, 25.317460683851312, 14.524120467543334, 20.900104838879162, 17.55897109270513)",-0.3592587539749842
20.09622068214825,20.564999308544962,7.287250060899227,"(39.279730118181554, 9.608879525431545, 19.082392710960622, 19.723991476754204, 14.749769305341527, 25.570444106518124, 16.015214943037936, 23.58462905775524, 18.497143374054357, 20.356444747727377, 24.146153479872783, 15.64073652315661, 34.55226739765796, 10.917409969087917, 21.970933544197685, 17.156579589309203, 26.27041212980532, 14.42962314054307, 23.888978109443407, 15.858252922062677)",-0.06432860440895405
35.12885250059454,36.983113062872825,5.389055252073112,"(34.90247429055112, 38.40955837181147, 27.696076011847705, 48.3358706551134, 43.64780007027268, 30.689525067386572, 38.30417260163881, 35.01037461179502, 33.97300491269394, 39.40892449938827, 32.956121414658455, 40.6829297245004, 41.996047224935644, 31.93115606694858, 33.72444649430903, 39.712073442651565, 35.19675912676235, 38.148993678864706, 29.656280193072448, 45.27967279825422)",-0.3440789666361224
99.61814445658482,99.5868664215262,4.199338217408839,"(108.52948306400896, 91.22701125761647, 102.37774943728725, 96.70825785889974, 104.848869245844, 94.42914975228129, 98.29085274859388, 100.72993303381453, 100.71836440769327, 98.3015963825849, 105.83836429360068, 93.546631615203, 103.0780870481446, 96.05180647019375, 98.23108767725077, 100.79073690472211, 99.70983012936014, 99.29679751007947, 101.13880429301364, 97.89391530033132)",0.007448324816742026
5.4186874541079675,4.078041366418399,0.982991387889636,"(4.006368944087682, 3.8480704467209232, 4.042064513981412, 3.9550841491738966, 5.842875787545978, 2.699962492173972, 4.174080360489348, 3.788473523537141, 3.2581679437904794, 4.823457181701818, 4.521077786852061, 3.4816707704928334, 2.7234611474070496, 5.754969856395073, 5.22066683807518, 2.997189526876273, 2.7928104890198138, 5.65073679967967, 4.251138825464443, 3.7284999449029357)",1.3638431670981102
7.580898658307895,6.951250018589774,0.9601240380605259,"(6.084341351532325, 7.739659761754844, 7.555551740863333, 6.292991912298936, 6.476392895338245, 7.3228704545700145, 7.539062340251382, 6.317999826100763, 6.187063231230201, 7.67406991338708, 5.445546170550811, 8.736529840741406, 5.6552466514684525, 8.399797153981297, 7.3152483916399555, 6.496246578374325, 7.421534413350563, 6.373302466693999, 5.771887388934569, 8.219657888732966)",0.6557992663010774
9.611092687706709,8.927806764141245,0.6437323625880809,"(8.756227963418356, 9.032817486063031, 9.314083954463499, 8.50942588040746, 9.929788031956562, 7.981727579895558, 9.128229391474246, 8.70754081588784, 8.701136681110704, 9.121022235974177, 9.470476851718566, 8.390366575200662, 9.397241766502408, 8.452207878211558, 8.356203866162279, 9.50857202921724, 7.906143697349505, 10.005197802537282, 9.819444922764147, 8.068279872509844)",1.0614441082600858
40.54725987671032,40.00749444559995,1.2547915996347314,"(38.56128330858878, 41.469623517088266, 40.05826525743199, 39.91942090127749, 37.43804506756517, 42.71343171387897, 39.16595057013574, 40.82875244913788, 38.62336774506406, 41.40252175889325, 39.97610911418313, 40.00139260088022, 39.63145552713715, 40.34931992373264, 39.68260663636818, 40.29715022434678, 39.11812805167559, 40.87908274845897, 38.51572887858023, 41.51825291757452)",0.4301634082245156
19.26442670797279,19.950786098939325,1.4850234843932046,"(21.613403754366875, 18.322010147445436, 20.917628709337865, 18.92700272273958, 21.5265793160046, 18.39318277279289, 18.945890071992004, 20.898056973543568, 19.527886159104817, 20.27618940566979, 22.589331858888983, 17.527950958116794, 19.048094489464358, 20.78726669066282, 18.974970963715148, 20.866230245735093, 17.676959027045534, 22.39889509864054, 20.115455512242608, 19.682737101277183)",-0.4621875668498176
7.511523710979507,7.760000701555565,2.983619578556169,"(4.85301283244949, 10.788049598351407, 15.9751578847418, 3.295926937250506, 4.939911851146518, 10.644636232299014, 6.650240717605936, 7.932620962886265, 9.723597118877509, 5.4135638774569514, 5.36385003571302, 9.828081715373912, 9.074920740411129, 5.803555606895696, 8.43565078108884, 6.2455782000280395, 10.570245444188062, 4.964446683829381, 6.159369053629012, 8.53759775688884)",-0.08328038613297391
8.400966783955152,10.58584144802941,2.3593328615677795,"(11.831002816615857, 9.02640382926968, 11.481459862790386, 9.302316376118576, 7.832225352641576, 13.640107420862035, 12.349784728046462, 8.660057759321019, 7.179222568509677, 14.889774904114391, 12.442697817695723, 8.595041158007701, 13.076362786374185, 8.178077250929434, 9.999057298665326, 10.696050172489914, 9.239673302410441, 11.553457731200364, 14.247736608657595, 7.496319215867867)",-0.9260561320806618
14.985158710013001,13.999251411126606,2.296285467591187,"(13.261808549816058, 14.405017899611291, 15.882203125650248, 12.017118632049108, 16.914045433033223, 11.290005690760129, 12.17179233938728, 15.69741946494471, 11.472845781827507, 16.651921608781883, 16.82026160344264, 11.360342528621947, 11.354704586278135, 16.8307731875374, 13.31279868598254, 14.353789704267845, 10.818519919342249, 17.643662047909796, 12.732053221341499, 14.993944211946594)",0.429348751625649
18.958194906321545,18.012863277262337,2.258422233271162,"(21.002492208711796, 15.228428987373327, 17.729153057652812, 18.0222574463012, 18.35654983835226, 17.41330062720294, 14.311297232086577, 22.336022583300455, 18.504912457805084, 17.276556325061318, 16.839220302109563, 18.985270176615604, 18.374292290211695, 17.40162164185164, 14.8380487056186, 21.544467512310703, 21.409144929126917, 14.929427359215014, 17.76268990478793, 17.992111959551348)",0.41858055377446535
17.262171220268833,18.338184826061784,1.5430942687746467,"(18.51347204799815, 18.071971268123235, 20.143901587675867, 16.559861640445977, 16.658549664045633, 20.048354602357666, 16.504745120439328, 20.234991462522835, 19.05039747028906, 17.53906721010376, 17.994494211370633, 18.566801402749284, 15.868483402265825, 21.06330485987456, 16.954723686470327, 19.701432898724295, 16.472367413959354, 20.272096832869504, 17.98295687055198, 18.561722868398384)",-0.6973090546486194
16.82278797233371,18.46903776777086,2.9713569117003114,"(20.839892723925104, 16.02091584461737, 18.518987454690706, 17.922326812246503, 15.564590676883686, 21.374276350386584, 21.68630217437861, 15.339398509227552, 19.537929935341463, 17.042094863208906, 15.214712706547173, 21.880610105850913, 20.887768123562005, 15.95140669492818, 13.881179537540431, 23.972614944807532, 16.651773818343674, 19.973997599441198, 22.045271573683554, 15.074704905806083)",-0.5540397348277861
19.259250885618627,19.48179861284031,4.240831270046315,"(19.20701453384485, 19.05808255220282, 15.870313737015412, 22.736148250037875, 22.172319226997516, 16.363528176700125, 23.60943531944311, 15.354263451546748, 19.66183671575649, 18.48474865327866, 23.867516976766982, 15.216765911283744, 26.743591079991578, 13.608080902676221, 12.519750128698403, 28.975339696187604, 19.90092520546319, 18.2286585330727, 18.61429617372115, 19.443357032121007)",-0.0524773831002368
22.8287368428868,19.502266191240206,4.087735567234651,"(24.576504440989506, 14.891612549925718, 17.892611727689204, 20.359334761439445, 16.848447080799033, 21.659425664733448, 22.118955427648967, 16.493154989824106, 27.8516021665599, 13.109640414599603, 22.267017688317043, 16.393506377570088, 13.180873795374346, 27.712600038907556, 18.481086517229638, 19.744145290725815, 20.242375779563382, 18.027571564229866, 18.827156156772375, 19.367701391905083)",0.8137685515447736
39.49403911731484,36.86310107240028,4.5020113060723075,"(48.33117345645626, 27.765464524623287, 32.9346836146361, 40.67741747739947, 30.435968540630483, 44.035326710103355, 36.162029375038536, 37.030487789442645, 34.617412058615315, 38.70860605204348, 40.50622117856913, 33.06798031984093, 35.80387703213493, 37.41846481696951, 36.66838598102913, 36.51652480767357, 35.41294602247532, 37.8646016281359, 38.476082410238995, 34.82836765194919)",0.5843917009639562
103.18030976085542,99.75230085614767,7.227162155857429,"(102.83120181985208, 96.28740730288503, 105.87912888927536, 93.51512786253981, 118.5656212760762, 83.50911600597736, 109.45372168356795, 90.46084488664064, 101.7257940232552, 97.33322959630304, 100.82928005789921, 98.19850728356973, 98.66252760940907, 100.35512182290135, 103.48611746224742, 95.67729864438431, 94.59968367378362, 104.66556744330525, 99.40805358099598, 99.6026661980848)",0.4743229542635126
4.439582152068303,3.7060619046042333,0.5545510954122629,"(3.9632078181476564, 3.4195108987916227, 3.164031711044142, 4.1363549605408645, 3.2007628203727836, 4.261845832859484, 3.243561522354952, 4.120636121296313, 3.5917736042724075, 3.762403246841503, 2.8561312603898954, 4.755968048621997, 4.354229488090898, 3.129323936294698, 3.6711551530314424, 3.669137848895219, 3.1728457807487187, 4.248312672330378, 4.438652004324629, 2.96139336283508)",1.3227279749916614
7.596010291611268,6.8122728423943,0.8816141321900443,"(5.941438736928265, 7.705195499492686, 5.614020403352526, 8.072044971090861, 6.015602704045872, 7.628596867331621, 6.578429295061109, 6.930857820060253, 7.481539864543796, 6.114161348618474, 7.531356830745571, 6.08137636703877, 7.782551398152489, 5.892843489069716, 5.388894948882478, 8.477967897674008, 7.087561667492589, 6.447438406802864, 6.848874957814024, 6.62470337368803)",0.8889801338257386
8.238628320955128,8.975358423112171,1.089988052444122,"(8.009181396204863, 9.92609734882155, 9.21583240942879, 8.598359713369709, 9.000550063397919, 8.842362640623048, 8.391866055643476, 9.460980292676378, 9.436040034918786, 8.423156880677036, 9.309682202155866, 8.539541084145375, 10.887863092817755, 7.3066673131572655, 11.117949294661729, 7.144845694529553, 10.500981011329431, 7.565174147441918, 9.37079670587818, 8.459241080364793)",-0.675906584943794
39.70354211603707,40.00875832010425,1.2863118483812286,"(40.62460377002293, 39.363380909017685, 41.58323071305681, 38.456727086834874, 41.73029732801695, 38.320163769007245, 40.86255452669273, 39.134487697484005, 40.87010419335927, 39.126991488070125, 41.4655517600006, 38.56505375042795, 39.97719744856456, 40.000687957568395, 38.055837230361554, 42.0206040310475, 39.33447775670778, 40.65462890182195, 38.602707199679, 41.425878884342815)",-0.23728010004050037
17.623283822398896,20.070250418821814,2.6160085488147833,"(19.937154469002635, 19.879910631066682, 20.136261964279804, 19.68856487880926, 16.411890172505498, 24.14918529988836, 16.03126000384849, 24.72610090557371, 16.7156049929716, 23.711869185491736, 19.811513240732253, 20.00544188881183, 23.685085862328496, 16.733425876965914, 21.870666849546595, 18.123164085503753, 20.171054431558552, 19.650099330549747, 21.68466982588968, 18.282084481111752)",-0.9353817278355409
4.369627060985885,7.368576184334427,1.7765541071066113,"(7.681226286950807, 6.700350879646337, 7.941382005367809, 6.4227316896280655, 6.471173848909616, 7.971124169006654, 6.870197939048595, 7.464365117868711, 5.533225048335179, 9.294908091048972, 9.717671941171277, 5.298129873596702, 9.293043848197996, 5.5471592352955, 10.266903269251282, 5.003604328451696, 10.382864148587917, 4.9486651571013525, 5.881774379918292, 8.681022429305797)",-1.6880708059225884
14.484815153950695,10.397331609462961,1.4171073938462835,"(10.296006355806728, 10.319983123353046, 10.784726558263621, 9.842690344497035, 11.366519126850893, 9.352692539637237, 8.857830657946124, 11.990732750910029, 9.57664609982411, 11.094545502563225, 8.925186445644396, 11.904066880422594, 9.28034336624362, 11.45242211265104, 13.894881708273134, 7.644560811070319, 11.528916574747484, 9.213583288089666, 9.938252632611876, 10.682045309853034)",2.884385165328628
10.49813274796762,14.073813082012869,2.249761408883661,"(12.11589318513049, 15.951428756616178, 11.623337142149953, 16.636688662687508, 11.989197142040029, 16.12237333443319, 11.10442945874669, 17.408076948490088, 12.653605338375732, 15.274614816366105, 14.373572670630404, 13.443647261428632, 16.867866249290504, 11.457478874103312, 16.785752916524945, 11.513488288125348, 14.276418325203572, 13.537010772596169, 16.90039726935189, 11.440984227966567)",-1.5893597960770038
18.837164553348885,18.027407020003444,1.9299612055069286,"(19.565708389520633, 16.42637301936752, 15.977752301993895, 20.13549861630132, 17.92094683497456, 17.932282637003357, 17.160246272807907, 18.736456590945696, 14.86732148629034, 21.619502611035795, 19.30820502652638, 16.643284813399653, 15.41151758243032, 20.851185195494583, 19.126018624349197, 16.806332684152352, 15.744885450678867, 20.414916577125318, 17.229400903996943, 18.670304781674236)",0.41957192250024894
22.29896263425025,18.641780111616182,1.7776573125419486,"(18.154324966580024, 18.964874122304852, 18.619091954829635, 18.550984640900122, 19.603703377932586, 17.556581199917275, 18.701228537668584, 18.433628129493542, 17.11648757128548, 20.120736907954544, 17.911780431025758, 19.21429631933197, 22.233503430354656, 15.478240040149615, 17.799537206586436, 19.351862289226094, 19.85065137818193, 17.35097248813625, 22.430862374962434, 15.392254865501844)",2.0573045754271413
18.940767657801675,18.767454076780794,2.559646447774272,"(19.678021871295332, 17.56142428295277, 20.22602911839759, 17.191333490728553, 21.961399944898687, 15.724502917029719, 16.52847264946999, 20.958810707668377, 20.284440579139567, 17.04605008063767, 23.070837486783077, 14.96799709344345, 14.485110300544607, 23.83583860517772, 16.975690669766795, 20.375397495364343, 18.771249123121976, 18.423717750223986, 18.395882011709517, 18.886875357262127)",0.0677099687621255
20.202010573295365,20.42755547365248,4.9019616395913195,"(17.16614570395781, 22.981992156351687, 16.874138487177973, 23.75806618376477, 34.40557952283065, 11.44138195427126, 22.569806888394456, 17.591119754524076, 19.890377129261115, 19.862931932810653, 23.908251719553103, 16.473123532934643, 14.6340910782693, 26.892649094500868, 17.40778931226436, 22.720169671836633, 18.31733690733805, 21.583879986537628, 21.200150180611374, 18.872128275859104)",-0.046011151644980694
16.450256682731748,20.370346258501144,5.989240261935647,"(29.140782716647948, 13.158740101013949, 19.171933755210233, 20.104624943853228, 10.26055054817782, 37.346382557934895, 24.912903898403737, 15.423403688667294, 24.75889713986764, 15.4948288063784, 20.600597920147628, 18.603425588034256, 25.332361812885505, 15.125202041050098, 22.125134215358372, 17.345124715093732, 18.907405660415346, 20.294516272978434, 20.61454112505364, 18.685567662850627)",-0.6545220101927373
39.91290117074998,36.92229746646972,2.9818850788267195,"(33.28329061035259, 40.681353572046305, 38.96508997137862, 34.844817211626484, 34.85768905454594, 38.81317208030036, 35.76632520237826, 37.898968390998505, 35.796288151542306, 37.83324730631041, 37.73904077595492, 35.87602343958484, 36.9509900174038, 36.624311690353096, 31.165583652382413, 43.472169978472614, 41.65119524510848, 32.52629252417325, 36.05516002899492, 37.64494042548616)",1.0029238636711553
93.56481885004766,99.91906631601947,9.374907008681028,"(80.3806604664794, 123.18023287379829, 99.1770316634354, 99.83568005140093, 95.3718202154191, 103.81760710689703, 98.5598111608388, 100.46029988500973, 94.639700704314, 104.62115853940061, 103.10123929363772, 96.03483339279765, 116.26736853978629, 85.1596567121874, 106.95601044537479, 92.5738768367762, 97.6788620761145, 101.36615616496522, 103.92368562989083, 95.27563456186544)",-0.677793119450451
4.625719828829532,3.702634311514619,0.7009154583604762,"(5.028973268150309, 2.5213263141506217, 3.3935506604178136, 3.9245337263610773, 2.6411136475902683, 5.064696958369206, 3.911605033846578, 3.463220125862288, 4.307974939155821, 3.0698726106490497, 3.1700730626873495, 4.054453808845092, 3.5062379741445087, 3.803759886716154, 3.0567482830224146, 4.239837465911237, 3.107533199271973, 4.378147351048281, 4.0305933275315216, 3.378434586560815)",1.316971264229382
6.885954516193465,6.95062564448957,0.8778413835106554,"(7.539085698435917, 6.218703714931754, 6.173371514163013, 7.723795858778121, 6.7754519136187215, 7.045251471761898, 6.979486869059562, 6.8697157569421705, 8.951912147805448, 5.302797274366832, 7.705045786275695, 6.112421372419592, 6.0798023734930355, 7.848403501304852, 8.070338294331146, 5.847962744651876, 6.701909420040274, 7.1694487739300765, 7.381610030558463, 6.515998372922931)",-0.07367063060694723
8.467277955224194,9.013830419133502,0.8626340221066732,"(9.463589100447, 8.474687671750473, 8.088805082359611, 9.964668570816524, 10.328122802839816, 7.805156608864096, 9.296399523441913, 8.682931745409954, 9.86870832057511, 8.14843149611802, 9.66358972742158, 8.309334839695573, 9.871998433624208, 8.16698993939929, 8.717264656750979, 9.214056499544494, 8.015791278298314, 10.079901435442961, 10.15168982981163, 7.964490820058467)",-0.6335855645648544
39.592830516078486,39.9985452702527,0.9049677625782432,"(38.80337848676926, 41.21161838338118, 40.52227472714405, 39.46223687206959, 39.46481738865508, 40.519550645659905, 40.06535228983246, 39.911881631572804, 39.84870829691295, 40.12965040217691, 40.689755856012106, 39.30073894529318, 41.12322514884241, 38.88552085103018, 40.29599487241998, 39.684618941154405, 39.78122035266635, 40.19676745278562, 38.0688483592273, 42.00474550144824)",-0.448319565570309
17.74956752739051,20.006039474119728,2.023227017196306,"(18.658446184627362, 21.251933038693863, 18.268191699759786, 21.695881666907848, 19.98495403094146, 19.831298719694875, 22.725050042957836, 17.43800105242998, 17.98701881126735, 22.036471816157558, 20.357314467324002, 19.475759000474717, 22.304522083747194, 17.7693328765821, 21.814611146123045, 18.173388722532128, 17.934683022807018, 22.094870077338918, 23.344870739552405, 16.97419028247514)",-1.1152836174835838
7.82792638830893,7.564267117452068,2.3006036422700302,"(7.884405318940462, 6.574551691804211, 10.152185038147355, 5.175042588857268, 9.062813029101424, 5.801886665600697, 4.090597777212588, 12.89980896216522, 10.048939943479223, 5.2082124105045855, 9.855804637557107, 5.278347888183316, 7.191618187127755, 7.309877104807952, 10.749623921043181, 4.847035806991734, 7.806140036032772, 6.771880139428299, 7.744200357774684, 6.832370844281489)",0.11460438730624041
8.90454266735098,10.429785144381322,1.5715572760969005,"(10.399399005470451, 10.232545644684674, 10.261225446667613, 10.381623154111255, 10.24044406806849, 10.402047473849022, 11.8773499338449, 8.97110947239225, 9.477377018441082, 11.229471693066225, 7.266187331519221, 14.647678000195382, 8.34067220171141, 12.773087946592577, 11.148424149260006, 9.546209425729414, 11.110407727089962, 9.59390753272241, 9.669184684738225, 11.027350977471915)",-0.970529359781537
13.990885128317998,13.992951464779217,1.7435661455288696,"(15.1622640014578, 12.739807607134445, 12.396219429739244, 15.563178592499764, 16.20736111751881, 11.900982348973589, 15.63263996084242, 12.334509559698867, 12.942587759117368, 14.901494964728712, 14.000024394911707, 13.791159400287691, 12.967025825882999, 14.877346540564155, 14.989210131638965, 12.876779390692143, 10.979524402813572, 17.563126940231562, 12.117146399215942, 15.916640527634533)",-0.0011851207747511265
19.938909508966102,18.098707916047726,2.3631403926565566,"(19.536532518435923, 16.523722336214657, 16.191459507423914, 19.900818656782366, 14.92610364174771, 21.583789203479324, 19.94855773831408, 16.14183380010671, 21.068207622341614, 15.296683152234118, 19.10305507277644, 16.889178147632137, 19.340489425707474, 16.65917987765224, 20.655104969230603, 15.61519947008956, 16.386350846819855, 19.64867255652362, 21.768907208797422, 14.79031256864467)",0.7787102275585448
17.55357010964695,18.597298068910533,1.54864339917587,"(19.08860834362762, 18.092343386115097, 21.648728837688672, 15.862536463282355, 16.543465044309777, 20.745882239726388, 18.865640659970882, 18.165175582836696, 18.34791631792217, 18.727151555430176, 17.171664830414862, 20.07763807453432, 18.88770582121079, 18.1767263852379, 17.481504817449036, 19.70319385568811, 17.69636931785516, 19.357991870821223, 20.97224736910778, 16.333470604981713)",-0.673962746891256
16.91741438376236,18.655072865944202,2.411567521285043,"(22.033386369766202, 15.694580960316257, 16.87298434598547, 20.280109323868363, 16.87704904804067, 20.253859554465613, 20.170206686981857, 16.900279000774567, 20.724757675794937, 16.528745302629364, 18.41045213501541, 18.723469057194635, 16.319509163343202, 20.958047350017882, 23.03467362566501, 14.938554119295452, 18.65051006908702, 18.2644017100944, 21.944238660718224, 15.521643159829525)",-0.7205514532953666
24.21776508330928,20.610280491463847,5.548024946239776,"(15.083749917733316, 26.94942664396928, 18.110823398882566, 21.821265853441158, 28.257772267077172, 13.949349529654198, 25.338938302459628, 15.441561605762471, 26.107423346296354, 15.198436259417031, 17.57764244678987, 22.935467392455926, 19.620650015848796, 20.117237107338507, 18.08249770126616, 22.19713201370222, 26.268163718853323, 14.860931149122537, 32.15489097197488, 12.13225018723154)",0.6502286177156502
24.10139831526641,20.157510386941496,4.599474876213081,"(32.79654688640367, 11.91140191537797, 25.315562823336858, 15.289666426245493, 20.92522431076985, 18.481584707052477, 21.1961052478981, 18.20127688746659, 16.711245626603027, 23.19048989760735, 25.71858117529308, 15.148184785219547, 18.84874112563985, 20.52705528012485, 17.03685852386922, 22.834045460971858, 22.808989685846793, 16.9019621095379, 20.552231177816335, 18.754453685749073)",0.857464826848248
36.211766473533466,37.30538855579415,6.477068875257373,"(35.71584163890879, 38.02885273574924, 32.60332104544744, 41.48012005173255, 51.91858523055961, 26.04149158428801, 37.79977383339426, 35.72840439900166, 39.865611335036455, 33.966215819615904, 26.628014076299703, 50.95220542148883, 36.5825968050817, 36.9629285218493, 36.30102325023848, 37.35486904885391, 33.9242250814392, 39.786435906168094, 43.32296734418337, 31.144287986546644)",-0.16884521429722033
101.96449132215866,99.9280128342212,9.466889225636109,"(102.6195237566089, 96.48551150966154, 95.87286959521695, 103.2737817758955, 93.33469959347326, 106.08216407718554, 96.43429387016144, 102.67208464595227, 81.4304903871945, 121.59085710988037, 95.67371630476256, 103.48990550225845, 95.97561110932428, 103.16319137927681, 87.58978762309503, 113.04111077307687, 112.45803230862994, 88.04250780991251, 105.32641441455031, 94.00370313830713)",0.2151159097143255
3.7619354269473035,3.7860989859752543,0.6961833710152369,"(3.8767883506349285, 3.5850368595226616, 2.9774861485199082, 4.6702269799902085, 5.310564195187466, 2.63060425696044, 3.519506243746568, 3.958041924259018, 3.282454014669511, 4.246050448103896, 3.4281280804727547, 4.013820180788589, 4.740494016564818, 2.9294098522023897, 4.119226934066639, 3.3817000692883936, 3.3177680617386303, 4.191226208552991, 4.4845981726011175, 3.058848721634166)",-0.03470861275056497
6.411234678817807,6.919593756642624,0.9784068379909749,"(6.7471316942126744, 6.96832440893416, 6.787336238425009, 6.9282462595049585, 7.800398220995318, 6.0397253528685155, 6.354150178981168, 7.406162434370312, 7.980850846897791, 5.897625364318439, 6.987987524161009, 6.702282279234569, 4.8842430873940925, 9.622562309796548, 7.031724798822182, 6.691983787348202, 6.455039809244173, 7.28519327185033, 7.897082797917798, 5.923824467575216)",-0.5195784187983226
8.968947897022133,8.941246039122895,0.7275431306254708,"(8.362647207664635, 9.50115837938412, 7.937992517014325, 10.009929643011874, 9.52284987858386, 8.350337169816168, 8.037498485419365, 9.8892632423105, 8.19146547099356, 9.703878032958931, 9.298551656561076, 8.532570970392063, 9.117183251300693, 8.713384290294862, 9.674233722970556, 8.215534032297834, 8.232015268504695, 9.652821991912676, 8.146248189185977, 9.735357381880197)",0.038075897817113506
41.36311811885377,40.00409084967458,1.1620641027906118,"(39.400603938401645, 40.58423870407192, 38.96970222212519, 41.03298641561946, 40.48662048162812, 39.495460457090026, 39.43930591315873, 40.544346944817406, 41.251270669058066, 38.76342688354049, 39.46472482236784, 40.51857703232204, 41.778775143136954, 38.27409468125569, 41.56866195223582, 38.4674743196721, 38.66703684771969, 41.354165754265836, 41.335585839000935, 38.68475797200377)",1.1694942352281448
22.1851906377643,19.969383568238857,1.623583100709887,"(20.690388001880777, 19.15262986643346, 20.89494317103425, 18.965046648407704, 22.069299893537476, 17.955310237956226, 20.373053983756748, 19.45067796324511, 21.726633720505433, 18.23881306800033, 17.314305727179825, 22.888957009066317, 21.44777359360249, 18.47638571686395, 19.227101390950622, 20.609893980101216, 17.837158897060682, 22.216253352654565, 19.059504326676365, 20.79354081586351)",1.3647635704982486
7.366741954234588,7.4495644299201516,2.0638956244598585,"(9.785002685211582, 5.279949774220116, 8.997854185677806, 5.742602805100935, 6.2682075656026885, 8.255477904879235, 6.653233899104284, 7.77096665953265, 5.8846065279738315, 8.787147538688751, 6.607132205109689, 7.79605236172483, 5.784422395911511, 8.929012150807207, 12.501328716252916, 4.135430644833588, 5.097131349327167, 10.137668201518364, 5.997896364812509, 8.580164662113367)",-0.04012919776756567
7.224677981079874,10.456551454022767,1.7406559879811276,"(7.9674644021505046, 13.365968072753743, 9.467735382309074, 11.248082568530279, 8.688947954721602, 12.259608660331029, 8.6260108753713, 12.347264817088657, 11.36985216660179, 9.367646839055157, 7.967624203524748, 13.359419653960225, 9.058082118677577, 11.755872423106718, 9.745349741340021, 10.928582831889203, 8.736961090432755, 12.189227373497733, 11.04858589901239, 9.632742006100845)",-1.8566985637933722
14.385324729570694,13.994263109651568,1.9174028922068638,"(12.717998275261422, 15.129061621850118, 13.21769279416691, 14.556868585351792, 16.049134493893156, 11.989046718764632, 12.83146450580681, 14.995573763119882, 13.510009345426342, 14.24220379210371, 16.2161413828438, 11.866140665787498, 13.63062022583544, 14.11581395562998, 12.08323066534037, 15.923467575377865, 14.636010302694668, 13.146618857006048, 18.78401500260615, 10.244149664164778)",0.20395380726114795
17.874091770450754,17.98909493503899,1.707964506979561,"(15.607540510150502, 20.55714476490993, 21.631115744351536, 14.83235170210603, 17.056027607201333, 18.80907933532811, 16.99780737498993, 18.87492372481788, 18.334286668257203, 17.498716309214437, 17.547365428011478, 18.289711139291363, 17.65753633346435, 18.170732677332545, 19.225917778664897, 16.6871557856518, 17.516395751707545, 18.31689521904828, 20.56117902878804, 15.610015817492645)",-0.06733346279637538
17.409512351078128,18.57389489000651,2.0301845469075945,"(18.122924651283217, 18.81892918649668, 21.611870690667114, 15.779951860852924, 21.425724076145514, 15.911756420146368, 21.340280330597274, 15.979340575157334, 18.77230270603583, 18.16425032756698, 19.447026715208576, 17.55326964143226, 21.353914244090884, 15.97221718409286, 20.052013326364566, 17.005030322174438, 18.283930196721254, 18.65306273503091, 16.361205063913516, 20.868897546151665)",-0.5735353176153303
22.787242889013598,18.679966685237634,1.7717768577801072,"(16.98583478021989, 20.36438997042503, 17.37723960172245, 19.903471112515046, 21.062780047859995, 16.41008401094257, 17.424424455481674, 19.846036772788416, 20.173916137549423, 17.139401673328827, 19.3902974521297, 17.870254371793862, 18.563949081149147, 18.634883577927408, 17.209749066141885, 20.091521544131314, 19.591156832529173, 17.655948381486677, 15.415392981263947, 22.488601853366294)",2.3181678808707593
16.529674233145638,20.508574386444685,6.194402069255131,"(17.039215735892565, 22.697272408182247, 22.535148706855157, 17.15712328953235, 36.37290639037723, 10.610007240869159, 30.432449706507008, 12.697552235191818, 21.20393854927791, 18.219096663232076, 21.372219943622813, 18.180889657636538, 22.494261950065802, 17.19805098378386, 19.86289518022385, 19.45049244315452, 16.20750685581941, 23.860293269017564, 13.276385478142013, 29.303781041509804)",-0.6423380511652039
27.07681595187438,20.424944264084154,6.518348228190535,"(14.927809640059369, 25.432755611927103, 17.970309899740638, 21.124907288369943, 17.012083124165553, 22.30143291174259, 18.80047481784307, 20.188474112053157, 28.543484952905015, 13.296209206691708, 17.4226240787475, 21.824159718875702, 17.833800856261153, 21.290488297429242, 13.474597427655844, 28.16613023027133, 28.103536368483706, 13.508872043161007, 36.99445474266155, 10.282279952637753)",1.020484247684441
34.656762802442,37.17644731333736,5.848362122836426,"(28.79189872896012, 46.88967002780413, 32.87596056455548, 41.063762494603814, 34.613342312844736, 38.984580011821585, 38.30863289097004, 35.23354804420316, 34.64147440861094, 38.96236663128254, 47.27333358390185, 28.584720467471495, 35.295614180173985, 38.253605989099576, 48.621491895537744, 27.76144265737998, 33.79706748271333, 39.94405356356516, 38.77400513450657, 34.85837519674108)",-0.43083592602048476
100.24487180391934,99.79998174694055,7.900764042233926,"(90.86344096118545, 108.96583501255317, 102.32456028292023, 96.76083946456919, 95.41646586447739, 103.76607335057349, 90.60685119100134, 109.27431916658243, 116.85525952543665, 84.72876131626343, 98.0360835894192, 100.99388612719747, 90.35680968844609, 109.57685733027014, 102.95208498002138, 96.1709963878225, 98.3359238106413, 100.68557427835972, 105.31789434591033, 94.0111182651599)",0.05630975113300568
3.4532494132425042,3.8752243458934688,0.9381872983511763,"(2.155645775715549, 6.548773269050221, 3.7605152352340707, 3.7989844442236365, 3.265493174420987, 4.40268200155883, 3.793994608869278, 3.779318748428954, 4.4100955709841, 3.214544895384094, 2.9084844383618376, 4.88593356799069, 3.2195947253240895, 4.413942775792748, 4.402370113590036, 3.194076889138541, 3.691055180173397, 3.867270591012514, 2.9581190724577993, 4.833591840157996)",-0.44977685521064636
6.247217722318909,7.111105235158286,1.2489119448860564,"(7.089383085016111, 6.915756664468817, 6.459809038869243, 7.611523201242402, 5.619492044419503, 8.764215869776462, 10.293528292596818, 4.783058615703715, 6.698259738215738, 7.327945841503903, 6.972555487420829, 7.045565007029965, 8.74918875148926, 5.615691774357685, 6.60019090559453, 7.422409293655198, 7.806245729647235, 6.299448396690391, 6.137421957710318, 8.0104150077576)",-0.6917121069878096
8.413775524087653,9.187482064095045,1.337554544512891,"(8.468967445679407, 9.766105475389189, 8.411289509901678, 9.83432525641923, 11.197924122543004, 7.390677898877962, 8.61181562626699, 9.61313144011775, 8.71884671710299, 9.486920395027383, 8.214035585309405, 10.074146842606266, 8.350523915418636, 9.911769101885412, 6.743542706018963, 12.264154238652315, 10.393401437490008, 7.963100683940608, 8.010752893322575, 10.324209989931116)",-0.5784485897651074
41.268732280518954,40.01794849867347,1.2241092435424032,"(40.13539018332746, 39.86610743947383, 41.290965275663, 38.74890168894851, 39.985183748092126, 40.01483648962222, 40.8760150083633, 39.143261224192095, 41.800444097184894, 38.277196531186405, 38.6097838871881, 41.44062044231454, 40.12335656758036, 39.8777961430506, 37.622528011457234, 42.528303880038564, 39.179922735978934, 40.83793308918724, 40.14107929169468, 39.85934423892519)",1.0217909785779322
18.76062168422432,20.102674556475822,2.2966280970006077,"(18.619944897994532, 21.442899416565023, 21.516495621127476, 18.54845034571761, 19.60688749187759, 20.35685654469403, 18.839756184488028, 21.188848618060515, 19.121378777355627, 20.875662686319302, 21.057657171045832, 18.957226329802833, 16.20211990213818, 24.641081841428868, 25.480471764311066, 15.668480973200268, 20.47066547146791, 19.50173867671441, 20.065088067726386, 19.891780347481014)",-0.584357943719413
8.516766759685613,7.613204836634235,1.8678261688481412,"(5.993595389026797, 9.119290079444289, 10.830698198534563, 5.057639357327904, 4.960615048933739, 11.057242541658088, 6.300821924082396, 8.703771993599833, 7.292011851481993, 7.502218699034712, 8.391437862019199, 6.523939554975965, 6.431210613434427, 8.513709175117974, 6.6082799991076415, 8.2660852626545, 8.198301408612174, 6.682835339468662, 10.722392408504549, 5.108000025665302)",0.48375054280805463
7.033113194759,10.514444489174682,1.41012992911626,"(9.210633558498403, 11.80105154709136, 9.180530739686347, 11.83457951700873, 10.467891429893982, 10.380777873692171, 11.915211905839877, 9.122615824439608, 10.18870058352899, 10.666196018567435, 8.258053300023185, 13.162388987896952, 8.37928711269935, 12.974226838096644, 10.125912791312475, 10.734788236890289, 9.463883698027457, 11.485411257694413, 9.495634386033828, 11.441114176572121)",-2.4688017909083464
11.37989387471717,14.273773507640326,1.9715754890380262,"(16.194483626808154, 12.362163037298336, 12.705860385517449, 15.733195255891184, 13.453883081440424, 14.86137177042461, 12.324860800682359, 16.232329393521873, 11.976539852690289, 16.70347161890904, 13.079653564644982, 15.298179847871909, 16.32587937372034, 12.260748270867067, 16.87156750936268, 11.865894159689072, 11.488723161587533, 17.417012450650187, 14.915952405439219, 13.403700585789817)",-1.467800573203079
18.810425566316223,18.280155595384997,2.126853404261729,"(19.127451803200373, 17.26095570334925, 19.95791729822362, 16.51436246424992, 15.415481464267325, 21.387755518732376, 18.05100233449072, 18.276177988519734, 19.445615547858807, 16.96258196504818, 18.215328757304732, 18.112540593084205, 19.192646931499453, 17.197626691979888, 21.23307721835845, 15.546151672501288, 14.839261425087347, 22.2366480365862, 20.71518859905373, 15.915339894304472)",0.24932135419803061
17.918746957673193,19.61940775440154,2.1594143341511383,"(19.787328299960258, 19.28376492264092, 19.502512010051596, 19.449061449782388, 15.708369689816976, 24.17716037428256, 21.28350013977741, 17.881224328787123, 17.2369951262443, 22.06361472152412, 22.313222582039714, 17.058240532607563, 19.546499609604492, 19.50229685950025, 21.817053068966878, 17.47527145009101, 21.503728345358972, 17.7113182266919, 21.03341986103263, 18.053573489269734)",-0.7875565007754165
21.159435522302545,30.935306209744795,2.6169962942845753,"(32.33196704589552, 30.366838607907695, 31.612465125505956, 28.925298030272415, 31.865075709544698, 29.33475071989059, 31.319211328165636, 30.544948929856588, 28.688862069059454, 32.795415704009294, 27.581476343619684, 34.47671321006602, 32.71295889530977, 29.64576807153529, 25.443332540926665, 37.84595894192176, 29.646998078859554, 32.52056743232308, 30.719428205426734, 30.328089204799383)",-3.7355309630328466
25.54456978868617,25.566915688669745,4.698321057752095,"(26.676707930595907, 24.09970003241041, 18.534990176326914, 33.543014559484085, 31.028923457305364, 20.222002327620604, 29.278274368741847, 21.67099707339339, 27.166745687816878, 23.20586928664865, 27.832158825567003, 22.760935974856647, 27.925201089114008, 22.889760243867897, 35.69623592198704, 17.87481645387757, 25.269770822483373, 25.2059129714155, 22.104165921382183, 28.352130648499678)",-0.004756145803766094
18.17969473347109,21.417013870724137,4.698427835341009,"(22.634948239553502, 19.440741322453626, 19.19420970826519, 22.719755867059327, 17.43145256123084, 25.069555289066912, 16.542902692735417, 26.49793276653969, 25.730483646437712, 17.014818006018647, 25.40676161526809, 17.2533438302562, 30.28912431101182, 14.506013284654056, 19.24565945821928, 22.830112008620556, 21.999833366856578, 19.947276102146418, 30.043255001379496, 14.54209833670933)",-0.6890217857348623
43.49510416808691,38.27210718056378,4.6943610472740245,"(36.50068692498294, 39.650250321794466, 37.40270216416842, 38.50601239674924, 39.481271492288336, 36.53805738475002, 37.977945515253964, 38.04387921660778, 43.074011278160135, 33.5000055755275, 41.76562023111083, 34.57526080942853, 32.55862754175888, 44.4135343721695, 48.73787215174431, 29.650536795304717, 32.29448865477762, 44.762209775757896, 36.534151488221234, 39.47501952071925)",1.112610839883328
97.31941010897056,99.77259669739314,7.345577042154449,"(94.98938812733168, 104.26092103816939, 103.33194742392251, 95.84171357292377, 90.4217479762759, 109.52647048063143, 84.53933289666449, 117.14817405627014, 95.09453299069843, 104.14452355097637, 99.74295133290038, 99.29124862122956, 95.93433080235035, 103.23365935136168, 100.86898415977208, 98.18299149683605, 103.48647745674556, 95.69989752836035, 91.62699545863067, 108.08564562581185)",-0.33396785226597603
3.595853362767438,3.8584569270745366,0.9256770698193338,"(2.8557247214006334, 4.892050594359746, 2.634356745598539, 5.32462396443812, 3.263830153866851, 4.356199859303248, 3.812808640676876, 3.76122829339068, 2.9913753748621486, 4.546755224303264, 3.4151895345549215, 4.222028606985115, 3.9255942526219494, 3.573570892456067, 3.4455496519835007, 4.1548127276071805, 3.274085274313788, 4.31038227479262, 6.110072525980578, 2.2988992279949034)",-0.28368809476759704
7.7830413420551325,6.840021827239212,0.9864619302863886,"(7.459154206594287, 6.135303739469272, 6.257858847943246, 7.323548649809611, 7.477564450877423, 6.1490054159605725, 6.33054598570266, 7.273143539627073, 6.013478830103419, 7.55938517834642, 5.733378845158712, 8.043878726091185, 5.905453962404242, 7.752792466937401, 8.146178154607915, 5.648321564705008, 5.938318664355964, 7.724551008504156, 8.60312125610874, 5.325453051476959)",0.9559613867127581
9.147643495731987,8.906797975003359,0.6346757035547681,"(7.904939562517535, 9.981452204428578, 8.974657895975866, 8.797817982982254, 9.000741979519859, 8.78045532342907, 9.233585401463932, 8.558686222173513, 8.761970924349079, 8.986751688861432, 9.07049743784275, 8.71819963958557, 8.798387158268696, 8.966163993568038, 9.474589878214658, 8.33812449211754, 9.876703444070037, 7.9934100900372576, 10.12007765589232, 7.798746524769165)",0.3794780852326185
41.07195070858909,39.99792489786421,0.9094941369565518,"(41.24671289422551, 38.7680684049768, 40.69578074129006, 39.29275895621674, 39.90003061966953, 40.07614137464059, 40.61269260590168, 39.37283506581491, 38.90957033905811, 41.09726960029655, 39.100629841576925, 40.89527762881113, 39.91671305782412, 40.059784121337835, 40.18992853978891, 39.78707426531179, 38.46117945056565, 41.57564820265992, 39.01792155385308, 40.98248069346422)",1.1809046007914965
19.06622190476943,20.022785572472266,2.252352732521346,"(19.433822580163863, 20.38463867222893, 24.281518646619073, 16.314600315825807, 19.34446301195596, 20.476569037062177, 20.73600453990197, 19.101164958230044, 21.910173753650923, 18.083912152354124, 18.013162211944827, 21.987677323981952, 17.414658778007773, 22.74753450431926, 16.664608461956377, 23.768079731334662, 21.888001396780204, 18.097726542410776, 20.034342821542268, 19.773052009174254)",-0.4246953214259787
6.14457422786639,8.019034592141246,3.6742182600951088,"(5.204982788162905, 10.16547176578425, 9.59694770009616, 5.520513008031553, 10.701060231583917, 4.964242548707736, 17.211875228366324, 3.0893159879604477, 6.758885149278211, 7.784768032194997, 5.70807785540244, 9.32874667039303, 4.367104568494951, 12.118367240937031, 3.6574864609836832, 14.529144628020347, 8.479118545265317, 6.251929169323097, 5.779439070612172, 9.163215193226339)",-0.5101657635946577
8.970794401389265,10.44609947197809,1.7467433840093034,"(9.857230597528218, 10.781309683537614, 9.576952722156284, 11.100324944640274, 9.260936004216308, 11.481575342583577, 9.641630630120227, 11.025560876146098, 7.474087142029917, 14.21123803602479, 10.761874619236895, 9.88023961813741, 9.683345899932462, 10.972711508108727, 7.74331827153213, 13.726328773689172, 8.609059935513338, 12.345496276959429, 11.722532716915968, 9.066235840553004)",-0.8446032108062465
13.81322974213951,14.019044089086762,2.1927293705393853,"(11.605464294731746, 16.54788855279385, 10.682517413579793, 17.979677867391604, 11.90651997034063, 16.127540513270745, 16.4158048708776, 11.692360176510558, 15.720538095387493, 12.22109123448502, 15.328713851185547, 12.521560892119085, 13.845769277208642, 13.867073382497829, 13.122920945191375, 14.625353838327527, 17.365115003349977, 11.0565875867706, 13.194554494152925, 14.553829521562696)",-0.0938621745631216
15.543615728598626,17.947616868620294,1.2500201895250667,"(18.92013710616737, 16.950961336201395, 19.43743057631569, 16.49914927266142, 17.306957904134773, 18.52377625478402, 17.00712202106012, 18.844353245636697, 18.3723451259431, 17.46817813385079, 16.406736389940715, 19.531593839515416, 19.04373219633422, 16.83855103473668, 18.964514319778676, 16.899675372865975, 19.516783378075143, 16.42794522815796, 16.211967347574447, 19.780427288671216)",-1.923169849708624
22.685577281948515,18.471865687498646,1.5303506398907052,"(20.013127782766734, 16.95175727382065, 17.36177245020926, 19.537158048863084, 19.27127979351265, 17.58213218256968, 17.283713083887594, 19.5854913858886, 18.845849526992385, 18.040430342267804, 20.39180592107178, 16.593664724800714, 17.81645094601433, 19.033951470579446, 16.69942527280167, 20.27234681929694, 19.926699851901017, 17.009789223403306, 15.926909358393868, 21.293558290931436)",2.753428844745544
19.275769121107313,18.6637513076326,2.2574484684818406,"(15.353602557947372, 22.410230233166544, 18.66195816099187, 18.430402920952435, 19.288736636992013, 17.791718965494653, 16.978510795135062, 20.174319154758745, 16.124152670926442, 21.433715887637177, 21.242774181663478, 16.111092103921877, 15.583598845627664, 22.06134561853625, 18.432424873765388, 18.586267038310954, 16.47285261739835, 20.848810828677582, 20.587112070653543, 16.701399990094632)",0.2711104248976723
14.022014231418016,20.93404249306795,6.678298562480709,"(22.208198816171986, 17.96742928704257, 12.20293289553358, 32.664632342636665, 12.493603865463932, 31.74290313800181, 28.48067119691635, 13.868670818284212, 20.173446002614263, 19.981012785647124, 25.12167953027637, 15.691654948511667, 20.43087952396881, 19.497298700155177, 18.35125521450893, 21.534523215516653, 14.135263358076099, 28.111732044005837, 31.292367834946244, 12.730694343080701)",-1.0349983902310596
23.57803033172711,19.68501034890267,2.763435504930587,"(18.879739917960723, 20.177820971174004, 21.725586102742515, 17.5282359549738, 20.305259037160194, 18.721509409648558, 22.04341771114245, 17.221563144179147, 20.543733899079818, 18.608312190625547, 17.71309591386765, 21.416900052982097, 21.7397995236455, 17.513113401659766, 13.72826138910159, 27.65743598253819, 20.78548848493741, 18.301574062459366, 18.42359524372984, 20.665764584445107)",1.4087609339455989
34.70184243686765,37.292877923831064,6.518518330604532,"(31.205096224891804, 43.325206104179294, 33.369234912557125, 40.496301358489475, 43.903534591082774, 30.75330221896377, 33.476656769092024, 40.32261185068045, 43.78226944588264, 30.935095543043907, 36.63353693897641, 36.83049589236812, 48.35576515640025, 27.9572821893032, 36.19977483988477, 37.2978088364225, 35.139108984648814, 38.45219344244444, 26.5849222598941, 50.8373609174153)",-0.3974884100269331
93.48078459527699,99.78468752078477,7.692722224178393,"(99.68930194988987, 99.31879711901394, 105.01643462214645, 94.28050174070782, 94.31989718871935, 104.97226886823347, 110.43967044639143, 89.65049902154715, 103.38291376139942, 95.77097815967771, 107.1793981215583, 92.37740354850023, 95.19784370002407, 104.00468895602882, 93.87282283001787, 105.47228084519796, 94.35634071124193, 104.93204467223153, 85.06169833909408, 116.39796581407371)",-0.8194632201452018
3.7739828504539106,3.9800421580054777,0.5969726478368108,"(3.3674083231969307, 4.5928837485949146, 3.0693959745786854, 4.91240516868575, 3.4290131145196714, 4.417994878228229, 3.906829818666953, 4.061048662738865, 3.628441191066008, 4.348045618233216, 4.263541193140171, 3.5801369433087724, 4.069291668953239, 3.8124477522408395, 3.571413186745018, 4.417637036608347, 3.727103085857917, 4.206121144629412, 2.9326277032881447, 5.287056946828458)",-0.3451737835866405
5.746772883813849,7.024194147987323,0.8629976373176204,"(7.578770446648418, 6.418259384748307, 8.492365033270655, 5.6809660268043585, 6.323006737799941, 7.636175515307863, 6.497767768241884, 7.553164727194048, 6.885297354312943, 7.094680962744565, 5.958526934061571, 8.139052510955374, 8.145652829004826, 5.965040947420551, 7.7157997163326595, 6.335765558570449, 6.712526326222903, 7.256221917116577, 8.097734926882902, 5.997107336105709)",-1.4802140920616778
8.221426519552779,9.063769052231365,0.9663927163578181,"(9.021194251908712, 9.01410876673467, 11.365400656573735, 7.130211324245535, 9.487417768840956, 8.542130406626965, 8.213678683316562, 9.940658347543348, 8.910829953113446, 9.13281800296527, 8.167315266164813, 9.950338338473145, 9.505219343472378, 8.54275131536289, 9.83805579942704, 8.27691283556759, 8.127705719073472, 9.995743806141027, 8.130949421935984, 9.981941037139748)",-0.8716358457804219
38.64039787478855,40.008755452429995,1.3854373625755065,"(42.507517081161836, 37.61396395605937, 39.328513120062794, 40.65495851352275, 38.07250773239455, 41.99610763969772, 39.32170045871024, 40.660826179274466, 40.875472366713296, 39.11554813963622, 38.95925002904595, 41.039922676761904, 41.55115618314159, 38.47982641546784, 38.29119288661078, 41.755414384624736, 40.062238282972935, 39.909792047036746, 39.4559092415425, 40.5232917141617)",-0.9876719183447541
22.074104127285867,19.96651871166384,1.7730966307220344,"(20.92938826232325, 18.906054049711795, 23.4629326662841, 16.867412849133924, 20.79398585084878, 19.031932384306693, 18.955054352571427, 20.87203917447817, 17.64071911399527, 22.42801998050929, 19.073937588062623, 20.747208658589617, 20.79824308077003, 19.02510390175926, 22.506760204426136, 17.578872302006438, 20.339071616700608, 19.45323086667812, 21.609862787283284, 18.31054454283793)",1.1886466755981495
9.116488044137022,7.68617853499159,2.501510701749623,"(3.955944904863356, 13.554348798403932, 9.602645566173928, 5.551368969594215, 7.432148789720716, 7.176062247578795, 5.8852361576721055, 9.169896767805904, 4.268680958354525, 12.595409316930242, 7.516713139261106, 7.119557896070566, 8.240237522008634, 6.500129921475397, 8.29815383509663, 6.483273731341765, 7.224601904931548, 7.425701287441999, 4.986287264174356, 10.73717172093209)",0.5717782890734928
13.930105807762642,10.583621822766757,2.1490890577309703,"(11.714708149596976, 9.204409370637073, 10.121376244307104, 10.644421303909626, 12.448236721488174, 8.654336913885757, 13.98425986838019, 7.718909384996629, 9.378803810846474, 11.496225538572475, 11.886766197883171, 9.071375652616183, 10.776953788122839, 9.99936782632452, 9.766038800353243, 11.04261211761017, 16.042354816068332, 6.71731381835238, 8.905500608920494, 12.098465522463307)",1.5571639402087583
17.197572411606203,13.98173260267476,1.9524584273772254,"(16.723524301907847, 11.47776061743331, 15.143120486421802, 12.677865585822557, 14.797581307719577, 12.972338724293262, 14.418247576368657, 13.312875447633317, 14.225800398224605, 13.485945767171156, 13.007521949900644, 14.76278364511225, 10.932908631751497, 17.549682633623224, 10.91575140801564, 17.576821369728894, 12.442771676771747, 15.415350769172102, 15.042227053797827, 12.753772702625271)",1.6470721034769178
15.541773085641898,17.971525516372985,1.9030366401003362,"(18.862326020298696, 16.942554250699427, 17.977067102656132, 17.787734837921782, 20.47198089034459, 15.618326792977712, 19.337440370667586, 16.517529166003545, 19.748331817517965, 16.174278962760514, 21.252236549195267, 15.043617491867868, 18.183421461548022, 17.57304920697613, 16.062934529132143, 19.885022054289493, 15.135280731314246, 21.105620745860453, 18.01335862743149, 17.738398717996578)",-1.2767764842420375
19.326131743399674,18.463185042019457,1.8300886510253245,"(16.43798284458616, 20.54940259175092, 17.171326478811, 19.713285699123347, 16.831367211638593, 20.104750967532272, 22.37761456066297, 15.06684862132069, 18.272630600886092, 18.456068667292392, 20.61107051363392, 16.411240105606918, 17.19498305302645, 19.638874860471308, 18.552685268171732, 18.176442280849102, 17.38711809102946, 19.402452862838683, 20.1498102342256, 16.757745326931573)",0.4715327319781711
16.959238480279982,18.286877903012787,2.081194537005525,"(14.550076617694058, 22.71190582333975, 16.35025437344178, 20.292541395531963, 20.880601914945583, 15.879611281930606, 16.392720737466973, 20.08755883548292, 15.27445348721448, 21.567289756464607, 17.78657710681779, 18.627991775548654, 17.946212949051912, 18.403003127512605, 18.35168344491756, 17.94901656916478, 17.445786440684767, 18.89461205198775, 17.982394979229515, 18.363265391827678)",-0.637921827645697
17.442687950238167,19.479179765113543,5.455947923210507,"(28.663021927377468, 12.28888291749068, 14.022910973549523, 25.37230042717957, 18.638586220281663, 19.061726272581268, 12.10193578492523, 28.84004642394898, 23.274539350961547, 15.027202126191042, 13.311903587565332, 26.61933520783234, 19.40324262981957, 18.14043020914939, 26.570507310303757, 13.157821809921964, 19.251905154820115, 18.203725432306697, 20.276931265651445, 17.356640270413294)",-0.37326086017276705
28.093130877012758,19.65519904171387,4.317434689711874,"(19.941862389243614, 18.499552409044128, 24.088860502545067, 15.366229853759236, 15.348939158338304, 24.104467398522935, 15.031953292870904, 24.46703526691246, 27.325278289371354, 13.469046174159542, 14.506529548846268, 25.4818832374852, 23.36920520648396, 15.782643143050397, 21.59355366391582, 17.04192214830008, 23.315729573427046, 15.795926146622094, 21.06524430502125, 17.50811912635784)",1.9543855186520485
32.00415237583255,36.80389083095667,4.726448121443111,"(32.736975492042546, 40.72592819590059, 45.73251658748737, 29.207435858380833, 41.455540744017476, 32.215553504580164, 39.10085428299139, 34.0329552004071, 38.16356476218865, 34.906562927749775, 41.53017444880676, 32.125638973561124, 31.55575747976093, 42.266802030580116, 41.526206036853814, 32.07510550103124, 32.091667765782525, 41.54105529682878, 37.75866887650023, 35.32885265368196)",-1.0155064293096763
91.94365435784651,99.75664716777862,7.325387089712958,"(100.63370007829606, 98.38337512425096, 105.31264937101854, 94.01288494629252, 99.87991159941977, 99.12645114599475, 99.3554556121639, 99.64845152950991, 114.28735415491909, 86.62952609991896, 105.6634658396931, 93.70034648915701, 102.00849193772738, 97.0576088966838, 102.64545143321664, 96.45487264443993, 114.84376658559879, 86.21005078946527, 104.86790756074143, 94.41122151706453)",-1.0665638162526454
4.392417005811684,3.9423705270987544,1.1453910856480174,"(4.804575890672813, 3.016423324544553, 3.2460583618551655, 4.591535541723328, 4.603112165032298, 3.1081427789283644, 3.0479824209464703, 4.732799071233193, 7.162469364450378, 1.8629477113694461, 3.052474795454414, 4.826655658177918, 3.4933891295096062, 4.16143599281088, 4.671817031944897, 3.041992126490235, 4.895243654090481, 2.926050675987323, 3.9065395910398766, 3.695765255713437)",0.39291948780822805
7.729276564721482,6.917907047017664,1.3498029743796225,"(7.906170990228719, 5.809280278716815, 6.902670304595928, 6.80715642258931, 6.470961641062934, 7.1868943398659875, 6.927369573694068, 6.703220888265075, 8.631697233079267, 5.244695141898709, 5.182495294753635, 8.946513919357168, 7.559938635342505, 6.156329980730032, 8.043533586133911, 5.631959371054083, 5.3691929489703405, 8.62470393702252, 4.901197907482141, 9.352158545510154)",0.6011021853591099
9.087383850542405,8.829867155173709,1.1078116947515713,"(8.621131626435748, 8.85808574359295, 8.880527107864538, 8.747287500442562, 8.083100544425534, 9.577680460938062, 8.285347325672973, 9.31945326216402, 7.35077243582793, 10.39775395073458, 7.559949741530327, 10.171630560114718, 8.646485654505867, 8.922002376543677, 7.2334738936872975, 10.445148132833399, 8.965863403895835, 8.604747190684757, 6.932778844981246, 10.994123346598146)",0.2324552959575366
38.13480868885842,39.990697562457015,0.7139962689337129,"(39.32887233207277, 40.65043185246534, 40.496885243202804, 39.47929063661327, 40.63198005257704, 39.348525268814335, 39.60662312446493, 40.36696247767788, 40.42629982188992, 39.55003085476913, 40.498788864449445, 39.477035331935355, 39.45600688449993, 40.5193119146214, 41.686106970477674, 38.35061771406361, 40.247339023483036, 39.72487676797067, 40.05511947176778, 39.91284664132394)",-2.599297719538776
17.553534604168096,19.958326703383545,2.00698768555546,"(18.898965762025217, 20.863967728086998, 21.118789108443465, 18.68904957158758, 19.44906697799428, 20.298303573225777, 16.449564727729136, 23.99466075483963, 22.933160326943703, 17.222223869087188, 19.33905082801982, 20.400517377991797, 17.39327912116777, 22.673870095151575, 18.468257072766296, 21.333750200025218, 21.655425410168547, 18.23094415139312, 20.82435239460509, 18.929335016418563)",-1.1982096933244966
5.569455921425329,7.4591562355207985,1.7950509843285807,"(6.449853999953393, 8.126167359069198, 6.846348058594468, 7.808358081464695, 6.39568778484711, 8.291519253389664, 5.595157042607639, 9.462399044881847, 6.8327497651828795, 7.592210457900504, 5.5065539109705135, 9.595751501061748, 5.569895898038817, 9.520557282445916, 4.9327560584550865, 10.499038733076446, 10.687893686027511, 4.942698740329502, 6.598216175611217, 7.9293118765078)",-1.0527279339657816
10.235619130182176,10.342326920725107,1.9244870777358745,"(11.132815116820288, 9.267078303845658, 9.6876178853648, 10.736677225470125, 10.110589849751506, 10.28003982880889, 12.72267796383779, 8.15712999539086, 8.753286680584944, 11.82406593937502, 12.584247386443579, 8.226301254320909, 8.679458689832149, 11.940180547664301, 14.197938986674277, 7.2278629528349025, 13.083308399306441, 7.932219666899977, 10.114405393342363, 10.188636347933304)",-0.055447392594846955
13.774405904614088,13.845685432739481,2.09589672378395,"(11.170258487338204, 16.741198013426434, 15.134164804330277, 12.445172176102746, 14.553533807136718, 12.949644504616677, 15.317297589523537, 12.284887637118, 19.534639819892917, 9.643684919931804, 15.189185854318238, 12.35373067418533, 13.265638372584345, 14.13750681071386, 14.48498545754069, 12.843501526485909, 13.644824768020205, 13.801731994047069, 14.810753759900242, 12.607367677576486)",-0.03400908418650714
16.284978349008178,17.734309199852113,1.5678460338902211,"(16.683042579954282, 18.664295966113826, 15.749813898410565, 19.86048346900036, 16.16179830686761, 19.372052524258272, 19.150742483767374, 16.33242781737185, 16.55010043251253, 18.94499390991315, 18.825370742054858, 16.581345070615228, 16.7082593227003, 18.65645682505846, 17.938736288504554, 17.295732513492023, 20.03805582913978, 15.624396153068917, 19.99462499172079, 15.553454872517493)",-0.924408914852296
18.08066153104262,17.895119094917614,0.9799799162865539,"(18.73702277250536, 16.913530121154356, 18.958177815119015, 16.942131209796297, 16.260592576984852, 19.80826056846671, 19.32222857580188, 16.621290657230922, 16.645852825199356, 19.438758496700824, 17.8639658571178, 17.871282269036232, 17.534844188356328, 18.12862292750546, 17.625161763080648, 17.790695326794932, 18.238520014267305, 17.66098912288397, 18.023326454938637, 17.517128355411472)",0.1893328965639234
19.513440813739997,17.614963029652547,1.5353096773471548,"(17.59142723872583, 17.274932575599305, 18.90728277204428, 16.467159622144063, 16.322977044928663, 19.167065452034713, 17.029505323111152, 18.275446875612435, 19.02755363632552, 16.567118815931018, 20.73617354475877, 14.849206281682042, 17.77009453792027, 17.202195839227837, 17.431854226362216, 17.104272803290783, 16.9506067139559, 18.45491431531053, 14.873359761284211, 20.29611321280141)",1.2365438791265944
24.9346079525024,18.032167385197855,5.403487657902048,"(20.395093294488184, 14.15778464549781, 11.771014502313264, 26.063397853190626, 25.48156100007233, 12.187276083893336, 13.786936997476383, 22.230768431023165, 18.877839698187888, 16.766288406892333, 21.406152177550684, 13.940585084926113, 9.735095307188677, 30.098052496415203, 17.72294863284545, 15.534650242604219, 18.449335442000198, 16.827847381500856, 12.508247277207316, 22.702472748682997)",1.2774047067934784
14.066593593016734,19.33996156731602,5.0952328668543805,"(11.25153579013362, 30.767344766647692, 16.387844253295007, 21.553595635462347, 14.931231741393269, 23.76221637265742, 18.252880135544444, 19.35407537906617, 22.351909175209173, 15.997716453949286, 24.287425687948147, 14.414391381609896, 19.353408460321912, 17.96184656052623, 12.243735448658656, 27.823310326486233, 17.098538169263236, 20.757749451237032, 14.480035897078862, 23.768440259831703)",-1.0349611317283878
34.075419158946396,36.49270281290946,4.366635062919552,"(37.152714791145065, 35.2454009106146, 37.67301747830503, 34.92512669866653, 32.34207187350687, 40.7543256667152, 30.587154840824407, 43.055004298855366, 36.857342616963884, 35.92616044918428, 40.292290296749584, 32.60523340317552, 44.681322367788, 29.295593782375114, 34.07369785459557, 38.265727992876315, 33.52991720338194, 39.350619967260634, 30.77757576380367, 42.46375800140123)",-0.5535804158424117
106.73458274350766,99.68041542337775,6.148650292636139,"(90.64884914902943, 109.2152198781402, 95.84118348785198, 103.29970108001281, 93.09637998231997, 106.34594024874457, 97.6562747434123, 101.38007735964672, 93.8050077956695, 105.54424952730955, 93.29383521331742, 106.11988438578814, 102.24916511553845, 96.82433508904744, 99.36305922635694, 99.6357253737373, 104.08093801269426, 95.12271731068748, 89.63115230956906, 110.45461317868131)",1.147270861798442
5.053127219108997,4.155098863490603,0.7496514142560814,"(5.35613703027516, 2.8960332016426293, 3.9273777327004593, 4.348332838805125, 3.930863800681333, 4.310629026193767, 4.469929254292405, 3.6853958938926503, 4.019713339903917, 4.245714914510308, 3.783222020263927, 4.361039082851484, 2.9813088300715616, 5.704502009319819, 3.354226010883926, 5.146528910521852, 4.692019795157344, 3.5459899023689005, 3.501963066537823, 4.841050608937668)",1.1979279149490492
7.03166429039053,7.08471389513515,1.0240987631049,"(9.010080269589787, 5.332561092274455, 7.846797228765165, 6.309725071059063, 8.575218283500558, 5.759600567919471, 7.852795847565693, 6.2338755617486035, 7.155721134491838, 6.917191825858078, 6.181305780288407, 7.926008805664403, 7.938005648372279, 6.229129679098016, 7.084508900474404, 7.0121217775714735, 7.311734223356264, 6.717503814637241, 8.465403755383177, 5.834988635084582)",-0.05180125848778654
9.894615500787225,9.060566025283348,1.2608395916326967,"(8.236257835908653, 9.696335517273507, 9.969356385288092, 8.10397491384855, 9.728452340296668, 8.296732310422204, 11.005540756646164, 7.308539682757635, 10.156314393391831, 7.953552874398223, 7.827553685363682, 10.281256601895551, 10.23660395345967, 7.888452964384619, 7.068581114143913, 11.444373064430595, 9.922260341281623, 8.118138614338756, 9.060905384262702, 8.908137771874301)",0.66150324041129
38.525535134045114,39.99569115285344,0.8289492215289044,"(40.48089134174873, 39.50153811671643, 40.446922705300146, 39.53300228381049, 41.05262689791918, 38.94985863987446, 40.27381134142838, 39.70358513487488, 40.10757881851639, 39.86750777057713, 39.77272311512118, 40.20373099213979, 40.566325117074165, 39.416714436777276, 41.4026031119763, 38.62029005450437, 39.95089996304523, 40.02428675842044, 38.41832916755136, 41.620597289692185)",-1.7735175818089148
20.077009206398568,20.05015285965463,2.5337543118903456,"(19.115626214793227, 20.72050762601022, 23.430823814479897, 16.89619984380542, 22.392030217404372, 17.680739110923025, 17.3061477465316, 22.879938074615957, 16.995116491133643, 23.29448859596484, 17.70065483259538, 22.36996943547751, 19.40256352454759, 20.40455294725889, 23.813368830471504, 16.623869369426863, 22.840358338028356, 17.33536764386994, 19.556518567658223, 20.244215968096114)",0.010599428136305973
9.182591213254518,7.7068213885389785,2.444960083074512,"(5.609214782570116, 9.46976476811858, 9.564165316986486, 5.661227905250678, 5.0421206101722005, 10.72171544797654, 10.116007289113906, 5.3137969783686385, 4.377503104665728, 12.36660799289116, 11.898995126650373, 4.520095717067615, 8.780985091721748, 6.161047185225313, 6.822895950874047, 7.95274933532758, 6.402084064165799, 8.414501467136919, 6.14981730491868, 8.791132331577435)",0.6035966946584153
11.53424045485228,10.56551677937433,2.286303448848294,"(7.958709819244014, 13.391665132523427, 9.18984832727265, 11.629788853905536, 8.777015039008, 12.173991979177721, 10.527500912439518, 10.141126823154334, 8.493116648263149, 12.583159096747192, 9.411161223840667, 11.346290505659795, 15.086188351579073, 7.0835177329567784, 10.954373614949137, 9.75945920948906, 10.374166406949588, 10.295091954837025, 7.113676314271912, 15.020487641217997)",0.4237073936821195
11.057457710625505,13.959209604620277,1.7406477235665234,"(15.425030647172953, 12.45299432062153, 15.893830070277673, 12.079933584463362, 14.850382440349186, 12.92916006262325, 14.83549356431136, 12.943522471892543, 13.764230323790686, 13.94855153395851, 12.141999201935473, 15.81676618860358, 13.733210132955188, 13.980787772154596, 12.403527149364576, 15.478330926455465, 10.655902372377552, 18.021288993090096, 15.186273165125183, 12.642977170882775)",-1.667052933633917
15.42129555153082,17.96082345490727,1.8566608629286456,"(15.909903314376326, 20.098831256668262, 16.238223823410426, 19.657620402049137, 16.146147382483633, 19.772549606848898, 16.783509907407158, 19.03127878495274, 20.973973508003866, 15.219079950960362, 19.259478545331636, 16.585046989832247, 19.04743824674561, 16.759768060680976, 18.49377538197091, 17.256716179285533, 19.655735154013907, 16.248041061567413, 15.55290205497551, 20.52644948658091)",-1.3677930924717556
15.377394751770902,18.40605409788135,1.851863653240186,"(18.011689508820545, 18.713909496407, 18.581210238796125, 18.0370838899106, 19.46339028074268, 17.227509849664553, 18.58442932888596, 18.07177963584095, 18.14137727744645, 18.474448190748245, 20.213024778010126, 16.61659384763079, 19.99040826922774, 16.769942696173775, 22.013990000712464, 15.214766960480896, 22.32888077815166, 15.034199581012592, 18.75569658465377, 17.876750764309957)",-1.6354656244865724
18.88349220018562,18.455494780157835,2.092086939035453,"(18.240081768842444, 18.615334479927625, 20.85596384028489, 16.095744278141456, 18.823493676489562, 17.8501711092111, 17.816628537256662, 18.92061366647238, 17.956121118393927, 18.69526932563695, 14.252243555322892, 23.65502300964038, 16.60804205372074, 20.22314405702934, 16.746091592591302, 20.020525789908575, 20.347679297411666, 16.55159436047287, 16.61467271452273, 20.221457371879257)",0.20457917500556286
15.350831552351723,19.541263690626014,2.5242512023197676,"(22.4436537242787, 17.128892771036263, 21.683732640090316, 17.233995592441918, 19.48036740541902, 19.22749498089782, 17.800424340239537, 21.2144807433248, 22.17369868779798, 16.854332938805417, 14.51847322765002, 26.011356494401358, 20.363356445190053, 18.37505244308463, 18.97075859933979, 19.63654681564658, 20.78502037274712, 18.123179273808947, 18.027695878024588, 20.772760438295474)",-1.660069383912075
13.938232785828436,19.59801727566007,3.201083880026221,"(15.210748595114149, 24.804970944289394, 15.984459327759131, 23.382078680956063, 19.012538897697283, 19.673194823421305, 17.856398068392267, 21.004127669337848, 19.605157678756562, 19.064308867775065, 24.300615388965717, 15.434287077982821, 19.38647495277711, 19.28716861767138, 19.826670027947447, 18.831016206007515, 14.818237683509144, 25.289525860307005, 22.743633102118892, 16.444733042415294)",-1.7680837809802323
27.520612611440537,36.75510814854054,3.4829538446979544,"(33.21133929153668, 40.5155835033028, 35.969217902126275, 37.19455882779571, 35.84562624674168, 37.34056780590203, 31.096427931019647, 43.11731881633581, 33.13645288129687, 40.37718919249315, 37.55056645235568, 35.69843737932156, 34.28640489181767, 39.02978909868011, 34.62098822169211, 38.618160788346245, 33.35257641544509, 40.17296853716201, 31.566958923150356, 42.40102986428955)",-2.6513401982508418
94.22645190802307,100.37092838926021,13.556430280035938,"(78.87376610123528, 125.53112588589163, 98.20786316307469, 100.8157697391186, 88.06667387863105, 112.42526115363434, 92.25432874071842, 107.32268910463931, 108.94004570415233, 90.8839783835541, 106.1815580497352, 93.24568230472472, 84.28275813587375, 117.47254426392789, 84.17661956292521, 117.62027866163214, 107.86631358278835, 91.78912851842422, 85.051982421384, 116.4102004291393)",-0.4532518040745502
