0.11624267482595507,0.09584445876110073,0.008456395661627652,"(0.09498298227061436, 0.09502442046284289, 0.09173747690325026, 0.10156350522474254, 0.09207877132653085, 0.09878150492176481, 0.10109685886649564, 0.08966724540315098, 0.0816319186983171, 0.11381651933214257, 0.11058002912000747, 0.08306142575827205, 0.09989078509725413, 0.09052683288617039, 0.10350566413818785, 0.08758858102555382, 0.09721654509451882, 0.09305925289544, 0.10367258299315824, 0.08740627280360014)",2.412164340584813
0.023921527723168183,0.027400648121684225,0.005170869812799091,"(0.027621766626708778, 0.027514384926139463, 0.038886531921228845, 0.013052412501560084, 0.02393377754378284, 0.030680824952615135, 0.022178383419457506, 0.032582898830221876, 0.03008587417926112, 0.025420470871954398, 0.024119796926965375, 0.03129738423648997, 0.025012767154780277, 0.029995051884665065, 0.025495771301313905, 0.02975313487171226, 0.026093319380191923, 0.02885637028204612, 0.023807608544147933, 0.031624432078441615)",-0.672830785626128
0.10132603390657201,0.09916377973459611,0.011624262852287593,"(0.10783782837832304, 0.09049655074853095, 0.09762161943241728, 0.09748358067437014, 0.11408406801540615, 0.08678573992109476, 0.1164549999061136, 0.08701130773533025, 0.10863483843505062, 0.08737090701182805, 0.11114244699177978, 0.08751780782965277, 0.08942738307563905, 0.10838336579497335, 0.11730155038596257, 0.0819411534730748, 0.09390091008659902, 0.10360702051734016, 0.10877692818170687, 0.08749558809672917)",0.1860121540137381
0.017776396970720237,0.013887620630092821,0.005140884244628261,"(0.019229343168883285, 0.008369112029677859, 0.011627619454814612, 0.017784612835178685, 0.01852586156288995, 0.007304417364640959, 0.023188876372907462, 0.001552097485184643, 0.011541614630183909, 0.017750032750706225, 0.016149709367691563, 0.011460582001147758, 0.009119071626003233, 0.01900416720901406, 0.01569932843113225, 0.012401501063617967, 0.009884916828192878, 0.017889541851340264, 0.014222662471838994, 0.01504734409680984)",0.756441140391523
0.08224701981855131,0.09661452839810025,0.011808591431348115,"(0.09339765908121349, 0.0966884043030383, 0.10062912836706128, 0.09136333499305255, 0.10598936196716686, 0.08608221367816585, 0.10528012848529575, 0.08777632320381461, 0.08902258849175557, 0.10370391436453047, 0.0817645288124472, 0.11505341384105179, 0.11679410957928153, 0.08095202727382, 0.1074259605223978, 0.08532951135928481, 0.11607756627482649, 0.08022651538714924, 0.09115102355254168, 0.09758285442410973)",-1.2166996091851987
0.031677707344363856,0.028434108242768253,0.0038575776314001544,"(0.033597068017134794, 0.023488628966688907, 0.02687671260694509, 0.03070194594423875, 0.0315635118792337, 0.025239480894107637, 0.02704062269328389, 0.030608785581756594, 0.029380707572345056, 0.02832274731509381, 0.032651573860926576, 0.025328572309020903, 0.023823640898899094, 0.03388621548916713, 0.030745352154282438, 0.0261170564224381, 0.0206853117563906, 0.03253209314819525, 0.02415928864220901, 0.031932848703007694)",0.8408383217470855
0.10761878190478916,0.10741423914693848,0.006782936640575733,"(0.11607898091677683, 0.09548157170657465, 0.10101048129147078, 0.11281628275087799, 0.09766312749312037, 0.11414636134108894, 0.11109221541433954, 0.10459087749828072, 0.11301951665556366, 0.107567095944214, 0.10816785513003627, 0.10927889592351897, 0.09926492845526047, 0.11444004975087543, 0.10866343855226349, 0.10515149918113635, 0.09530125199261469, 0.11689897352693379, 0.10522116778183041, 0.11243021163199213)",0.03015548702417359
0.001955903520665374,0.005544736557553584,0.005105190674472917,"(0.0034244821858056365, 0.005207897131404363, 0.010612581378240095, 0.00048665808619014297, 0.003437143353758408, 0.005269962300473752, 0.01096082386729557, 0.0004114902799873691, 0.01726375137090289, 4.4328482613814145e-06, 5.3165420957285967e-05, 0.014275556273944702, 0.004249676994920662, 0.004588154025540284, 0.008106432401115124, 0.0014662054638639875, 0.0038446824973419956, 0.0047083227239870995, 0.00016669291128897188, 0.012356619635791946)",-0.7029772766046074
0.11775414198420198,0.10723030260405336,0.007959678546945653,"(0.10625339894220354, 0.11381674711474843, 0.10939546506467565, 0.10747118631708796, 0.10558356258815775, 0.11673678595953439, 0.0969282703000129, 0.11510885450649802, 0.09270489856740735, 0.11805400887679732, 0.09246456865890985, 0.11864707928537102, 0.11369862707115858, 0.0983615078451168, 0.11033615615551905, 0.10255207216058904, 0.11050557888934788, 0.1027504586125815, 0.10253666279964886, 0.11070016236570072)",1.3221437672488545
0.04494300352252287,0.03559006686960198,0.006813677410191045,"(0.04837336192760858, 0.023081268071731494, 0.02723441706745977, 0.0436658353098838, 0.026730764859123346, 0.0475124215890787, 0.044231052897366785, 0.02580397436331008, 0.03621503728972112, 0.03532431759387268, 0.03526039452190516, 0.03709952193950271, 0.03425989423426283, 0.03607027029356732, 0.035171232692547974, 0.03509055006966804, 0.03233107972475761, 0.0379537891816942, 0.032519857716421734, 0.03787229604855563)",1.3726708926565763
0.11495814456407323,0.10050624774786872,0.008757640451336719,"(0.11306383401030588, 0.08606764890925249, 0.1036178879143696, 0.0938642513291756, 0.09002857905341825, 0.10893723208386866, 0.09792531490057765, 0.10387476186499252, 0.11408467956843693, 0.09999691243933334, 0.09757918514381692, 0.10003648624157994, 0.08676522297469819, 0.11654926510577168, 0.09653134078950554, 0.10400156521584424, 0.10070768246410891, 0.09644610025608485, 0.10879188382688837, 0.09125512086534507)",1.650204401117958
0.015515102966778105,0.013194457579534231,0.005448341772559065,"(0.01231702645509842, 0.013942714825989655, 0.008007101339641387, 0.018395273271014017, 0.01186158428515757, 0.014183855476327042, 0.004831225928762739, 0.02168498478771473, 0.025957084922176715, 0.0021051781949084115, 0.01208834514365054, 0.01399727136645773, 0.009271799868512001, 0.016972176534342406, 0.009282534263469481, 0.016662159788396188, 0.015195976904281296, 0.011144841238537116, 0.01533178664955871, 0.01065623034668847)",0.42593608920276593
0.11370971114701975,0.10453023807502691,0.010124922934656475,"(0.10137761044715299, 0.10714899274043152, 0.1048007505403838, 0.11188238018140474, 0.10713321297362635, 0.1044404210175563, 0.10942399430392886, 0.09989943704816523, 0.11848581555265503, 0.09378658563184522, 0.1187453397432067, 0.08572233508209338, 0.09815908065764195, 0.11009429996127792, 0.09690108467096097, 0.11114358266870714, 0.08306849076795769, 0.11967872127738508, 0.09746278420744824, 0.11124984202670836)",0.9066215250461344
0.044009619524872104,0.04627523732857999,0.004050856034134828,"(0.04543785176535301, 0.04888924360674089, 0.035465569200717806, 0.049992454570633116, 0.038427679620449684, 0.049926694989533636, 0.040552989335533134, 0.049845108844302405, 0.04967510235677173, 0.044957356512264235, 0.04728081506614503, 0.04794467241862049, 0.047702220554634536, 0.047320720474985534, 0.047775680229961856, 0.04724488000450245, 0.0492955960433189, 0.044906524007533845, 0.04337294822478055, 0.04949063874481677)",-0.5592935874828676
0.10662251651528964,0.09977213664332557,0.01077027103687218,"(0.08220084291464043, 0.11771610373403255, 0.11963198956447718, 0.08034338589499664, 0.10230013361476173, 0.09711167395954083, 0.10554614265978261, 0.09362859438551499, 0.08772472974861815, 0.1120317248842369, 0.0880488991079037, 0.11165219843199808, 0.0976221873601413, 0.1016768865015959, 0.10246388558959567, 0.09670436996139518, 0.10740572322440971, 0.09218109392671812, 0.10072206297393221, 0.09873010442821942)",0.6360452627897384
0.014053622315267212,0.016310293983833508,0.003979204228092123,"(0.01845762201121073, 0.01440059760890179, 0.013461752730151391, 0.019391182771715684, 0.019729478024600136, 0.012894931861052098, 0.023792864598424553, 0.00836417252160732, 0.014370627008000576, 0.017959254388991926, 0.018357492002688304, 0.014598581787150584, 0.02072474250655723, 0.011911603118337466, 0.02192693294771059, 0.01012938439367046, 0.01837275926607278, 0.014369815707033629, 0.0175499200741842, 0.015442164348608662)",-0.5671163225638921
0.09668440746202699,0.10581935205239452,0.009209671473240531,"(0.10490437180218475, 0.10399592270711391, 0.11806856819477485, 0.08919522082745862, 0.09104527010464421, 0.11775644852765257, 0.09752709858052142, 0.11339832978981271, 0.09617647018821471, 0.11736516269961757, 0.10321132298985147, 0.10711427313773496, 0.10240077310510431, 0.11021261659294973, 0.11443106453672507, 0.09499023789179747, 0.1164163980734581, 0.09902644482232952, 0.10456759268660656, 0.11458345378933793)",-0.9918860425054121
0.019962449495754472,0.01174295521051353,0.007459190996025878,"(0.013442227299148943, 0.009834681085333648, 0.011288988317985452, 0.01132069346156047, 0.024652066450471254, 0.0005253250799049008, 0.023410994917432943, 0.0013294676489972181, 0.004159742566479877, 0.0188839039709278, 0.008956300292573872, 0.014076274642766297, 0.0042326286746448725, 0.019051045314639678, 0.011764458117509993, 0.011187715680131797, 0.017853529531180364, 0.005152137816596888, 0.0018551237362312005, 0.021881799605753174)",1.1019283846760515
0.09576062976177999,0.11115113849185204,0.008117045111533945,"(0.11276176591272367, 0.11379248313401867, 0.09281738279498025, 0.11981692741550963, 0.11219814966745673, 0.11536181662019293, 0.09778961135132692, 0.11935525125995958, 0.11417769674244546, 0.11206564581866274, 0.10795938361896318, 0.11671810629081675, 0.10611849947399359, 0.11753682876942503, 0.09283119338482185, 0.11995004598107967, 0.11445245773254445, 0.11170107070480681, 0.10969758239625572, 0.11592087076705734)",-1.896072834214369
0.03321602948189752,0.03369166066047195,0.007085243566203168,"(0.03910834493337698, 0.02841241771412418, 0.04799634066857865, 0.01787284085019855, 0.04319427342363326, 0.022894973775142394, 0.03924334777245318, 0.027741836732229193, 0.03450867211335109, 0.033352156985790214, 0.03512626450540412, 0.03268975882722395, 0.0331813682193425, 0.03445960345479061, 0.02552305159354635, 0.042964962278426215, 0.031900946761668096, 0.035970546820544486, 0.032664492909835925, 0.035027012869779155)",-0.06712982752536634
0.10796021613400295,0.10720423223277048,0.009609928590884647,"(0.10485510389952846, 0.1127310784063279, 0.10666228357059805, 0.10872237574454127, 0.11362069836354245, 0.1020632325809437, 0.10007818222499443, 0.1165149483028403, 0.09597372832011292, 0.11709951300030677, 0.11707301006510268, 0.0958449888554789, 0.1176136840062901, 0.0952532118398769, 0.09641412232809371, 0.1196647196183557, 0.08788331108509688, 0.11994320075604628, 0.10747754819898828, 0.10859570348834338)",0.07866696345168918
0.010094298316780806,0.008233964344456328,0.004946419877038338,"(0.016183968092969327, 0.0011892489940182552, 0.008981002448395193, 0.007314806863912763, 0.011154377472720831, 0.005067188760633157, 0.002284268574417475, 0.014292912429110991, 0.008472820382206757, 0.007442081994231836, 0.006747815904112101, 0.009263717972416872, 0.0011155449318876387, 0.01630186507964257, 0.000682923970936526, 0.016446864488402525, 0.006995059653591729, 0.008480327403673526, 0.005469374041296155, 0.010793117430550331)",0.3760970598068902
0.08318610017590117,0.09215318381308833,0.008356332069773403,"(0.0843879448313378, 0.09814429121693402, 0.09559255651527951, 0.08915940504078063, 0.11338720997941884, 0.08511774784004011, 0.09003895759335467, 0.09063679452529126, 0.08740189554830259, 0.09167680838008173, 0.09345912528101415, 0.08812575691783751, 0.08514380771897788, 0.09635472036965095, 0.08147486749480155, 0.10286727595439502, 0.09258922281193513, 0.08923321437215753, 0.10735898952609126, 0.08091308434408442)",-1.0730884749809042
0.04150866883668025,0.04184867577779074,0.0054204186381244515,"(0.04051126383424018, 0.04366363952469668, 0.03568986908161777, 0.04846465128353893, 0.04999651883856637, 0.034879260256923596, 0.04633776533077546, 0.03723942122328978, 0.04443879095226128, 0.03930574851189261, 0.046635634746750254, 0.0371282927802318, 0.04853713471259565, 0.03342777320252995, 0.04887515107465962, 0.033671186521510486, 0.04566136951587646, 0.03867936970685312, 0.04226449338805949, 0.04156618106894525)",-0.06272706294658813
0.11762172575626975,0.10902438638637918,0.010268299609378065,"(0.1007633567186616, 0.11893841218455871, 0.1197794774024139, 0.0911768305774498, 0.1189255610617416, 0.09839780435864809, 0.10178092784915474, 0.11745479440203324, 0.11107817358228436, 0.11294321376901867, 0.09350655896585926, 0.11996504030980673, 0.11993829149377501, 0.0913020470251223, 0.11637107628413246, 0.1040483977401381, 0.1070538948188999, 0.11662516592665924, 0.11768826002034577, 0.10275044323687985)",0.8372700151871882
0.0147758201233711,0.029881088779551368,0.005198273203852168,"(0.02389508950499998, 0.03533139492371323, 0.027986308009813776, 0.030831816309390893, 0.029782629029272752, 0.029306942999431665, 0.03152241728944899, 0.02744387965707335, 0.038296522565339254, 0.020203477047004554, 0.023028351357337676, 0.04158993836573003, 0.03446288855771429, 0.027121092555595683, 0.029381386779604987, 0.029459167630550682, 0.024226858431943922, 0.03466639936241291, 0.03047634913964526, 0.028608866075003427)",-2.9058243120016365
0.08353805425744947,0.09800169810048445,0.011221479413396592,"(0.1179067786534889, 0.08011059996869238, 0.11441500043307726, 0.09332221998568337, 0.09128356902825226, 0.09720682024350959, 0.09629291190119245, 0.09808982891961164, 0.08391837982186921, 0.11215812525056035, 0.09644220315809847, 0.09641651398059554, 0.08162932935282853, 0.11410991065044247, 0.10325886733458527, 0.09258103753226124, 0.10972233516290854, 0.09141901880812395, 0.10346962056694162, 0.08628089125696595)",-1.2889248654475796
0.03776154445619793,0.03408258915055717,0.007967964265272907,"(0.026841360586171877, 0.04052990677379388, 0.04714668610240005, 0.024728637947206315, 0.0343685583404552, 0.0330168450329091, 0.02452045446897679, 0.04288013554276171, 0.031788644477816534, 0.03641191370388093, 0.044592608386735295, 0.02266867872915287, 0.03209466281526282, 0.0355418968625933, 0.04090408544345084, 0.02708394610480207, 0.04490863351430402, 0.024455896323212063, 0.025816650515247442, 0.04135158134001024)",0.46171834902358894
0.10821999977397206,0.10907195815307164,0.00984986644489897,"(0.09055267567188476, 0.11972339838583616, 0.10846589538011076, 0.11525046506914671, 0.11084314622693296, 0.11244970145633959, 0.09426311779461495, 0.11943207031774894, 0.10579079939612976, 0.1158839725247637, 0.11761799397732539, 0.10222883202773489, 0.09315491839434177, 0.11956674125565231, 0.1074086618381374, 0.11512992601209607, 0.09505539186243914, 0.11918354929688849, 0.11770966335292228, 0.10172824282038656)",-0.08649440922529275
0.027658056129002507,0.032463850782524985,0.0030357643106697523,"(0.03406631890698026, 0.03040243844934211, 0.02741876420236136, 0.03681029141859421, 0.033987057337218206, 0.03153336617308338, 0.029772158156105066, 0.034540567233785846, 0.033615011803288006, 0.031901034704025735, 0.03254130590307125, 0.03259744861605877, 0.028597281630612887, 0.03560578425825832, 0.027747707541623336, 0.037810305414071536, 0.03654558956725655, 0.02860769657841076, 0.03298826384127337, 0.03218862391507876)",-1.5830592107007873
0.10880850929709614,0.10244424046169087,0.011835833520547512,"(0.09593723970464475, 0.11217209698685829, 0.11147406544196795, 0.09342317725422912, 0.09944083521977881, 0.10674400471924397, 0.09812579651176893, 0.1091428178020677, 0.08638366189874243, 0.11719182721776329, 0.08213755633780725, 0.11941621582695802, 0.08528473874691611, 0.11758883174699356, 0.11622509489524349, 0.08812114104700573, 0.10866475429163432, 0.09645540585919934, 0.09535534642876087, 0.10960020129623324)",0.5377119257681872
0.00040906311550156413,0.0032217257955013574,0.0029109288921219736,"(8.967201641992065e-06, 0.007580162140834599, 0.000551015181706721, 0.006078531742398374, 0.0004161194686288357, 0.005996480530661705, 5.608390565742935e-05, 0.007351664177748629, 0.00032524226528451945, 0.0058456087097896155, 0.00025806689634625134, 0.005155280667285486, 0.006553729757456179, 0.0002838433623539399, 0.005400188010898696, 0.00037617228455739065, 0.0008540006552758734, 0.005585906768431928, 0.0018955913350320397, 0.003861860848036944)",-0.966242317911604
0.08881393946079523,0.10490383386752017,0.010957521289865966,"(0.11489665178159941, 0.0940702104471474, 0.10415581115069115, 0.10678590760203455, 0.1020534732203763, 0.10748198334095538, 0.08898015912405, 0.11836977062955882, 0.11600749711192844, 0.09062502499128725, 0.1129526605209949, 0.09933638445352833, 0.11558223579373195, 0.09930403228504596, 0.11970242240643178, 0.08296058544784435, 0.10407345915377489, 0.10893887285090716, 0.1185979029000163, 0.09320163213849893)",-1.4683881492072148
0.03460007893100733,0.03347889895868029,0.00834031636963408,"(0.03355561594953426, 0.033624402707156685, 0.039263159641108894, 0.02723691905319503, 0.037639929640838635, 0.028736447348750693, 0.03452284189530288, 0.03335330127775004, 0.027774530365932422, 0.03907813060890919, 0.021119994313120883, 0.04535503629270652, 0.04086454575022792, 0.028159876717123545, 0.027628752362655246, 0.038914791797349205, 0.04128042659146875, 0.025625023269144107, 0.015880376280320036, 0.049963877311010735)",0.1344289500107099
0.09052173398117053,0.09799859352606292,0.013509438464006105,"(0.1081538205009685, 0.08526472060140675, 0.10312806583029382, 0.08822418767755993, 0.11482895832047474, 0.09211236670544416, 0.08065030919094904, 0.1160529333047534, 0.08558528601268009, 0.10702853835479732, 0.11196365316657392, 0.08340191021041264, 0.09996863368499903, 0.09567267383393183, 0.0851702142512601, 0.10687489955767604, 0.11282345750515707, 0.08317387369746776, 0.11984806221899735, 0.08004530589545507)",-0.5534545025548901
0.030401801512947968,0.03443468597602691,0.007637897085393743,"(0.03347255616718022, 0.035145662923220626, 0.03094707076535036, 0.037716306762119005, 0.04664718592902067, 0.025466859012609835, 0.04266809006612083, 0.025969809095307175, 0.03522725193806487, 0.033288341574873245, 0.032207318384349384, 0.03695748938254673, 0.025083723362993728, 0.043053171866120926, 0.04110667715005818, 0.027716525491203126, 0.018373928831230693, 0.048264600271306524, 0.033963662364199704, 0.03541748818266238)",-0.5280097935322002
0.09418753712004163,0.0973285460345112,0.010984265758282255,"(0.08269353488717535, 0.11439565877424149, 0.08969704068336082, 0.10303301603051351, 0.08597121575715962, 0.10903427728663741, 0.11035747043073252, 0.08528374240901697, 0.10068011676741422, 0.0930840533023762, 0.10448504471069556, 0.08973565690245124, 0.1128445671088725, 0.08167817814473942, 0.10449715140972807, 0.08951652938039248, 0.11158992844906356, 0.08439229680134841, 0.09877928109114793, 0.09482216036315677)",-0.28595529128573893
0.038628581236243464,0.03814825847707139,0.004540163864493077,"(0.04282413270286566, 0.03426147650903209, 0.034066532690315475, 0.04132638436567278, 0.0444898379109118, 0.03234588159334955, 0.034198812276007205, 0.042952048635727325, 0.03655197422503427, 0.04042191325917352, 0.04054256947184731, 0.036269558679495884, 0.04413287475360817, 0.02819070236916902, 0.0349481413523092, 0.04168593822755375, 0.03453844916839856, 0.042283363199648705, 0.04073900301577319, 0.0361955751355344)",0.10579414609426376
0.10696928692744138,0.1011703476634084,0.011713247286653142,"(0.11879451787208499, 0.08184648796913446, 0.11796459440628745, 0.08286420003508842, 0.09827225135886564, 0.10508371676090937, 0.09194388093890925, 0.11032157583946473, 0.11344813927008192, 0.08964190598961384, 0.10103045407916288, 0.10146085463731191, 0.09341411625981748, 0.10926147705233974, 0.1024694354066519, 0.10185557620134345, 0.10148256713783792, 0.10102450620212183, 0.11933175176698133, 0.08189494408415947)",0.49507528716145854
0.01576576428039318,0.02447697376981524,0.005947794849754843,"(0.022124982780280442, 0.02739658734866961, 0.018417659228324657, 0.03134817777288612, 0.021465935746561374, 0.02736704463466859, 0.0349011136798788, 0.015071893944096228, 0.027863559987952626, 0.020519599026289942, 0.02449631374183698, 0.025395717729994473, 0.032904170223396444, 0.016071632309051283, 0.031716482024669555, 0.015942883553359714, 0.022574032466623227, 0.0271956979838565, 0.028449460696828854, 0.018316530517079346)",-1.464611626573018
0.10096787179375366,0.09687932068723581,0.009973864855407123,"(0.1199992887589183, 0.08162781787059294, 0.09688841344481912, 0.09578915986415558, 0.08506027643297472, 0.1074606772021039, 0.0959489622260564, 0.09791792732153372, 0.09257096712539617, 0.09974929103965387, 0.09365623291673351, 0.10151084647594065, 0.08561390788116031, 0.10644589755138983, 0.09595479691341086, 0.09513523141922473, 0.09521184057356157, 0.09480155444236388, 0.08113630460946396, 0.1151070196752621)",0.4099264593806205
0.0064940057466195585,0.00742515618742136,0.004906447682342176,"(0.015370830568507604, 0.005358544461470796, 0.01159379106547364, 0.0023350373549790976, 0.015202663216134105, 0.0005607021067083981, 0.01238222102416505, 0.0018751401320261742, 0.013110781096971029, 0.0013985175453350822, 0.0022155245813156635, 0.011988100244246742, 0.009249084461826455, 0.004324808446080234, 0.005339093312572346, 0.00799263989960008, 0.005581433395281785, 0.0074671174339213005, 0.012376789027111366, 0.0027803043747002395)",-0.18978097823256543
0.11329332264280578,0.0980257779393303,0.011579110335735525,"(0.09261300754898541, 0.10198309322260157, 0.0890426559340625, 0.10614832674471249, 0.10890655212107712, 0.0870033106536362, 0.08100163951365175, 0.11785825556076238, 0.10813753827284564, 0.08755891716840147, 0.09112603782709033, 0.10386459390317926, 0.09508760282148, 0.09942335774531341, 0.11999335661168768, 0.08000168525927603, 0.1033475562010166, 0.09150960609528165, 0.08676376174918222, 0.10914470383236208)",1.3185421211815114
0.024525310112243962,0.020267626933488457,0.002483520225827822,"(0.025806447475921052, 0.014901680585811922, 0.023076043871207985, 0.017504314765591843, 0.020963046934808303, 0.01958175431460035, 0.021065197191183258, 0.019496656472276254, 0.021014588619594834, 0.01972186217603642, 0.018697549025887838, 0.02178983526736193, 0.016205992016201872, 0.02393380455160944, 0.02125902435653906, 0.018898875837614255, 0.019714801025731667, 0.021002592186285862, 0.02095727066422805, 0.01976120133127703)",1.7143742718408135
0.11214191084644619,0.0982861435732021,0.009922612258690072,"(0.09842622503326662, 0.09512718130079813, 0.08182230964349425, 0.1185194862586354, 0.11026889937273306, 0.08644262771351843, 0.0984921246076221, 0.1015730315122535, 0.09144867245102652, 0.10476139983337131, 0.09685061748593107, 0.10022367288921888, 0.11667683922587735, 0.08181913346744796, 0.09941718386001036, 0.09393995495672974, 0.08927721565102924, 0.10698213280906313, 0.09633806629100938, 0.09731609710100511)",1.396383020117451
0.005256885935923117,0.003110474756555086,0.003241851311172946,"(0.0008407818660440242, 0.003422005825001716, 0.0003188806355112554, 0.00502139985112697, 9.722346781219193e-05, 0.008485274654139568, 4.240453813014784e-05, 0.009654364046241124, 0.0005192004415429896, 0.004310293158985593, 8.207195402765158e-05, 0.008531818261064276, 0.00016832001000871837, 0.007118664669832878, 0.001791950892874282, 0.0018822574226199308, 0.0003258808069364926, 0.005416463032440497, 0.0033038693598467896, 0.0008763702369146243)",0.6620942706318724
0.0900205094049905,0.09436540981646727,0.008729458698548161,"(0.08632657809696967, 0.10148432865330438, 0.09582925012057752, 0.0904275407182673, 0.08001255007232948, 0.11985393594423321, 0.09847532588238175, 0.08929294165968545, 0.10361175553305302, 0.08507504173519165, 0.09664858166761141, 0.08981754918763629, 0.0971360778472399, 0.09160761050059193, 0.0900793943762277, 0.0964073924830166, 0.09187764602566373, 0.09457100158192486, 0.08503624319128096, 0.10373745105215833)",-0.4977285031658824
0.01489044703848973,0.012203970917333405,0.003997974543752718,"(0.01392722551273894, 0.01089355424308964, 0.015555807816280777, 0.009724283540774073, 0.006238065266727053, 0.01655839356709038, 0.015569942711227287, 0.008207755168375129, 0.012234990422649276, 0.012525230239140154, 0.011297058329579833, 0.013480338371301047, 0.020691037963170032, 0.003013807220075267, 0.011465778025129686, 0.013169666630616812, 0.016306178823576118, 0.00831564140617419, 0.01434652636334603, 0.010558136725606349)",0.6719592863226815
