0.004596115915136089,0.0013873677895114742,"(0.004534921909009147, 0.004298052882441394, 0.004635387075186238, 0.004066260246241862, 0.005422175376506987, 0.0036495143655382424, 0.004139767107373754, 0.00469970842114533, 0.00572500699887651, 0.003320266929012075, 0.003654978293448548, 0.005416128701565592, 0.004423197529187187, 0.004501406981928714, 0.0027801348454516914, 0.006947649587944255, 0.0036363904397988087, 0.005373593000897352, 0.008383119812775255, 0.002314657798392855)"
0.0024185919291530088,0.0009997913303024376,"(0.0025464135685740706, 0.0019681932719429114, 0.003447463783906087, 0.0013948877206072874, 0.0012736816191755158, 0.004009826075926014, 0.002082954179371422, 0.002400966263319738, 0.004986105670738642, 0.0009745392139064806, 0.0032033454934215105, 0.0015949817070328436, 0.0034524384384186663, 0.0014905487249239012, 0.002277231861737036, 0.0021763529953759543, 0.0018058193866737843, 0.00278387470941336, 0.001963756070619351, 0.0025384578279755987)"
0.0016715930607037193,0.0007605757227689616,"(0.0017929737540692695, 0.0013052465036869545, 0.0005664325219392677, 0.00395789861251534, 0.0012490424590498154, 0.001911938007242113, 0.0008435597946847667, 0.00276908223624183, 0.0010887635750284157, 0.0020814975153385794, 0.0014872995391613311, 0.001605967220072641, 0.0015709615915300396, 0.0015319721652146338, 0.00160951275383624, 0.0014372059167271805, 0.0011209785792965327, 0.0020940322365401967, 0.0009457945708911586, 0.002461701661008081)"
0.0005742807011431807,0.00033939189006874823,"(0.0002100180193499446, 0.0010943530425433045, 0.00020741875046410512, 0.0010984918624787777, 0.0011839288197264424, 0.00019521124144935382, 0.00028740257143485985, 0.0008000231060977863, 0.00035424168486155515, 0.0006444604838160287, 0.00030733283542169515, 0.0007516853905254803, 0.0007344909446358439, 0.00031510202774633745, 0.0004161912042420549, 0.0005507974832219684, 0.0002279137572754425, 0.0010086429039366824, 0.0008163444911542737, 0.00028156340248167725)"
0.0005251352747624464,0.0001191146770258093,"(0.0005912868840986074, 0.00044466853762796597, 0.0005876875158105577, 0.0004460030558907041, 0.0007073885623615099, 0.0003723531840825434, 0.0005871364913634671, 0.0004478295994394466, 0.00048680884954643323, 0.0005388259349452794, 0.0005410746539331873, 0.0004867610024655625, 0.00041036110928779733, 0.0006422030407871336, 0.000828801261627749, 0.00031695714991371977, 0.0005124024801218202, 0.0005131967667865664, 0.000431000328781286, 0.0006099590863775903)"
0.0023952190194582164,0.00046310437350036317,"(0.0020966395254829583, 0.0026420393894655875, 0.002065631128783581, 0.002665297513495641, 0.002104531863678223, 0.00263945982733445, 0.0034137763717171136, 0.0016221299162243958, 0.002527859726229279, 0.002181304807659387, 0.0018589942553931468, 0.002988276939351911, 0.0021973358118888733, 0.002530830172775716, 0.002860392087883919, 0.0019333764036395932, 0.0019929493636805964, 0.00278077311389944, 0.0019199665124599785, 0.002882815658120541)"
0.0011768404715001676,0.0001918938389372734,"(0.0010215269588330393, 0.001322584974206478, 0.001443471727323468, 0.0009305783416822784, 0.0013249948417276061, 0.001022476598988234, 0.0011112587984508453, 0.001215498772301651, 0.0013252665198049132, 0.0010150563909773812, 0.001098996991931254, 0.0012327602110091442, 0.0016177422513481907, 0.000838319723322129, 0.0012317891186824019, 0.0010951057818679374, 0.0011369725797046274, 0.0011887699894422815, 0.0009660598721934061, 0.0013975789862060851)"
0.0013999391793142624,0.00029028552510255794,"(0.0010684803674568008, 0.001762028050932111, 0.0013653661029576622, 0.001367096470627663, 0.0014025216162451269, 0.0013483495977120962, 0.0013223867408136557, 0.0014234845034479242, 0.0017027506054962164, 0.0010985575773600365, 0.0016325979364669855, 0.0011582199746345758, 0.0009852803276517743, 0.0019222057796610393, 0.001234910892766042, 0.001520962509879539, 0.001996464746623694, 0.000943493917848253, 0.0013955556600961018, 0.0013480702076079472)"
0.0014851507655578918,0.00032220695299620627,"(0.0016888711559302151, 0.001252354711738519, 0.0014989211615758005, 0.0013982018332085709, 0.0015279717116734354, 0.0013913982682312036, 0.001277794137986496, 0.0016553428293895561, 0.00173236868979067, 0.001212458985146922, 0.0024814729976697755, 0.0008565528032862702, 0.0012880776750682312, 0.001653077842081667, 0.001753893384636716, 0.001202819417439397, 0.0013532249700041017, 0.0015636677484733037, 0.0013594651350878721, 0.0015550798527391046)"
0.0031220606088659727,0.0007471866617406882,"(0.004577981997029363, 0.002017308171879217, 0.002682590488560461, 0.0033787698260449588, 0.0028109828615919446, 0.00332109472186824, 0.003084047472293971, 0.00299523774190306, 0.0024843818408680687, 0.0036646898423032905, 0.003125701290597819, 0.002985031278421749, 0.002913201141255598, 0.0032145964718100803, 0.002209821653995116, 0.004156973065123095, 0.004040083971302978, 0.002287805601818178, 0.002103121605698576, 0.004387791132953694)"
0.004395200477858215,0.0011696642414515067,"(0.0030043222151299874, 0.006009113249968752, 0.003365945116613585, 0.005229196533935902, 0.004338645393685308, 0.004223340475933821, 0.004462006663892864, 0.004047824567441845, 0.0032060324305443256, 0.005523141944092592, 0.005104569786536772, 0.003586675083217839, 0.0031256729670702172, 0.005887024206452186, 0.006239932473604106, 0.0028722760684688846, 0.002862641825668316, 0.006313294462204886, 0.0040641419131199645, 0.004438212179582136)"
0.0039151202204950174,0.0006260228347360946,"(0.003438390803390792, 0.0043512083736218276, 0.0038920011640005405, 0.0038104854153301164, 0.00466722221136289, 0.0032239395851016185, 0.00364786713686105, 0.004103265076931845, 0.003153292389569033, 0.004712411987204023, 0.0052491486485057946, 0.002865219480227061, 0.0032294227151449567, 0.0046658458544035645, 0.004269491072642017, 0.0034949046047118254, 0.003941439399691975, 0.0037965262775408273, 0.004352100161655643, 0.0034382220520029366)"
0.001493164646271185,0.00036392758635466686,"(0.0017635163609120374, 0.0011978534086129508, 0.0014410922893823828, 0.001456258191153157, 0.001679856303671263, 0.0012626238628979031, 0.001188431761176113, 0.0017779025649119942, 0.001467895047036544, 0.0014318351859011977, 0.0009978618543942622, 0.002124981515645123, 0.0014912431379216563, 0.0014238469166512708, 0.001318180977744322, 0.001599451912098657, 0.0008510982851259223, 0.002482551362851781, 0.0014441735253677046, 0.001462638461967457)"
0.0025445260657946103,0.0003610250728475815,"(0.002547692086619444, 0.0024933445635390763, 0.0024249870737754844, 0.0026025368113287927, 0.0021145247619655974, 0.003016777206074071, 0.002404901815875698, 0.0026422641584055474, 0.0021083874053320984, 0.0029977138566804813, 0.002574163603445728, 0.0024772845192806143, 0.0028994599065816757, 0.002202377903489403, 0.0033400664232585966, 0.0018981177614270446, 0.0024021790156723106, 0.0026447586606593914, 0.00293293850167632, 0.002166045280804827)"
0.00010023807997789965,2.3076177733151117e-05,"(8.123129489441852e-05, 0.00011759876747127709, 7.134878874923956e-05, 0.00013387914877105466, 0.0001237373896986897, 7.720457302071138e-05, 0.00011221624615036193, 8.512798694034913e-05, 0.00010603846837426147, 9.008284586766988e-05, 0.00010791700335279535, 8.85222638198055e-05, 0.00011340637628427551, 8.423849288273803e-05, 7.321170256203744e-05, 0.0001304779918645618, 0.00014587534377293005, 6.548531689667763e-05, 0.00011144351663686644, 8.571808154727164e-05)"
0.021347502943356106,0.0013582211500834111,"(0.022313083544405345, 0.020377993397433625, 0.022262656879987255, 0.020346028081874634, 0.02020154254733696, 0.0226442506216061, 0.022615634527360484, 0.02043460687157881, 0.022409776765538316, 0.020386030818973624, 0.020009130768600482, 0.02276289272388914, 0.023697434864514047, 0.01912535229799328, 0.019735036560412013, 0.022740440339277315, 0.022461679828149908, 0.019447565995510886, 0.02177417638138921, 0.021204745051290733)"
0.004031025877962179,0.001294407503247535,"(0.004030247677136078, 0.0036892072075373817, 0.004365928537375172, 0.0032716007192854983, 0.0048563554124336035, 0.0031063053952283173, 0.0035514629823174626, 0.00414873861178428, 0.005172109407920263, 0.0027682870123603254, 0.002895085142724213, 0.005208030523124236, 0.003855887621701987, 0.003944679383266998, 0.0024366382870080784, 0.006021329158765942, 0.0033089626892760103, 0.004527145558797321, 0.007504931986454026, 0.001957584244746406)"
0.0020734277435261114,0.0008784321099046541,"(0.0022257515324615833, 0.0016525915249731061, 0.003236111873355923, 0.0010830289518070167, 0.0011241552506768677, 0.0033303821961634212, 0.0017452485113194866, 0.0020849982249190268, 0.004447903794813677, 0.000790255607753995, 0.0024421088429519818, 0.0015319987841142856, 0.002951558751342143, 0.0012810354639517544, 0.0019603656015025686, 0.001846480727598467, 0.0016246719296357788, 0.0022844106962225746, 0.0017328300639553168, 0.0020926665410032543)"
0.0014299292835953143,0.0006005664987322412,"(0.0015846629294447396, 0.0011090761014362167, 0.0005367177313198159, 0.0031176955364895943, 0.0011144716062475258, 0.001606863630280157, 0.0007146180088294238, 0.002433784242651041, 0.0009809622019898907, 0.0017109028512380545, 0.0011489423992532615, 0.0015571895115684081, 0.0013587831026497853, 0.0013310581662894679, 0.0014006490817451633, 0.001234510891978798, 0.0010189573911344296, 0.0017404072586350533, 0.0008434219533922612, 0.00205491107533319)"
0.0005503681520717957,0.00032485671640019475,"(0.0002020363874613411, 0.0010461184373758239, 0.00020099426461571177, 0.0010416050918851164, 0.00114007067028451, 0.00018636972429859607, 0.0002747105628052489, 0.0007685656154306296, 0.0003412499266926509, 0.0006137645064884315, 0.00028986384103570247, 0.0007325515417764208, 0.0007034742017519278, 0.0003025469581624848, 0.0003990852010401914, 0.0005278100623438894, 0.0002198502005291902, 0.0009627733028420958, 0.0007851419912747762, 0.00026878055334117565)"
0.000514203806814105,0.00011680173260915739,"(0.0005797809196654967, 0.0004348617488995412, 0.0005780762373733991, 0.00043460691080658156, 0.0006939074266769144, 0.0003639703169263729, 0.0005742165524585087, 0.00043884494368756654, 0.00047765592530003566, 0.0005260787546862606, 0.0005262501601900997, 0.00047984265290521716, 0.0004016979212428269, 0.0006291476481350988, 0.0008115633989875101, 0.0003102899341108534, 0.0005030483835421109, 0.0005014899968225464, 0.00042263555728417473, 0.0005961107465809832)"
0.002298711045798086,0.00044383058258364207,"(0.0020199310868059157, 0.002527758289597395, 0.002010363827481549, 0.0025206503744723053, 0.0020302448555220166, 0.0025218229342509027, 0.0032668485210632253, 0.0015602833191068176, 0.0024418378730507737, 0.002076188848011981, 0.001752332830234702, 0.0029214832882197006, 0.0021089005694200857, 0.002431537976177224, 0.0027470718672487127, 0.0018540102716079253, 0.0019280141559165258, 0.0026520024038140925, 0.0018516654518244318, 0.002751272172135431)"
0.0011242730540463363,0.00018604316178875554,"(0.0009791271247390708, 0.00125913505754362, 0.0013949246917646218, 0.0008774655573822225, 0.0012713289512019112, 0.0009724328282800883, 0.00105845967559037, 0.0011629894849494316, 0.0012725396453078912, 0.0009622776273662352, 0.0010324795087088205, 0.0011972181988425565, 0.0015448433388848396, 0.0008014248125772809, 0.0011764903044796295, 0.0010454037493056948, 0.0010934581460810824, 0.0011289684759826068, 0.0009264021156351733, 0.0013280917863035767)"
0.0013275043530341839,0.00027639100288365297,"(0.0010177226326087134, 0.0016643348212219762, 0.001314468434530688, 0.0012756208493545564, 0.0013376760864666673, 0.0012717990213511935, 0.0012495041240178073, 0.0013530881061337994, 0.0016259641318767048, 0.0010318704329896477, 0.0015156975980462062, 0.001122041035824279, 0.0009338056629238509, 0.0018254284947319974, 0.0011713241863322164, 0.0014411875998629657, 0.0019096646146093152, 0.0008885619583125795, 0.0013301013383382994, 0.0012702259311502158)"
0.0014230384386594204,0.00030149142316267453,"(0.0016262647804205566, 0.0011968926836929499, 0.0014579338205383443, 0.0013214812627995395, 0.001473285946495919, 0.0013276806643671875, 0.0012209343861455102, 0.0015917101724479122, 0.0016719380863449984, 0.0011529974544712922, 0.002332950869306998, 0.0008380428895709028, 0.0012345273119586553, 0.0015874926511290366, 0.0016825894673887524, 0.001152797743002571, 0.0013082405494439012, 0.0014904286884631582, 0.001309707391767678, 0.001482871953432549)"
0.0029154713284237598,0.0006947229834814942,"(0.004307926584998934, 0.0018732269790607656, 0.002577488340760872, 0.0030694039202758434, 0.002653631426383439, 0.003070932188036349, 0.002856932178267909, 0.002816394947013266, 0.0023478653976478415, 0.0033732357007639573, 0.0028101871513586526, 0.0028969373952337273, 0.0027203048267749664, 0.0030066835447001756, 0.002066482833623892, 0.0038786005795466874, 0.0038344119812397165, 0.0021115326750894827, 0.0019815501021069448, 0.004055697815591758)"
0.004169975058786887,0.001066192969895413,"(0.002884156615493275, 0.005676369200300734, 0.003324783885205558, 0.004797054963800408, 0.004183558246054413, 0.0039654045087760695, 0.004195896632556135, 0.0038875430134885655, 0.0030967608001274036, 0.005157408631256388, 0.0046200944614222545, 0.0035856774583766715, 0.0029721290516949747, 0.005608565262844928, 0.005947684894444954, 0.002727879455181926, 0.002781172900374317, 0.005912029624877465, 0.00391048972281283, 0.00416484184664847)"
0.00394290123545016,0.000619500954370746,"(0.0034741615921709606, 0.004373707173407222, 0.003963075800724893, 0.0038013596800756905, 0.004722953982533766, 0.00323303083836092, 0.0036597551835865043, 0.004148276829344743, 0.00318673499787442, 0.004729209833083194, 0.005207680900713301, 0.0029303480236507495, 0.0032555753735633236, 0.004697354650872631, 0.004302758981431988, 0.0035205690326552646, 0.0039959030919228325, 0.0038075554982279327, 0.004395719317225862, 0.00345229392757701)"
0.0014659397605541892,0.00035938886335516,"(0.0017340750319225968, 0.001173854324144101, 0.001426937720488986, 0.0014172976032657768, 0.0016535616658038506, 0.001235349543197616, 0.0011625795569390211, 0.0017495449417834546, 0.0014452026633610547, 0.0013998176709981657, 0.0009676409157694001, 0.0021101736837556852, 0.0014633386611261772, 0.0013975620926308361, 0.0012943585240172452, 0.0015690441550207102, 0.0008395746159994234, 0.0024270004029729505, 0.0014208854775591049, 0.0014309959603276275)"
0.002494070104505806,0.00035155611753097827,"(0.0025034825637859975, 0.0024394789991222365, 0.0023961719469997107, 0.0025314584568694202, 0.002079704165572452, 0.0029478594227586147, 0.0023514884700932114, 0.0025952999072955136, 0.002073261607028397, 0.002926616870005016, 0.002493807487138149, 0.0024572151986162884, 0.0028415872137798, 0.0021600815426327472, 0.00327495994723348, 0.0018602835366326078, 0.0023657297165972967, 0.002584210587149144, 0.002881460001499862, 0.0021172444493061642)"
0.00010023836264018718,2.3075725416697074e-05,"(8.123347086781368e-05, 0.00011759711200100143, 7.135411031156612e-05, 0.0001338702905833897, 0.00012374147808491025, 7.720281797654835e-05, 0.00011221444471953226, 8.512959326396225e-05, 0.0001060421644627729, 9.007948016624436e-05, 0.00010790580324340468, 8.85322565736014e-05, 0.00011340606118555397, 8.423975124922021e-05, 7.321216298645329e-05, 0.00013047818213123702, 0.0001458818978551683, 6.548379301876228e-05, 0.00011144625288571206, 8.571612923688887e-05)"
0.021102160647361107,0.0012895965496641795,"(0.021992652345927524, 0.02016953745016106, 0.02187096504063654, 0.020304036476075284, 0.019909308763454616, 0.022415968407025224, 0.022399730184136348, 0.020140226671425145, 0.02214411124436443, 0.020145650250689363, 0.020020258107567357, 0.022267338617359068, 0.023325041310159444, 0.019001057982242643, 0.019492582621207566, 0.02249297452994461, 0.02216151583285644, 0.019282098723519714, 0.02142529999611531, 0.021082858392354444)"
0.012809921910831879,0.0038163279333887938,"(0.013985965955035118, 0.012117398303895023, 0.014392772844322948, 0.009784603416020402, 0.00979958396190513, 0.011274266396478586, 0.015518344593576249, 0.010932516393947288, 0.013149219331818136, 0.010591689420314345, 0.012224714394779117, 0.013885400465168118, 0.01570871014856979, 0.010346952422481098, 0.008341381430383191, 0.017867873769600535, 0.010363275872596705, 0.01602393682592019, 0.023574357357369447, 0.00631547491245617)"
0.005364661329636681,0.0024216306756931075,"(0.006035013289875733, 0.0043200312958043986, 0.00836147291118657, 0.0025988760330147107, 0.0017577359208245172, 0.009300564977554864, 0.005676493108490929, 0.004627451048143936, 0.009233231192559576, 0.0023083310416844153, 0.00723063765318534, 0.003664530762853993, 0.010060808112294957, 0.0025348424646491645, 0.005117493216569313, 0.004552626971592374, 0.0041442969579889985, 0.006006241001605841, 0.00450786490172354, 0.0052546837311304466)"
0.003142631720057416,0.0013170125303425893,"(0.0037323620269049456, 0.002461849894979765, 0.0012004186001382114, 0.006532256806892066, 0.0015612260123456243, 0.003778168025395277, 0.0018763177549991996, 0.004956972996640996, 0.0018328965485450237, 0.004173589318752036, 0.002650694279693759, 0.0035520447790553717, 0.0039554899547557774, 0.002306950362058528, 0.0030766763618320634, 0.0027340140183380462, 0.0023314337454311664, 0.003714310939371739, 0.0019144347994411851, 0.0045105271755775216)"
0.000526777675936708,0.00029946547278470956,"(0.00020575059231179958, 0.0009803443819814876, 0.0001976057530205923, 0.0009803228144757061, 0.0009753468861739167, 0.00017980022602382618, 0.00027209516578972323, 0.0007466579232325322, 0.0003182492265656409, 0.0006007234953918424, 0.00026690561304353754, 0.0007652452734081268, 0.000746333507169782, 0.00027157628945995274, 0.00037563518688567456, 0.0005279041644604056, 0.0002253065428256629, 0.000871024662163992, 0.0007663806006046354, 0.00026234521374532063)"
0.000551881430813338,0.00012303102978736624,"(0.0006271244986242667, 0.00046593330013404167, 0.0006229500167150683, 0.00046553134795460045, 0.0007283850559451134, 0.0003912343275445672, 0.0006189994040432119, 0.00047260771033010897, 0.0005088494548733942, 0.0005686820158479647, 0.000562485362062335, 0.0005205719144531325, 0.00043938807246965037, 0.0006654616751899024, 0.0008690140622295295, 0.0003351087106514204, 0.0005454253711272629, 0.0005332378400767119, 0.00045469745708024914, 0.0006419410189142283)"
0.0028621272829123493,0.0005611628870639544,"(0.002516472571790864, 0.0031686011161311633, 0.0025094118384812844, 0.0031297094771357697, 0.0024199085832141386, 0.0031709541122935474, 0.004150375595334154, 0.0019222661690574245, 0.0029876201179750766, 0.0026247582371339844, 0.0022301929465954203, 0.0035796613377590426, 0.0026897311190450003, 0.0029585408079728552, 0.0034427769588053574, 0.0022941817247184573, 0.0023938647498059065, 0.003318911118506377, 0.0023074328389273025, 0.0034271742375638525)"
0.0013350340027771788,0.00022458592807938187,"(0.001165207915171109, 0.0015008281592447385, 0.0016614469809383158, 0.0010396417878280502, 0.0014524061115536707, 0.0011619383096147392, 0.0012716338838058279, 0.0013767495071087587, 0.0014917042867625158, 0.0011554250192031476, 0.001235994937959708, 0.0014179554576518394, 0.0018774229754035996, 0.0009312636637825625, 0.0014001763083287973, 0.001240711933795957, 0.0013017620425318024, 0.0013365074443056073, 0.0011025361661539735, 0.0015793671643988586)"
0.0016510596690270714,0.00033453901158095686,"(0.0012808459614052255, 0.002072682814661597, 0.001648177419734292, 0.0015801241222856133, 0.001569494556665446, 0.001593404690527084, 0.0015762681891393808, 0.0016882735165104868, 0.0019844241635818705, 0.0013065232140330152, 0.0018850012133889552, 0.0014146543964470987, 0.0012118147435133276, 0.0021924932976629553, 0.0014546176900012285, 0.0018080685969822582, 0.002412745119605265, 0.0010893219291040783, 0.0016638941933893195, 0.0015883635519029263)"
0.001704689111051711,0.00034479328311953956,"(0.0019907764383235256, 0.0014275609836076353, 0.0017657701261540257, 0.0015732839650615443, 0.00165022823429966, 0.0015987998863339797, 0.0014835373331155543, 0.0019221526898361694, 0.00195845545734117, 0.0014096892231614698, 0.002763972725294801, 0.0010344843035667455, 0.0015624289996512182, 0.0018221560378880303, 0.002002631685578578, 0.0014044291869386581, 0.00161134302144148, 0.0017400740742710356, 0.0015800795864243057, 0.001791928262744632)"
0.0039965029899760255,0.0010707930725414757,"(0.006162785968645568, 0.002503795347097891, 0.003574938979489029, 0.00409457903377292, 0.0030883777885995986, 0.004207811748799776, 0.004014741796742963, 0.0038733490174149084, 0.0030240472631916887, 0.00477184516209655, 0.003691405314727547, 0.00423886744192183, 0.004181466495250017, 0.003704865439920717, 0.002752951161915467, 0.005470890261360032, 0.005542704033859054, 0.0026988362638292194, 0.0027302820681583597, 0.005601519212727371)"
0.0058714381501575935,0.001301559308479728,"(0.004407756234122776, 0.007830252505538055, 0.004833696973466674, 0.0066119900327640336, 0.004746130394769665, 0.005672578784839104, 0.0062553269398295955, 0.00557856947558731, 0.004050257203647673, 0.0077324108132826915, 0.006212210269424999, 0.005667545189971509, 0.005032448428600377, 0.00689495215725777, 0.008170317738144799, 0.00407617039315997, 0.00429636842231563, 0.007684764906545545, 0.005643611431711044, 0.0060314047081726305)"
0.004271704565451149,0.0006070794226880265,"(0.0039089719374317405, 0.004694777240738733, 0.004314950977600464, 0.004083906388848682, 0.004648168345002126, 0.0035090791354891702, 0.00413121684483066, 0.004459083691373272, 0.003301462624551769, 0.005298394082114583, 0.005583393431941212, 0.0033111789335415346, 0.0038672444724945562, 0.004743050545839889, 0.004608748873308279, 0.0038968827432346955, 0.004441294903028313, 0.004061143512158697, 0.00479770622246466, 0.003773436403029935)"
0.0016020459065278466,0.0003925160898702665,"(0.0019362906722739529, 0.001271212863650604, 0.0015683636471980136, 0.0015375186003552112, 0.001706528267370494, 0.0013498589624545527, 0.001287688993639392, 0.0019171171537531787, 0.0015436526185815885, 0.0015537221317653194, 0.0010410125481106636, 0.002377027867318389, 0.0016798640837965787, 0.0014673171785266046, 0.0014008340712467274, 0.001740406151157066, 0.0009384437664639434, 0.002592103003444128, 0.0015583930139328635, 0.001573562535517659)"
0.002280954885093482,0.00035127630460513845,"(0.0023973551627358668, 0.002169378557897438, 0.00222237257978717, 0.0022588574431692183, 0.0017100801414592938, 0.002691856397865635, 0.0022010665085320786, 0.0023776020771408735, 0.0018409270204014147, 0.00269593408055665, 0.0021834780955961586, 0.0024078974240379514, 0.002812455226396058, 0.0018568827566477239, 0.0029253330137599836, 0.0017513884164300725, 0.0022739523672538303, 0.002233265900730505, 0.0026589446838854005, 0.0019500698475863264)"
9.865480913876645e-05,2.2724568774273517e-05,"(8.013130488922148e-05, 0.0001155840803024977, 7.027966432214933e-05, 0.0001315835963764791, 0.00012122066393200435, 7.59940457658449e-05, 0.00011059000901183442, 8.377367416656856e-05, 0.00010429109085724528, 8.862539768779253e-05, 0.00010597792649382755, 8.743757654472385e-05, 0.00011196182472949042, 8.274015807024573e-05, 7.198357128810186e-05, 0.0001285848915927925, 0.00014391418799653054, 6.42880550167452e-05, 0.00010975699904650157, 8.437746468473219e-05)"
0.0002923452147303372,0.0009896398614181836,"(6.733342065616726e-05, 6.802639099779206e-07, 1.388160523907288e-05, 3.931109074628258e-06, 0.004376602538276407, 2.5199182475798803e-10, 2.4221597829533677e-05, 2.3831232695401666e-06, 0.001060440037079804, 7.713807858539713e-09, 4.185693195348079e-05, 1.271743972875676e-06, 3.4747819418893075e-05, 1.5597041905622273e-06, 3.4441253822300124e-06, 1.6518817112602322e-05, 1.7607826644249635e-07, 0.0001711856106757675, 2.313758705986559e-06, 2.4348043793087593e-05)"
0.005911310578044699,0.0018322314893773532,"(0.006872175799875725, 0.004923632190696006, 0.007489465117687519, 0.004054346712299116, 0.005611836957939753, 0.004767000613461367, 0.005746889266853192, 0.0058653567711259395, 0.006707519306745506, 0.004524524545346853, 0.0047927825181862185, 0.007104404917455575, 0.005842037305033153, 0.005913201965764866, 0.0034112434265034615, 0.009272069381606763, 0.005645008477277932, 0.005853701212805723, 0.01076482276103256, 0.0030641923131967596)"
0.0029051554401599423,0.0012444125793622742,"(0.0034739022343750533, 0.0021603194034447008, 0.005037800853158654, 0.001307168543603746, 0.0011256053084899435, 0.0049690558705183865, 0.0027936519287448903, 0.0026788059320129094, 0.005365374347554878, 0.0012297878220322788, 0.0036885597855808067, 0.0020605848804126983, 0.004352241224625354, 0.0017746092608720832, 0.0025259620096094028, 0.0027565447993331393, 0.002699029214673191, 0.0026695457177247023, 0.0025450401880157706, 0.0028895194784162538)"
0.001929469166068009,0.0007450161991595145,"(0.0023258699101384797, 0.0014762744478309742, 0.0007871012763506338, 0.0038699811849024065, 0.001095366209987406, 0.0023771116570939655, 0.001117085925752295, 0.003070828016409906, 0.0011859508581487579, 0.0025762544220348437, 0.0016266074658493584, 0.0021424842829866632, 0.0020279124577757463, 0.0017423187548764288, 0.0017490286197286542, 0.00184021357577836, 0.0016508991241943906, 0.00198855202650522, 0.001271125863759016, 0.002668417241256682)"
0.0004518164587660721,0.00025946889801787925,"(0.00017098632882644392, 0.0008570904472457091, 0.00016562867528829178, 0.0008523495053795374, 0.0008511691883441846, 0.00015715902751144164, 0.00023702246227729943, 0.000618868898351281, 0.0002711299264895357, 0.0005214053722872864, 0.0002308714453459975, 0.0006389729495600738, 0.0006182870786107215, 0.00023947284771943652, 0.00031205392352177404, 0.00046133405106499445, 0.00019421700763194767, 0.0007406221283440245, 0.0006831748870601581, 0.00021451302446130394)"
0.0005233850265856059,0.00011568966028584985,"(0.0005931263809644457, 0.000443057835144213, 0.000589706485518428, 0.00044204292572537805, 0.0006912711829206306, 0.0003728086074743769, 0.0005898008062845447, 0.0004456215279786326, 0.00048221681310954047, 0.0005407324809219968, 0.0005338869187320918, 0.0004928823366546012, 0.00041466994143573427, 0.0006351050332965233, 0.0008186673544977952, 0.00031973277529543655, 0.0005201172049971337, 0.0005033113496362132, 0.0004352030234652955, 0.0006037395476591057)"
0.0025036786732300902,0.00047950140000800075,"(0.002233957508836318, 0.0027328680538882284, 0.002229028692194093, 0.002695030565300367, 0.002125191200898711, 0.002771580437332679, 0.0036174815764208642, 0.0016869207047022093, 0.0026124943131716157, 0.0022997622580735425, 0.0019420746933762473, 0.003147816861201392, 0.002311093652016649, 0.002650614596810762, 0.0029741029640467415, 0.0020332487968047924, 0.002144633803250985, 0.0028339264572612784, 0.002023319733965959, 0.0030084265950483685)"
0.0012135169931567318,0.00019924179514882193,"(0.0010637898317326132, 0.001358978660393774, 0.001518836002397048, 0.0009387927442151483, 0.0013196824350960202, 0.0010609478702275077, 0.0011605138133256628, 0.0012456282502885069, 0.001355072284085337, 0.0010526385375230658, 0.0011219777877882501, 0.0012907961903710588, 0.0016876602804322249, 0.0008594793589143861, 0.001258652646482553, 0.0011401636661818992, 0.0012037003386781422, 0.0011946271627410391, 0.0010127697778054888, 0.0014256322244549024)"
0.0014443435024064852,0.00030408982231409367,"(0.001115761625641367, 0.0018115786757231616, 0.001440398716212736, 0.0013757158970084105, 0.001373871921431312, 0.0014035003600513841, 0.001386636950326808, 0.0014579255750323335, 0.001731322340164853, 0.0011452845654632865, 0.0016468138564970846, 0.0012310753871929484, 0.00104128670307707, 0.0019510872791334137, 0.001249380848001436, 0.0016016295936515578, 0.002144988282865712, 0.0009341689410181518, 0.001480598578650273, 0.0013638439509863964)"
0.0014991587726713772,0.0002996308999053127,"(0.0017361892208415904, 0.0012633702486439025, 0.0015460846341195452, 0.0013865690478424954, 0.0014587621163947289, 0.0014229664164187807, 0.0013185598532560372, 0.0016641201466178785, 0.0017197629015333934, 0.0012475357236661898, 0.0024376791403783065, 0.0009031782676890032, 0.001350105249096423, 0.0016345706445467663, 0.0017283821225677514, 0.001254822341234538, 0.001438790911379027, 0.0015082758255325706, 0.0014236498665714792, 0.0015398007750971323)"
0.003160019929851125,0.0008376174194386006,"(0.004758970660305591, 0.002010346793603268, 0.0027973429777259475, 0.003260201821552498, 0.002504580946792117, 0.003404370288747326, 0.0032256837747290865, 0.0029681403530740645, 0.002391158850055335, 0.003820364807047362, 0.0029504034313859234, 0.0032680117030460766, 0.003154458429555045, 0.0030716847971657105, 0.002097199526546343, 0.004455385085175372, 0.004498953953687249, 0.002079596631460582, 0.0022649314279746488, 0.004218612337392953)"
0.004428500179922546,0.0009814687969709715,"(0.003212282535778336, 0.006024201296625753, 0.0035957141263332094, 0.0050271651315411375, 0.0037237880440952093, 0.004411812152394501, 0.004808142607603419, 0.004028758400144306, 0.003058787958068598, 0.005923547663178128, 0.004754951488864947, 0.004114760929521031, 0.0035336727727270875, 0.005575937572471497, 0.005842012130567244, 0.003202591338792928, 0.003364431970762793, 0.005572969387486585, 0.0045483268093697874, 0.004246149282124409)"
0.003313055505114163,0.0004947163559254064,"(0.003043306510084576, 0.0036006871572635993, 0.0033882147234405883, 0.0031093439057317714, 0.003642404841208493, 0.0027454293418936156, 0.0032128646605534667, 0.0034100768445551035, 0.002559749856256213, 0.004120096461563545, 0.004317586269000772, 0.0025510314308360323, 0.0028704764963490676, 0.0038541989046354122, 0.003459373071553376, 0.0031019511892272766, 0.0035916873656081836, 0.00300451633588913, 0.0038186185125270024, 0.0028594962241060267)"
0.0014256499383559745,0.00034063095958311644,"(0.0017138643167297983, 0.0011372351154254707, 0.0013931612037864603, 0.0013701405471075805, 0.0015260661165467746, 0.0012148604038852199, 0.0011574427329831525, 0.0016844240465399023, 0.0013731731748955903, 0.001391078614813328, 0.0009290699855278864, 0.002104875477370729, 0.001472110274737789, 0.0013312926316974916, 0.0012263736833914025, 0.0015729105466171607, 0.0008486979513914276, 0.0022746231296889245, 0.0014181556501973265, 0.001373443163786078)"
0.001965424495868236,0.00029674043124526794,"(0.0020162399014754693, 0.0019048737547312925, 0.0018830405113702082, 0.001973684581598313, 0.0014992414476915912, 0.0023644386061703387, 0.001927610245846788, 0.001994037249481283, 0.0015813760761516364, 0.0023530321637371017, 0.0018999162107249338, 0.002033202932472917, 0.002357210386297822, 0.0016440748697083923, 0.0024572456980602167, 0.0015386509445886667, 0.001975319150837553, 0.001912821551502947, 0.0023763577821153277, 0.001616115852801918)"
9.762209077476782e-05,2.2538284388183928e-05,"(7.920182729088356e-05, 0.00011445797593122383, 6.947352112059536e-05, 0.00013027066007567962, 0.00011995481193836486, 7.526828221039208e-05, 0.00010953590318623556, 8.276443367698253e-05, 0.00010315356146171896, 8.774217298519168e-05, 0.00010487421931896189, 8.646507915138122e-05, 0.00011067471762530448, 8.194653918168075e-05, 7.111912749356507e-05, 0.00012736674081558657, 0.00014247462445624482, 6.357434343031617e-05, 0.00010880836877000689, 8.33149053750407e-05)"
0.00018203790709898224,0.0006503000854506331,"(2.6688344847083936e-05, 2.5869240171012974e-07, 5.347739557714563e-06, 1.6081183237713527e-06, 0.002893124269435651, 6.478498411766597e-11, 9.676120476648296e-06, 8.671557280337534e-07, 0.0005642956075140626, 2.335194003948656e-09, 1.966676567229061e-05, 3.796822784380645e-07, 1.2872858089378392e-05, 6.303419015054255e-07, 1.3247476869857496e-06, 6.502893628096066e-06, 5.1682156610973933e-08, 8.684021130110806e-05, 8.579614775679009e-07, 9.762549523999322e-06)"
0.003184072361771262,0.0009924428334149775,"(0.0034196458768210405, 0.0027949824123285547, 0.0040227178189536986, 0.002330848345903195, 0.0030390174819283603, 0.002558133426778707, 0.0029417014275757414, 0.003303470740293154, 0.0038016436264857604, 0.0022523233878852587, 0.0025806438842448797, 0.003771963062938841, 0.0031028834264018906, 0.003156502064251194, 0.0019033661834331908, 0.004992420627731947, 0.0028541402170990542, 0.0033464582325521196, 0.005867035691786762, 0.0016415493000318992)"
0.001954560330438609,0.0008671456105246305,"(0.002229423215971075, 0.0014694524056853616, 0.0035662775394689488, 0.0008917336793446053, 0.000690181499861051, 0.0033327295603247336, 0.0017944650746670415, 0.001880102865042951, 0.003682876724172931, 0.0007422990527021585, 0.002498851905438483, 0.0013586028284265066, 0.0028781852855676556, 0.0011914305489673898, 0.0017212175373596545, 0.0018941263368360336, 0.0017529424725691218, 0.00184783653810775, 0.0016982628480622104, 0.0019702086901965087)"
0.0016764214806210766,0.0006500089522628343,"(0.002018272936705499, 0.001270103325124332, 0.0007493293590300848, 0.003312725238357395, 0.0008170976796401174, 0.0020923729466406802, 0.0009565112487077832, 0.002774167487319682, 0.001029862528969734, 0.0020311790893835844, 0.0014417552068243474, 0.001856410021379361, 0.0017563015143890817, 0.0015411759966066684, 0.0015212191131227708, 0.001680280366952134, 0.0014497143756691385, 0.001736234292776952, 0.0011030503958530907, 0.0023906664889690923)"
0.0005975558767963832,0.000334374502224399,"(0.00023109962555035895, 0.0011315817468380651, 0.00023005549515065163, 0.0011220569014174274, 0.0010128105330323755, 0.00021382348835521602, 0.000321606029955551, 0.000827193439698501, 0.0003571286152960748, 0.0006687137126643015, 0.00030605262545592974, 0.0008737850020535619, 0.0008384933278081025, 0.0003205444326403053, 0.00040858680429656105, 0.0006408416504471953, 0.000267453890236013, 0.0009644830928007747, 0.0009281901505584444, 0.00028661697167225276)"
0.000549968179141637,0.00012080667507326532,"(0.0006241400117395353, 0.0004650725738853661, 0.0006243743060287485, 0.00046384218739322085, 0.0007161416756165927, 0.00039256963170928894, 0.0006201801398562265, 0.0004693856681736454, 0.0005063127330989469, 0.0005644690047091246, 0.0005618137359700222, 0.0005185886408428916, 0.0004361466430549384, 0.0006685849270293508, 0.0008598956011691961, 0.0003376063141372234, 0.0005480407575904571, 0.0005285206795087985, 0.0004576351242934327, 0.0006360432270257345)"
0.0021076978348993497,0.00040352066628209,"(0.0018830316066858496, 0.002296460867164449, 0.0019035833614133647, 0.002260298310525352, 0.0017447989492917623, 0.002339467248878348, 0.003045687124201448, 0.0014265398869912045, 0.0021972618577585892, 0.0019100690397246497, 0.0016383497756664739, 0.002654221303407368, 0.001946546651855368, 0.0022376908391198917, 0.002499549030183334, 0.0017282127370656433, 0.0018136478806218424, 0.0023811544038122414, 0.0017082131899775462, 0.00253917263364226)"
0.0011871135871938518,0.0001962030812789014,"(0.001042509156534958, 0.0013267205356152108, 0.0015042433210230484, 0.0009155417553516617, 0.0012552520446189226, 0.0010420257163936714, 0.0011374083804573504, 0.0012219190525978643, 0.0013231798227410566, 0.0010167015169340282, 0.001097566870321669, 0.001267902836040293, 0.0016552164427327159, 0.0008420324659045767, 0.0012273591464054825, 0.0011266785230742743, 0.001184612693839874, 0.0011641889515094917, 0.0009942736023871232, 0.0013969389093937575)"
0.0015143511781913358,0.0003235021318523227,"(0.0011730537266003331, 0.001891934614775793, 0.0015373740250057904, 0.0014349894482566976, 0.0013833440659539373, 0.001479022995814636, 0.0014566951421506897, 0.0015345303215018652, 0.0018088726056383765, 0.0011789686344505093, 0.0017277126300437656, 0.0012964599808405106, 0.0010946825027193382, 0.002050695632198726, 0.0013044227881360809, 0.0017015061636117058, 0.0022664147605003008, 0.0009744081491935796, 0.001557094418342037, 0.001434840958092046)"
0.0016634029478001973,0.00033422104194798127,"(0.0019352927381276971, 0.0013953197476978105, 0.0017536606769640948, 0.0015291630136056828, 0.0015413959058115162, 0.0015897507073066538, 0.0014683046655472754, 0.0018551249263791432, 0.001899859252729653, 0.0013557360403980091, 0.0027084909711660022, 0.0010082455173225956, 0.0015039631573892, 0.0018205128463919056, 0.0019087420668041468, 0.001415167500788811, 0.0016132857619603567, 0.0016632085276953356, 0.0015860210564381096, 0.0017168138754799517)"
0.0037613539243989084,0.001059064916569463,"(0.005726099539799482, 0.0023547615403634995, 0.003488640314020502, 0.0038028487888719206, 0.0026045822621739456, 0.004123554873035539, 0.003890645827867175, 0.003536977597854545, 0.0027963838994502395, 0.0043172055114791335, 0.0034834692246368, 0.003974194605049141, 0.0038028718228435435, 0.0036627721675370163, 0.0024384798031897676, 0.005534112222975943, 0.005524395240395773, 0.0024041348598004154, 0.0027372219596838725, 0.005023726426949916)"
0.005496502081491936,0.001137573021347391,"(0.004096882801298162, 0.007361038178694106, 0.004822980395095741, 0.0061028538556172195, 0.0037651194702892537, 0.005692987799902763, 0.006177208907029973, 0.005033755249717628, 0.0037232188640463244, 0.006862283194152394, 0.005849343899276471, 0.005364169750841743, 0.004534842595612283, 0.00698293831625342, 0.007021586491156515, 0.004300590189399263, 0.00444476023486059, 0.0066319106887524, 0.005868076643280937, 0.005293494104561515)"
0.0034390324299106117,0.00048211552224565967,"(0.0031936238086445164, 0.003730935872304249, 0.00364349899819311, 0.003219901527463429, 0.003227091276704371, 0.0029599450834102625, 0.0034499973328854625, 0.003523201221188667, 0.0026335646559043175, 0.004065367254923248, 0.004349751406539083, 0.0028111330576711378, 0.0031046034905733515, 0.003962009929883519, 0.003461682137467635, 0.003445830747394681, 0.0039260826415637665, 0.002988876532385008, 0.004169369425458164, 0.0029141821976542514)"
0.001573429259406775,0.0003756281975977293,"(0.0019000783910111188, 0.0012508111527309502, 0.0015681081517930579, 0.001505621302831518, 0.0015998396707259715, 0.0013529021845990613, 0.0012850556738896836, 0.0018650572395083145, 0.0015096643801746409, 0.0015044896217980724, 0.0010234597260617556, 0.0023476222613708826, 0.0016363358303595522, 0.001472035271596683, 0.0013442177991649339, 0.0017687713004411558, 0.0009486672307314381, 0.0024893858755897186, 0.00157757178207568, 0.0015188903416813112)"
0.002462703614400546,0.00038445444336159316,"(0.002550652007157829, 0.002365286999424819, 0.0024402594629273763, 0.0024451889714278007, 0.00170951214770523, 0.0030077081726842714, 0.002444590452172454, 0.0025040133330092537, 0.0019605476855261007, 0.0028492275374502746, 0.002369564096074445, 0.0025947411712313375, 0.0029891701970623124, 0.0020656967993201544, 0.003033608960383585, 0.001990820512551399, 0.0025358051875150112, 0.0023518062302729293, 0.003016872189181571, 0.0020290001749327675)"
9.923033068598947e-05,2.2894714316226664e-05,"(8.052237505084037e-05, 0.0001163229259942204, 7.071868945984106e-05, 0.00013239114738987755, 0.00012159975750689967, 7.65384119400217e-05, 0.00011134611625645936, 8.417046192422916e-05, 0.00010484006173957991, 8.906869616809265e-05, 0.00010663249275336259, 8.790690073698326e-05, 0.00011251548748136784, 8.332474980885673e-05, 7.228927762983435e-05, 0.0001295773157255355, 0.00014488217840983388, 6.461914806122677e-05, 0.0001106068033036577, 8.473361637906875e-05)"
0.0004530343669478831,0.0012496757489868858,"(0.00025709619406979247, 3.2114457645145135e-06, 6.49139192804984e-05, 1.5515680394818597e-05, 0.005235973733547793, 3.2409788077314253e-09, 0.00012775175994295278, 8.679205114678519e-06, 0.002464140275978926, 4.031328057621562e-08, 0.00012577344755890032, 9.151668000329084e-06, 0.0001550364432700294, 7.35343117585965e-06, 1.0076629516750727e-05, 0.00010315860530962685, 1.6877275267479505e-06, 0.00038258242384304455, 1.6819049664786253e-05, 7.17221447382282e-05)"
0.0033078682051511533,0.0010157789904110647,"(0.003685156106034653, 0.002838848944806778, 0.004305640024584222, 0.0023390501863220013, 0.003040142824104483, 0.0026332475156136026, 0.003088238361898699, 0.0034241397573068376, 0.003917329906189363, 0.002372889856101117, 0.0027426500685992367, 0.003866967522592914, 0.003220314984710652, 0.003325336232023345, 0.0019890385638553433, 0.005160527375129638, 0.003000977272207686, 0.0034868463274571517, 0.005972597806520937, 0.0017474244669643843)"
0.0019080687762151778,0.0008538703395056588,"(0.0022191730265410615, 0.0014193527621438064, 0.003498926329970775, 0.0008520903336373688, 0.0006358122727298465, 0.0032253688818183095, 0.0017785390737271051, 0.0018065420768133085, 0.0036062966993583834, 0.0007334219295887246, 0.002463754199765838, 0.0013168578318828277, 0.002826807680720947, 0.001165016189729132, 0.0016900182651872423, 0.0018249929095504943, 0.00170672368218065, 0.0018130218656599872, 0.0016483868999260126, 0.0019302726133717412)"
0.0015456349635329615,0.0005960899475778199,"(0.0018789054791987698, 0.0011739483509053935, 0.0006854868985831402, 0.003039652454211328, 0.000714522483945937, 0.0019250022670256233, 0.0008968972264014231, 0.0025190814897529733, 0.0009674290755263479, 0.0018962704252759107, 0.0013332446204650193, 0.0017160110719842744, 0.0016478930847303455, 0.0014111609697829656, 0.001414320232855192, 0.0015315192040177006, 0.001323710495514506, 0.0016192426359080557, 0.0010232334972858183, 0.002195167307288503)"
0.0005170630681978041,0.000290054945528486,"(0.00019935454117823482, 0.0009830681008703229, 0.00019686187282203817, 0.0009743140874542274, 0.0008640296265647404, 0.00018488611662774136, 0.0002788302025056199, 0.0007117305313889396, 0.0003136423493213929, 0.0005807879749750769, 0.0002641809163343956, 0.0007561175571862757, 0.00073190428119192, 0.00027483328277998133, 0.000354782699359787, 0.0005503231821502916, 0.00022836367404026721, 0.0008413635848927668, 0.0008051698945237371, 0.0002467168877883243)"
0.0005339312889084598,0.0001166483650778869,"(0.0006065002286151134, 0.00045181710227076437, 0.0006057630503475262, 0.00045043940187912944, 0.0006902953371913628, 0.0003816349249924125, 0.0006036091400974623, 0.00045504026033902137, 0.0004926728409509368, 0.00054828375713141, 0.0005449106408108986, 0.0005046750500767622, 0.0004248435694553403, 0.0006481765076704355, 0.0008344971306584495, 0.0003280860896359511, 0.0005321968772202701, 0.0005130784581146164, 0.0004454247962916028, 0.0006166806144197324)"
0.002129409124637927,0.00040825084932759206,"(0.0019101855510588084, 0.0023148631591939158, 0.00192683022038993, 0.0022747606908472507, 0.0017573437174572745, 0.0023568170338288904, 0.003078633704470971, 0.001440332814723227, 0.0022214358431405633, 0.0019362586275502177, 0.0016621718412723823, 0.0026709351292708793, 0.001964809334814811, 0.002264755450216906, 0.002532836110998643, 0.0017391069570572581, 0.0018290567382499658, 0.002413859387549462, 0.001718496836470935, 0.0025746933441962425)"
0.0011512260860522718,0.0001905920169768451,"(0.0010128829482820606, 0.0012866622220642102, 0.0014580317319590546, 0.0008868325276692319, 0.0012059106158581517, 0.0010107245364517983, 0.0011063150577256362, 0.0011821781989844833, 0.0012863692523011326, 0.0009874408539756404, 0.0010645739695810663, 0.001230826151410014, 0.0016100407691214472, 0.0008157100249886859, 0.001190891813224354, 0.0010918358647740622, 0.0011481300707585317, 0.0011299108585490617, 0.0009656711387160055, 0.0013535831146508051)"
0.0014311365500914081,0.00030496606185227503,"(0.0011104492664886071, 0.0017900256210573123, 0.0014499560841155946, 0.0013561046211552333, 0.0012891774302139936, 0.0013996947712424563, 0.001382854433953624, 0.001445294738307771, 0.0017180796711920082, 0.0011160667161015754, 0.0016309394479144131, 0.0012289949171413878, 0.00104066222533688, 0.0019324920711064092, 0.001233039779539858, 0.0016078397718933294, 0.0021393115050719505, 0.0009218765087156979, 0.0014770614724871451, 0.0013528099487929157)"
0.001550522391794872,0.0003100319580491105,"(0.001806416382126805, 0.0013030813089637333, 0.0016294496444870445, 0.0014266267811960634, 0.0014133706556743863, 0.0014850616848175212, 0.0013758148491802508, 0.0017224416001565767, 0.001783013031102788, 0.0012659612270833876, 0.0025195375723645703, 0.0009438815424295526, 0.001412753179933642, 0.0016899565647775859, 0.0017792948462486409, 0.001319408057594945, 0.0015009759857890618, 0.0015525232347573283, 0.0014859063205613556, 0.0015949733666521934)"
0.003304533190996001,0.0009206897019082839,"(0.005030638442268592, 0.0020812687044643664, 0.00303492987733791, 0.0033564963521309538, 0.002243450130918885, 0.0036273589367236798, 0.0034396462610392408, 0.0030893834647162744, 0.002501555705587184, 0.003817514192971249, 0.0030579167749331996, 0.003502216733736575, 0.003384223963841377, 0.0031919317164694184, 0.002154210986323785, 0.004832324782117385, 0.004798433243664915, 0.0021337474297052675, 0.002418713629214515, 0.004394702491755242)"
0.0046891981794383,0.0009940030479634048,"(0.0034778887488562116, 0.006331439419070924, 0.004037581762320597, 0.005242427348125655, 0.0031652175013818654, 0.004838015414240329, 0.005279472779258108, 0.0042609821584291335, 0.0032623250245617354, 0.005911771742210121, 0.0049925192357602064, 0.004556802072954779, 0.00391598137923619, 0.005882142478048108, 0.006057534189157722, 0.0036051512223493113, 0.0036960149829369767, 0.0057685224729683215, 0.005009706068240043, 0.004492467588659643)"
0.003002432383059787,0.00041553134927875616,"(0.002785497227240891, 0.0032744926718564294, 0.003150138088373082, 0.0028217494103312886, 0.0027831425408894736, 0.002581162288597282, 0.003021725423128015, 0.0030616339073143207, 0.002339840792427242, 0.0035742930884441254, 0.003802897794490426, 0.0024509055273597823, 0.002735657023655158, 0.0034349908436963183, 0.0030443095413000996, 0.0029805779820774735, 0.0033793655488684, 0.002641201687533096, 0.003647238655442348, 0.0025378276181704873)"
0.0014626884296248845,0.00035023383297191804,"(0.0017678420550643209, 0.0011644799327237185, 0.0014528725137748976, 0.0014003106116800184, 0.0014659702467506226, 0.0012593567930824262, 0.001199525618735637, 0.001727291897066958, 0.0014123985039633065, 0.0014008867398429452, 0.0009498139494220818, 0.0021888042704969967, 0.0015310705840260708, 0.001362912607304655, 0.0012499205687694168, 0.0016430236080872771, 0.0008794298064643475, 0.0023180180212593786, 0.0014721775164191822, 0.0014076627475634307)"
0.002183541454543809,0.00034764701171699876,"(0.0022592269341615355, 0.002104170272315864, 0.0021460971139467297, 0.0021736343767253764, 0.001488452076198615, 0.002670097105049606, 0.002176713517574719, 0.002208007118340624, 0.0017599370824448158, 0.0025333296724064855, 0.0020946298851046933, 0.002307675617758492, 0.0026763772598343304, 0.0018171551408309972, 0.0026938059912645237, 0.0017588515090956969, 0.002229667803896531, 0.002095551642307384, 0.00268779385773861, 0.0017896551138805491)"
9.847234183477555e-05,2.2721723454052122e-05,"(7.991796538765927e-05, 0.00011544438335738621, 7.016441499216738e-05, 0.00013138252727856528, 0.00012046583317273873, 7.597647375473975e-05, 0.00011055143290123239, 8.349649558869209e-05, 0.00010408458853181404, 8.83882420709877e-05, 0.00010578224039614183, 8.728340243250725e-05, 0.00011173664853392405, 8.265467880857162e-05, 7.172138033372979e-05, 0.00012862009015211713, 0.00014378235272593447, 6.41162315636009e-05, 0.00010982413930004334, 8.405331541295723e-05)"
0.00034524775541521033,0.0010667218833243564,"(0.00011606288744885106, 1.4117825026018087e-06, 2.6481821329409513e-05, 7.469058530401241e-06, 0.0046227614520154385, 7.977213735787534e-10, 5.12048351201879e-05, 4.036957985310004e-06, 0.001593992182278247, 1.595324230858306e-08, 6.9636463432183e-05, 2.874561095834938e-06, 6.6059628888988e-05, 3.1424593022835044e-06, 5.47163908989984e-06, 3.725358693535094e-05, 4.468137990449176e-07, 0.000253489634335215, 5.808422253177721e-06, 3.733417099809921e-05)"
0.019576607115223847,0.005938063595005443,"(0.01867207258412834, 0.01889452809324915, 0.0215763985766125, 0.016351199610411992, 0.022811319514051957, 0.015466005803946262, 0.017174349415933272, 0.020542262851173547, 0.025136190776052808, 0.014035539559005574, 0.015449924864754931, 0.022835062506020555, 0.01883691333288191, 0.018729183161030363, 0.012432161672646378, 0.028378009334952718, 0.015674148865965763, 0.022508399213054323, 0.036312923127359294, 0.00971554944124533)"
0.015583210345169157,0.006738093840111186,"(0.015650756177534635, 0.013085629708676515, 0.024593371744939075, 0.008327447009869404, 0.008038462383938124, 0.025477509282025912, 0.012886854147653764, 0.015892164034252417, 0.03305964623503849, 0.006194863627516409, 0.02028543745441324, 0.010095912422901386, 0.022144687571243406, 0.009248267754562873, 0.015434393700536987, 0.0132690667332708, 0.011733026238628536, 0.01745500230160046, 0.012833606516691274, 0.015958101858089435)"
0.011656175871918828,0.005060805500001644,"(0.012117240870707464, 0.009507114798591433, 0.004437090284794903, 0.025962960545285553, 0.008671788196379053, 0.01328445729891122, 0.005684690291348486, 0.02026495624138441, 0.007871977220957086, 0.014634188688111279, 0.010282661616422486, 0.01120332500449236, 0.011134511429138573, 0.010346210584375175, 0.011880738143267185, 0.009696367229950584, 0.0080212070632249, 0.014361928210052227, 0.006787348039537216, 0.016972755681445)"
0.0009661880925469706,0.0005731816558139754,"(0.00035258784827710033, 0.001837839855135147, 0.0003521125017498531, 0.0018403209110148258, 0.0020077118605503898, 0.0003227554773832721, 0.0004754094051305128, 0.0013630357182818156, 0.0005891441810183668, 0.0010999005351795157, 0.0005118869433152382, 0.0012659045292369132, 0.0012537777862105478, 0.0005168379972327728, 0.0006985700458236599, 0.0009276091980668376, 0.0003847704444530356, 0.0016841210372100003, 0.0013646017584524235, 0.00047486381721718375)"
0.00060253632527203,0.0001365910017069971,"(0.0006775574294644053, 0.0005108848801605988, 0.0006779030093158566, 0.0005106244424304687, 0.0008127192489273455, 0.00042592057049308435, 0.0006702033777065429, 0.0005164907514169735, 0.0005575956754993014, 0.0006207972216496858, 0.0006191504631891328, 0.0005590787162959868, 0.00047257642700710556, 0.0007324822533914527, 0.0009518538225866109, 0.000363662820844898, 0.0005894120178142016, 0.0005872867123367054, 0.0004944545675488618, 0.0007000720973613805)"
0.00309348993619063,0.0005945085276257931,"(0.0026919260023531553, 0.0034326295029310284, 0.0027119119604674725, 0.0034073320779159024, 0.002712759812857006, 0.0034062671422623652, 0.004388423390686758, 0.002105627418492673, 0.0032832820353301214, 0.002814374310812302, 0.0023979750186757126, 0.003853411542413668, 0.002838865644523121, 0.0032549566525670653, 0.003727641392792903, 0.0024788823928316088, 0.0025801742156751025, 0.003581302595478761, 0.002487848513270815, 0.0037142071014750564)"
0.0014901297322641846,0.00024743359839720286,"(0.0012863273858412531, 0.0016818902887981713, 0.0018536008672145727, 0.001167166878656353, 0.0016745255981457168, 0.0012919847512974703, 0.0013982626471266753, 0.001547249755192483, 0.0016832993485367607, 0.0012852506242232976, 0.001387697696252506, 0.0015590294228375499, 0.0020504459219159274, 0.001055117579711643, 0.0015688902468874858, 0.0013789757076721097, 0.001442759916838752, 0.001499529833904679, 0.0012261374026825145, 0.0017644527715477661)"
0.0020012214548751433,0.0004146070545149815,"(0.0015184469226286622, 0.0025329524455787854, 0.0019887219069100294, 0.0019339827417749929, 0.002005006630576342, 0.0019182748762522886, 0.0018683889830645283, 0.0020585402081773124, 0.0024362938090630513, 0.0015786904813557782, 0.0023208017477883854, 0.0016572522189019611, 0.0014161962611477046, 0.0027158339219430475, 0.0017754086521814918, 0.0021663484862642635, 0.0028701448415887963, 0.0013400556621472716, 0.002000294718534825, 0.001922793581623352)"
0.0022023344764970634,0.00047226451327209135,"(0.0024942687542914435, 0.001865815841151486, 0.002260491118890006, 0.002058776570699994, 0.0022733715707305337, 0.0020471119696243386, 0.0018675528716044652, 0.002491948808843047, 0.0025598124848813493, 0.0018180418219430126, 0.003652897938623316, 0.001274014832070582, 0.0019293043442445625, 0.002412188708188711, 0.0026103784382440097, 0.0017828243160699646, 0.002022007796853338, 0.0023015965423518673, 0.002017181697349264, 0.0023071031032859757)"
0.007052973871883654,0.0016898846598542596,"(0.01025943018626694, 0.004592397799875119, 0.006255382671625826, 0.007531974794939124, 0.0063996100214917, 0.007362227457166593, 0.0067517103009665114, 0.006978288835739899, 0.0055522943165797565, 0.008485750561653946, 0.006945387379231794, 0.00678369427690525, 0.006727277647405775, 0.007003633131383195, 0.0050189950532928684, 0.009387414037093573, 0.009264429758804574, 0.005085621656379655, 0.004745478643117119, 0.009928478907753852)"
0.013672295535522969,0.0035514598603522715,"(0.009271233385625889, 0.018901517988650498, 0.010929991387658954, 0.016032984693222046, 0.013686435163836342, 0.012803946573204272, 0.013316610346559512, 0.013159533849442413, 0.009822017085316818, 0.01784158824946009, 0.015545755929209216, 0.011272554735413175, 0.010056738016088305, 0.017425171495473315, 0.019563832609527283, 0.008957364751221877, 0.009103564499270382, 0.019249644974716196, 0.012625015362539606, 0.013880409614023157)"
0.005955232347717779,0.0009521945090461276,"(0.005234309964019938, 0.006613170571350743, 0.005983705761559436, 0.005784940970487054, 0.00718855023717315, 0.004815349892998298, 0.005466948785759449, 0.006331755787716964, 0.004752077227570805, 0.007284263903488689, 0.00792241000063932, 0.004369299823234501, 0.005000910322378311, 0.00692181670614769, 0.0064882194335872355, 0.005335113118430138, 0.006021711840964618, 0.005748429272205024, 0.006584806830547004, 0.005256856504097189)"
0.002015239292655825,0.0004921411558926128,"(0.0023764971422419586, 0.0016184129901900225, 0.0019624762349198066, 0.001959847348832236, 0.002278371803938823, 0.0016881151002240567, 0.0015853069322576728, 0.0024261256718763305, 0.001967985557977243, 0.001954360808474147, 0.00133808247091152, 0.0028743772747682724, 0.0020336016131452944, 0.0018913015318694358, 0.0017796574521555166, 0.002161176490169723, 0.0011541420504364323, 0.0033324787401164783, 0.0019443166046580038, 0.0019781520339535296)"
0.0034653295355102833,0.0004951863388857977,"(0.0034702806011955955, 0.0033942056875135894, 0.003328711231088344, 0.0035385605227146715, 0.002903811786504681, 0.004056339397955392, 0.0032386667476945004, 0.0036369429371611445, 0.0028507889034583254, 0.004131784763002659, 0.0034846228795272194, 0.003380235555201393, 0.003999487255581968, 0.00294508905795531, 0.004545822413599435, 0.0025911364506031242, 0.003282928632938507, 0.003587908075632785, 0.003979058368850186, 0.0029602094420268224)"
0.0001005667907476844,2.315363583160134e-05,"(8.150138805414522e-05, 0.00011797817000364074, 7.158803083795836e-05, 0.0001343155343544698, 0.0001241731399087431, 7.743530221150198e-05, 0.00011257433957137504, 8.541364445925295e-05, 0.000106388582791107, 9.037985433328272e-05, 0.00010826853312553708, 8.881051897355647e-05, 0.00011379582009458502, 8.449681725912698e-05, 7.344993618625595e-05, 0.00013091072796852726, 0.0001463475503001224, 6.57023953982549e-05, 0.00011180130023181601, 8.600422889042866e-05)"
0.10000000000000003,0.05101706161066516,"(0.14000824336881887, 0.05999175663118115, 0.11078390525276022, 0.0892160947472398, 0.19554953247170037, 0.004450467528299636, 0.12100540058992325, 0.07899459941007678, 0.18417985186566097, 0.015820148134339053, 0.13542504017483153, 0.06457495982516848, 0.12645167388872702, 0.07354832611127297, 0.08638384471321478, 0.11361615528678522, 0.03913548462212849, 0.16086451537787153, 0.07747484946326712, 0.12252515053673291)"
0.019576607115223847,0.005938063595005443,"(0.01867207258412834, 0.01889452809324915, 0.0215763985766125, 0.016351199610411992, 0.022811319514051957, 0.015466005803946262, 0.017174349415933272, 0.020542262851173547, 0.025136190776052808, 0.014035539559005574, 0.015449924864754931, 0.022835062506020555, 0.01883691333288191, 0.018729183161030363, 0.012432161672646378, 0.028378009334952718, 0.015674148865965763, 0.022508399213054323, 0.036312923127359294, 0.00971554944124533)"
0.015583210345169157,0.006738093840111186,"(0.015650756177534635, 0.013085629708676515, 0.024593371744939075, 0.008327447009869404, 0.008038462383938124, 0.025477509282025912, 0.012886854147653764, 0.015892164034252417, 0.03305964623503849, 0.006194863627516409, 0.02028543745441324, 0.010095912422901386, 0.022144687571243406, 0.009248267754562873, 0.015434393700536987, 0.0132690667332708, 0.011733026238628536, 0.01745500230160046, 0.012833606516691274, 0.015958101858089435)"
0.011656175871918828,0.005060805500001644,"(0.012117240870707464, 0.009507114798591433, 0.004437090284794903, 0.025962960545285553, 0.008671788196379053, 0.01328445729891122, 0.005684690291348486, 0.02026495624138441, 0.007871977220957086, 0.014634188688111279, 0.010282661616422486, 0.01120332500449236, 0.011134511429138573, 0.010346210584375175, 0.011880738143267185, 0.009696367229950584, 0.0080212070632249, 0.014361928210052227, 0.006787348039537216, 0.016972755681445)"
0.0009661880925469706,0.0005731816558139754,"(0.00035258784827710033, 0.001837839855135147, 0.0003521125017498531, 0.0018403209110148258, 0.0020077118605503898, 0.0003227554773832721, 0.0004754094051305128, 0.0013630357182818156, 0.0005891441810183668, 0.0010999005351795157, 0.0005118869433152382, 0.0012659045292369132, 0.0012537777862105478, 0.0005168379972327728, 0.0006985700458236599, 0.0009276091980668376, 0.0003847704444530356, 0.0016841210372100003, 0.0013646017584524235, 0.00047486381721718375)"
0.00060253632527203,0.0001365910017069971,"(0.0006775574294644053, 0.0005108848801605988, 0.0006779030093158566, 0.0005106244424304687, 0.0008127192489273455, 0.00042592057049308435, 0.0006702033777065429, 0.0005164907514169735, 0.0005575956754993014, 0.0006207972216496858, 0.0006191504631891328, 0.0005590787162959868, 0.00047257642700710556, 0.0007324822533914527, 0.0009518538225866109, 0.000363662820844898, 0.0005894120178142016, 0.0005872867123367054, 0.0004944545675488618, 0.0007000720973613805)"
0.00309348993619063,0.0005945085276257931,"(0.0026919260023531553, 0.0034326295029310284, 0.0027119119604674725, 0.0034073320779159024, 0.002712759812857006, 0.0034062671422623652, 0.004388423390686758, 0.002105627418492673, 0.0032832820353301214, 0.002814374310812302, 0.0023979750186757126, 0.003853411542413668, 0.002838865644523121, 0.0032549566525670653, 0.003727641392792903, 0.0024788823928316088, 0.0025801742156751025, 0.003581302595478761, 0.002487848513270815, 0.0037142071014750564)"
0.0014901297322641846,0.00024743359839720286,"(0.0012863273858412531, 0.0016818902887981713, 0.0018536008672145727, 0.001167166878656353, 0.0016745255981457168, 0.0012919847512974703, 0.0013982626471266753, 0.001547249755192483, 0.0016832993485367607, 0.0012852506242232976, 0.001387697696252506, 0.0015590294228375499, 0.0020504459219159274, 0.001055117579711643, 0.0015688902468874858, 0.0013789757076721097, 0.001442759916838752, 0.001499529833904679, 0.0012261374026825145, 0.0017644527715477661)"
0.0020012214548751433,0.0004146070545149815,"(0.0015184469226286622, 0.0025329524455787854, 0.0019887219069100294, 0.0019339827417749929, 0.002005006630576342, 0.0019182748762522886, 0.0018683889830645283, 0.0020585402081773124, 0.0024362938090630513, 0.0015786904813557782, 0.0023208017477883854, 0.0016572522189019611, 0.0014161962611477046, 0.0027158339219430475, 0.0017754086521814918, 0.0021663484862642635, 0.0028701448415887963, 0.0013400556621472716, 0.002000294718534825, 0.001922793581623352)"
0.0022023344764970634,0.00047226451327209135,"(0.0024942687542914435, 0.001865815841151486, 0.002260491118890006, 0.002058776570699994, 0.0022733715707305337, 0.0020471119696243386, 0.0018675528716044652, 0.002491948808843047, 0.0025598124848813493, 0.0018180418219430126, 0.003652897938623316, 0.001274014832070582, 0.0019293043442445625, 0.002412188708188711, 0.0026103784382440097, 0.0017828243160699646, 0.002022007796853338, 0.0023015965423518673, 0.002017181697349264, 0.0023071031032859757)"
0.007052973871883654,0.0016898846598542596,"(0.01025943018626694, 0.004592397799875119, 0.006255382671625826, 0.007531974794939124, 0.0063996100214917, 0.007362227457166593, 0.0067517103009665114, 0.006978288835739899, 0.0055522943165797565, 0.008485750561653946, 0.006945387379231794, 0.00678369427690525, 0.006727277647405775, 0.007003633131383195, 0.0050189950532928684, 0.009387414037093573, 0.009264429758804574, 0.005085621656379655, 0.004745478643117119, 0.009928478907753852)"
0.013672295535522969,0.0035514598603522715,"(0.009271233385625889, 0.018901517988650498, 0.010929991387658954, 0.016032984693222046, 0.013686435163836342, 0.012803946573204272, 0.013316610346559512, 0.013159533849442413, 0.009822017085316818, 0.01784158824946009, 0.015545755929209216, 0.011272554735413175, 0.010056738016088305, 0.017425171495473315, 0.019563832609527283, 0.008957364751221877, 0.009103564499270382, 0.019249644974716196, 0.012625015362539606, 0.013880409614023157)"
0.005955232347717779,0.0009521945090461276,"(0.005234309964019938, 0.006613170571350743, 0.005983705761559436, 0.005784940970487054, 0.00718855023717315, 0.004815349892998298, 0.005466948785759449, 0.006331755787716964, 0.004752077227570805, 0.007284263903488689, 0.00792241000063932, 0.004369299823234501, 0.005000910322378311, 0.00692181670614769, 0.0064882194335872355, 0.005335113118430138, 0.006021711840964618, 0.005748429272205024, 0.006584806830547004, 0.005256856504097189)"
0.002015239292655825,0.0004921411558926128,"(0.0023764971422419586, 0.0016184129901900225, 0.0019624762349198066, 0.001959847348832236, 0.002278371803938823, 0.0016881151002240567, 0.0015853069322576728, 0.0024261256718763305, 0.001967985557977243, 0.001954360808474147, 0.00133808247091152, 0.0028743772747682724, 0.0020336016131452944, 0.0018913015318694358, 0.0017796574521555166, 0.002161176490169723, 0.0011541420504364323, 0.0033324787401164783, 0.0019443166046580038, 0.0019781520339535296)"
0.0034653295355102833,0.0004951863388857977,"(0.0034702806011955955, 0.0033942056875135894, 0.003328711231088344, 0.0035385605227146715, 0.002903811786504681, 0.004056339397955392, 0.0032386667476945004, 0.0036369429371611445, 0.0028507889034583254, 0.004131784763002659, 0.0034846228795272194, 0.003380235555201393, 0.003999487255581968, 0.00294508905795531, 0.004545822413599435, 0.0025911364506031242, 0.003282928632938507, 0.003587908075632785, 0.003979058368850186, 0.0029602094420268224)"
0.0001005667907476844,2.315363583160134e-05,"(8.150138805414522e-05, 0.00011797817000364074, 7.158803083795836e-05, 0.0001343155343544698, 0.0001241731399087431, 7.743530221150198e-05, 0.00011257433957137504, 8.541364445925295e-05, 0.000106388582791107, 9.037985433328272e-05, 0.00010826853312553708, 8.881051897355647e-05, 0.00011379582009458502, 8.449681725912698e-05, 7.344993618625595e-05, 0.00013091072796852726, 0.0001463475503001224, 6.57023953982549e-05, 0.00011180130023181601, 8.600422889042866e-05)"
0.10000000000000003,0.05101706161066516,"(0.14000824336881887, 0.05999175663118115, 0.11078390525276022, 0.0892160947472398, 0.19554953247170037, 0.004450467528299636, 0.12100540058992325, 0.07899459941007678, 0.18417985186566097, 0.015820148134339053, 0.13542504017483153, 0.06457495982516848, 0.12645167388872702, 0.07354832611127297, 0.08638384471321478, 0.11361615528678522, 0.03913548462212849, 0.16086451537787153, 0.07747484946326712, 0.12252515053673291)"
0.010738909446016609,0.003162371412299197,"(0.01015673399596817, 0.010568900520275861, 0.011513349157775563, 0.00895034540990168, 0.012905747369914797, 0.008335596711047149, 0.010893517323219321, 0.009887735214000066, 0.012275805019730149, 0.008518753162356367, 0.009207218475796817, 0.011773595388232055, 0.010005756652151528, 0.010910981741616302, 0.007211704460146551, 0.014785251114073757, 0.00866388450141813, 0.012521813832318585, 0.02053256342740714, 0.005158935442982144)"
0.006480670323454331,0.0025250527813470624,"(0.006486727731815754, 0.005635140323659399, 0.009937343125491395, 0.003483584385778159, 0.003509758475357059, 0.010445631618974762, 0.006552869061051555, 0.005603895224131495, 0.011880809731048415, 0.0029715198867616087, 0.00949600475028521, 0.003900115243062178, 0.008900334813756159, 0.004200600689933018, 0.006961779494709237, 0.005203959088609756, 0.004968537814306502, 0.007461297532656471, 0.005597352572688665, 0.006416144905009842)"
0.004993041181706434,0.002080132042641664,"(0.0051227464544732594, 0.004192808510455573, 0.0018283304294030446, 0.011111135865582732, 0.0038690384256507217, 0.005569753320257643, 0.002960195046078779, 0.007290893914212183, 0.0028883766148748414, 0.007177475223204866, 0.004927663984877603, 0.0044183952260589176, 0.004575453503102467, 0.004804839469023795, 0.005454978184430815, 0.0039019994208336533, 0.003464230754085903, 0.006289863803912717, 0.0030149642445200615, 0.006997681239089084)"
0.0009632793944628406,0.0005707197364036264,"(0.00035081351087563103, 0.001838106653537208, 0.00035013413825014364, 0.0018366137678722176, 0.001992924920097164, 0.00032365896074008216, 0.0004776237128243264, 0.0013505823126390803, 0.0005809750892659575, 0.0011080694313631199, 0.0005120356563559286, 0.0012603077995761273, 0.001247701260764284, 0.0005174416882502687, 0.0006978819022593987, 0.000923557474975767, 0.0003848206306974473, 0.0016766047384719216, 0.0013629696547861052, 0.00047276458565463197)"
0.0005932603801117806,0.0001347687041893143,"(0.0006667379310017138, 0.0005032592699857785, 0.0006667378120929686, 0.0005027552570390471, 0.0008003230268564626, 0.0004192935815469063, 0.0006618470618798709, 0.0005070299789442197, 0.0005473141724121748, 0.0006126898759328954, 0.0006105842944083077, 0.0005496854074150579, 0.00046492252285314765, 0.0007220294563260726, 0.000937761812219541, 0.0003577549825532172, 0.0005803449696546029, 0.000578319635584814, 0.0004869376924576581, 0.0006888788610711514)"
0.0028955527290442577,0.0005635754050633666,"(0.0025153569900138745, 0.003217472029636917, 0.002528819171153644, 0.0031862508967982896, 0.0025455534667336824, 0.003180067925037873, 0.004169133009497585, 0.0019419152089367642, 0.0030326768119421123, 0.0026611136328759236, 0.0022629223609554276, 0.0035801911696354545, 0.0026460712709394972, 0.0030641273495917534, 0.0035070850007760993, 0.002305971072206178, 0.0024151344924331227, 0.0033548164864348152, 0.00233428342266098, 0.0034620928126251568)"
0.0014247301357459814,0.00023397402827119798,"(0.0012289082778837587, 0.0016107700125785687, 0.001768322211860062, 0.0011159748895184557, 0.001604570358342048, 0.0012338965859209283, 0.0013512195812125573, 0.0014653634885438385, 0.0015958524669301881, 0.001237980593472142, 0.0013349727551398905, 0.0014839181832229853, 0.001956117822175179, 0.0010132586594818402, 0.001505421240021628, 0.001314254924996191, 0.0013799708039424117, 0.0014355785534483486, 0.0011744681965042507, 0.0016837831097243551)"
0.0018890606806029012,0.0003914662821576604,"(0.0014310341696195223, 0.002395923812807962, 0.0018704244320058223, 0.0018255883667961418, 0.0018968429529882323, 0.0018080977219733722, 0.0017872368176513195, 0.0019191459748960312, 0.002273184471695947, 0.0015044354878692154, 0.0022072258781149273, 0.0015549834007502715, 0.0013327387779613882, 0.0025771424954448264, 0.0016819511753700172, 0.002037170610417672, 0.0027095236983426586, 0.0012667243760332834, 0.0018911088606643727, 0.001810730130655033)"
0.0020726376626421443,0.0004461620306729043,"(0.002343137374994312, 0.0017595281629635513, 0.0021193530939276296, 0.0019378644678406678, 0.0021422576586851714, 0.0019251189246934804, 0.001778557930536453, 0.002318951778539558, 0.002381971384588687, 0.0017267198312541844, 0.003460406088794691, 0.0011926041107672173, 0.0018105707750865204, 0.0022808589225896633, 0.0024634605010195295, 0.0016725740666138685, 0.0019033200579148684, 0.0021681898424314935, 0.001900497900908518, 0.0021668103786928175)"
0.005924325086245396,0.0014197876715351238,"(0.008574700053738319, 0.003880107599899444, 0.005200152491985499, 0.006331139714677988, 0.00539188667681132, 0.006175892093017584, 0.005857614102460091, 0.00568593403791161, 0.004520572530977455, 0.007312041321997083, 0.005938758742552744, 0.005617554246895211, 0.005608077067936063, 0.00595968786866174, 0.004247325930397549, 0.007820362143966746, 0.007788830273179007, 0.004282729673988182, 0.0039983461235484985, 0.008294789030305769)"
0.010607145850288636,0.0029003262091769105,"(0.007107452696354254, 0.014757830081260463, 0.008305209585364157, 0.012411823007528088, 0.010626355963531089, 0.00988519946157746, 0.010857446769688252, 0.009677803261457271, 0.007208671757925161, 0.014394761653046543, 0.012374007829907618, 0.008514980568045692, 0.007678483761689533, 0.013763579292971662, 0.015308659238555906, 0.006832937595216457, 0.007050713116920992, 0.01494048322650705, 0.009809826173326614, 0.010636691964898493)"
0.005392251328154624,0.000893955666451337,"(0.004716169513733748, 0.006011018877982909, 0.0053722302950724235, 0.005238152412072908, 0.006500657433490419, 0.004363830642118191, 0.005055214221239056, 0.005612320550018077, 0.004199964103349345, 0.006719209186348735, 0.007250579879283307, 0.003917487374810934, 0.004500359725044981, 0.006319545163093471, 0.005897360725591678, 0.004801430488606667, 0.005457070785671041, 0.005204096530273869, 0.0059701590732324445, 0.004738169582058297)"
0.0019063761624679904,0.0004625787359107863,"(0.0022455899708736953, 0.0015343881546596137, 0.001851464295468664, 0.0018552501134590433, 0.0021574820942913456, 0.0015974718415722948, 0.0015145135956746943, 0.002275784455565247, 0.0018450717840690183, 0.0018638825591470879, 0.0012728523468550767, 0.002709182002744757, 0.0019202772745418922, 0.0017967444815707892, 0.0016877817485729187, 0.002040499400327201, 0.001092677527580765, 0.003155761874187756, 0.0018417003066641463, 0.0018691474215338005)"
0.0033325011063238146,0.0004815915725996964,"(0.003329781684399016, 0.0032706910178851713, 0.0031919268301678623, 0.003403758753232721, 0.0027820372162380863, 0.003915652852233499, 0.00313390877791646, 0.0034761961868036064, 0.002714832792049597, 0.004005709494087161, 0.003359378125061915, 0.003244012313438175, 0.0038378753666814753, 0.0028406820807592823, 0.004376678016164643, 0.0024873491122684842, 0.0031629034632618008, 0.0034449825246081357, 0.003829926753783399, 0.0028417387654358084)"
0.00010059282704271578,2.3159135362366277e-05,"(8.151887556565993e-05, 0.00011801441179595484, 7.160526034967825e-05, 0.00013435126215950892, 0.00012418232047437807, 7.747022899196848e-05, 0.00011260520141010724, 8.543516194964687e-05, 0.00010639981207830332, 9.041671922736803e-05, 0.00010829339571173359, 8.883691959274582e-05, 0.00011382236162538482, 8.452176418691469e-05, 7.346992457320678e-05, 0.0001309429413261464, 0.00014639828307156383, 6.57138778165349e-05, 0.00011183400807092003, 8.60238108765905e-05)"
0.02205811652023315,0.0031451005569015527,"(0.0252860732174364, 0.018831056426504955, 0.02408496284277748, 0.01840172751481679, 0.019887457818267187, 0.024976178361988257, 0.024307830662992004, 0.020851350178149732, 0.025332336048283523, 0.01825898998771396, 0.019353164477038276, 0.02563537941240265, 0.026643492979655292, 0.01841286012865421, 0.01832169257651183, 0.025101820456369342, 0.024801171955149283, 0.018109017820181907, 0.023672028739465667, 0.020893738800304186)"
