2.601987429134554,0.727286199405096,"(2.2658116542737177, 2.779814645550632, 2.599133586377371, 2.3993386689432805, 3.048437808342666, 2.0754943858467825, 1.7031240168069433, 3.696269016416376, 4.317337473467091, 1.448075922162582, 2.435484465270722, 2.598118017684875, 2.5120756235742063, 2.52323958536694, 1.698743961107693, 3.697792177262391, 3.235267893601973, 1.948279124288254, 2.853519043407384, 2.2043915129391913)"
5.937461144139123,1.308698456983674,"(3.8692924059194107, 8.703894654491851, 7.716414152238388, 4.347130484770208, 5.5453954315176475, 6.084632820281781, 5.152916409176038, 6.534634909492584, 5.384897146492975, 6.235571543792443, 4.833649404333131, 6.980661500263079, 5.198379046905205, 6.495444808243374, 6.38452124581271, 5.269256947763281, 4.870076242582455, 6.917180282134458, 4.188579448979366, 8.036693997592073)"
8.188053323481533,1.0624278122007254,"(8.649931254157766, 7.628703411312265, 6.406665338081186, 10.278698804787023, 7.869184736334747, 8.395052580151052, 8.733513128847669, 7.555673286084582, 6.935823454449485, 9.499381248787548, 7.4181575206098245, 8.905073138082354, 10.171511397959879, 6.497068854861239, 7.451131208444515, 8.851089846525277, 8.222897505545571, 8.025744475506723, 8.538858497371775, 7.726906781730199)"
40.06361305077774,0.8529096372023988,"(40.39076513468823, 39.72199794449824, 40.26908821764569, 39.84342063535165, 40.97377070920138, 39.15597827200859, 41.195643445710054, 38.945879114516, 40.526121963901566, 39.59039198301635, 39.62586990982143, 40.487947796477386, 40.25357324123284, 39.856306849066726, 42.00654127340563, 38.19448189941929, 40.781568272313024, 39.34128929638188, 40.31042146172297, 39.801203595175714)"
20.23648765249374,1.7313858118524144,"(20.370121010136494, 19.9639449832741, 17.339707381849173, 23.461806529303054, 17.259742339318848, 23.558899989366907, 19.853759527477536, 20.484154624171396, 22.28043104971622, 18.257128204242083, 19.77082727509118, 20.566290539194735, 18.63652375605013, 21.816893583454167, 19.66507627151613, 20.68150456018255, 19.097052743969073, 21.293889469777668, 21.06293275197233, 19.309066459811064)"
4.75386368232359,1.6966801344220759,"(5.867194570918007, 3.437406969011005, 5.266501758509779, 3.783893858858243, 3.8315147065825435, 5.292684267737184, 7.213337993791491, 2.7942344357135074, 3.6134383500342118, 5.531583466269485, 4.270332862094166, 4.749309000830293, 3.4597307599907534, 5.874266237132917, 3.1915058050055536, 6.298796509288417, 9.499145196099525, 2.1249953646323707, 4.381563799487483, 4.595837734484859)"
8.716526268428954,1.3807129867416046,"(8.147626112110625, 9.107442902993471, 8.66777169446753, 8.5242896477537, 8.57698742365903, 8.672689746104668, 6.821355815541954, 10.87867261355835, 10.402722759167531, 7.110178180487264, 7.319749881934837, 10.161037498679981, 8.513009876340645, 8.744035158809268, 8.74057922570713, 8.479581457507782, 11.674663658589932, 6.357279872257627, 7.384912231243963, 10.045939611663764)"
13.240289454508662,2.0964218166135375,"(14.489737508046348, 11.81402592464032, 10.40760260923554, 16.42602090607277, 17.01461867353043, 10.073499694970785, 13.067477168298025, 13.103514717789523, 17.42865554935119, 9.811434058023323, 11.675471570321308, 14.677140204947786, 13.060611873808257, 13.125231452436111, 14.437511072676417, 11.851637255899943, 13.181474207865577, 12.985823710192747, 13.285493124335911, 12.888807807730945)"
18.519185284134593,2.29903139721385,"(16.063773492271025, 21.03791691651938, 17.609683321901, 19.207872875708418, 18.347523699270297, 18.41713063618412, 15.620196115545982, 21.639534973428514, 20.38075352131379, 16.591665054131898, 14.362994635489551, 23.52411586209806, 17.516192617388274, 19.287624410295244, 18.074115460856493, 18.701247399830358, 18.242943278354794, 18.522324536879577, 15.690369940834692, 21.545726934390427)"
20.150502805464612,2.4789836329110275,"(17.21643804189797, 23.243483809713165, 21.989203834170233, 18.24741615514706, 22.88701164018423, 17.469777316151337, 20.144009589119097, 19.872120045542978, 22.3192119581289, 17.963711675687033, 20.908088155626274, 19.12067759090119, 15.372801547271253, 25.995553590083148, 19.674599290900694, 20.352120636360045, 19.1105680799188, 20.933377998097317, 21.932489389780027, 18.257395764611424)"
22.052611065340255,2.2383827754648076,"(21.11909021810252, 22.795340423635356, 22.565911104719543, 21.431724744661143, 26.519570585649817, 18.121150349698542, 19.86328205685011, 24.246217225956247, 19.107856002596407, 25.27836970471544, 22.28185130968728, 21.564781521053572, 21.02551422478727, 22.836960515226714, 25.144009254143747, 19.16782754440627, 19.9015146614067, 24.17939450213725, 22.05567337032257, 21.846181987048553)"
49.69807755044768,10.208485883191818,"(52.25826501784663, 45.424690012301305, 51.538470549620115, 47.06979983910931, 58.97817485545186, 39.70819987747184, 52.27193891919124, 45.37777587747881, 71.91950871138067, 33.564044957687734, 63.415708096989476, 36.964515451784024, 34.261134152824134, 68.11248803048245, 47.703473572852786, 50.07936843605031, 53.271771587083066, 44.524551488417025, 46.95592163452931, 50.56174994040127)"
29.945280266257882,7.816131956334318,"(29.49809752364596, 28.479302766864034, 35.42072130486286, 23.979257537774252, 22.05599057519539, 37.86618227768662, 33.654463090732044, 24.96497807178336, 31.238803393974425, 27.115293041524186, 31.00892907840164, 26.938467433090686, 20.43822237227469, 40.78700125360477, 35.861042771003625, 23.496329848610493, 19.295209388116522, 43.51017738088709, 18.966275552406756, 44.33086066271814)"
45.2010668339724,5.786226935936133,"(48.532733629988364, 41.44861861627144, 54.508161984005724, 37.07592756543427, 51.551622202413, 38.91052371550785, 46.48677882150057, 43.26656574186548, 36.18197408999763, 55.795433406697704, 44.08549362767542, 45.50890171943443, 42.6102885662262, 47.03975253260054, 38.080090647359334, 52.89703215303649, 50.39827582234524, 39.90711931289808, 43.68486425782051, 46.05117826636961)"
99.89047507083836,7.258459280171935,"(95.96475820379828, 103.45669737559098, 87.31662788905604, 113.70673615083572, 102.91975294586766, 96.4635439470051, 108.97410283728097, 91.1058749455284, 101.12579977147264, 98.17894941344305, 91.06526482962727, 109.0209308153557, 95.47119025740689, 103.989035740024, 109.60181876230834, 90.58504084409007, 96.15545758606713, 103.25143355149295, 95.54111380421904, 103.91537174629653)"
2.5151581805676066,0.7164459622107533,"(2.199060247292861, 2.671053616572854, 2.566454568540856, 2.2619211356687123, 2.965557772482955, 1.9891501712361452, 1.635908965754488, 3.581059300043299, 4.210668256010501, 1.379638308833984, 2.285636188159488, 2.580473461623367, 2.4246618905294675, 2.438770649403176, 1.6422815708573095, 3.562679196038666, 3.1620661969824346, 1.861659929775566, 2.7756377008075717, 2.1088244847384447)"
5.899515122425694,1.3051274985015888,"(3.8510328658093353, 8.633583689018863, 7.729028066706452, 4.282769134540225, 5.5240908667258, 6.029101784082115, 5.109063764880675, 6.501677047836805, 5.368867604256009, 6.167158193825369, 4.753852027653856, 7.005309928252458, 5.164468299947289, 6.45464672020191, 6.346191119897929, 5.23141360990562, 4.8594723358622485, 6.847454855878185, 4.172422201208574, 7.958698332024152)"
8.202540499790762,1.0606025063440836,"(8.671269993918417, 7.638704629456867, 6.438364034697192, 10.267266525095147, 7.891510275203562, 8.401542489402296, 8.740506558382474, 7.575840615932051, 6.956643575893634, 9.503561236040628, 7.402854773206228, 8.955254689262029, 10.190859329943189, 6.508330844364873, 7.4656795568128995, 8.8662944043721, 8.251403916773473, 8.030121015804395, 8.562530456678587, 7.732271074575152)"
40.071215719019406,0.8526392826301399,"(40.39780210612824, 39.7300583457364, 40.27479417479441, 39.85298494719122, 40.98074030237684, 39.164109554233946, 41.203963576226606, 38.95294424219448, 40.532899645869094, 39.5991278691083, 39.6362424478856, 40.492683022082076, 40.26136663561233, 39.86358845318806, 42.014483969412794, 38.201802789976334, 40.78817102201586, 39.349554878388176, 40.317450432276644, 39.80954596569068)"
20.326290791936454,1.7422228377527917,"(20.45363612086513, 20.057811226083142, 17.399420410087174, 23.591487452506446, 17.329611493158257, 23.6700748084016, 19.94437077782093, 20.573015549384305, 22.36747491488989, 18.35076400260442, 19.8847166204101, 20.628495034345708, 18.719494713380406, 21.910095709704873, 19.75206655273399, 20.77371313879036, 19.170480343781662, 21.39803850649056, 21.147898796010164, 19.403149667279944)"
4.4456480993302945,1.6081411984564078,"(5.519860135067174, 3.1910089593883817, 5.051513755936267, 3.436357671378776, 3.6139415792691105, 4.900041675468476, 6.697719210222841, 2.621315285051724, 3.4158773820532713, 5.086251695831413, 3.852749649691242, 4.5953525802684165, 3.2318394162428232, 5.495746147351094, 2.983679224932463, 5.874909551735815, 9.007406066443544, 1.9607970587075545, 4.130286185318861, 4.246308756246637)"
8.544327703677594,1.3695877114560076,"(7.998521871230598, 8.912029867913196, 8.541671824636975, 8.307087193931054, 8.424857350664258, 8.480322941975901, 6.6730092865643496, 10.675226977616171, 10.217774154318738, 6.9464421749943375, 7.113782743258125, 10.040790492491494, 8.341893389907376, 8.571828297361778, 8.564972708706245, 8.30984474554787, 11.47893234907706, 6.214656808223563, 7.249355745114584, 9.823553150018189)"
13.419957488273225,2.1227556287409373,"(14.679529576972921, 11.980138156575924, 10.54139862076341, 16.672433424153265, 17.238825610213137, 10.211338006276106, 13.238529307300292, 13.287991660877433, 17.653093931425406, 9.95582236221882, 11.844397226824647, 14.858794113062922, 13.236229281352204, 13.299499962717386, 14.634318317397263, 12.013816535372174, 13.3525218592844, 13.170934695209858, 13.458283861489486, 13.071253255977453)"
18.893244136552696,2.332986718775844,"(16.373097695311646, 21.48278131024755, 17.912103039071607, 19.666470271625972, 18.699326163968614, 18.804783190564617, 15.939903692784169, 22.077231684138678, 20.756828210656426, 16.96895490659751, 14.712083505818683, 23.90016853472585, 17.874539729976583, 19.665893534350065, 18.439363303209124, 19.0839991289377, 18.580996566150667, 18.924075939192736, 15.987436988243129, 22.014845335482615)"
20.94791996076976,2.5554392605737095,"(17.864789275358223, 24.20589079517228, 22.699150204461688, 19.123425662323644, 23.744283164394606, 18.19141854819063, 20.956695473628084, 20.655116199941293, 23.107132524662973, 18.78014326081496, 21.931023080591917, 19.695419606318616, 15.995358320900289, 26.982667187818983, 20.448074502199155, 21.172893715432462, 19.7946201052877, 21.829604699086676, 22.734039953305818, 19.04665293550519)"
23.638755374523797,2.424487978619385,"(22.57230614294466, 24.4893993391327, 23.92679623333139, 23.24766644872203, 28.339571487018375, 19.46222616446317, 21.30516511892148, 25.98253410956045, 20.340744311227972, 27.333783126857636, 24.19817302421409, 22.795266851205266, 22.57595280931933, 24.400223420642504, 26.93006210945383, 20.567377459967776, 21.216461580860003, 26.023773437876482, 23.52925120139191, 23.538373113364937)"
53.16923652503897,11.006334994210773,"(55.48641564960992, 48.861946257787366, 53.57263628016982, 51.741793055392826, 62.408313297854676, 42.92215578024251, 56.46019124337598, 48.14709208414245, 76.0922440296386, 36.390968293782365, 70.61105699976216, 37.9894237024304, 36.667743550968495, 72.76242484804285, 50.95535883711267, 53.62251417475777, 56.03494534631227, 48.20850809712444, 49.81749785815612, 54.63150111411594)"
32.545950158973,8.545987410670552,"(31.919062740701616, 31.040035736143174, 37.76005794009363, 26.58156222545178, 23.84531038213692, 41.292053688192304, 36.67030820632667, 27.073156697913113, 33.52997625564999, 29.912775629264562, 34.496807551404146, 28.55997386721561, 22.30742263523775, 44.031843780967186, 38.89616231604422, 25.58426449733825, 20.762415903729067, 47.61284409529007, 20.44566166430542, 48.59730736605447)"
46.19954908655568,5.867124085590611,"(49.52078991576494, 42.43205887586401, 55.37676083727657, 38.13566037592735, 52.56913079660701, 39.86500894199502, 47.603794718568736, 44.16873991692803, 36.88569672243523, 57.23935199482236, 45.471825624995695, 46.101229381383185, 43.5743615042663, 48.05043898052456, 38.91861985905667, 54.08581164190882, 51.33425704219316, 40.899224056817765, 44.570923002256414, 47.187297541521765)"
99.90811532123485,7.259897582880419,"(95.9806158308043, 103.47589876033695, 87.32901445990701, 113.7307662876679, 102.93641430904535, 96.48187769492866, 108.99440153221303, 91.12130786535141, 101.14208558857048, 98.19832009486302, 91.08615563471717, 109.03436483848937, 95.48834418412218, 104.00685959674331, 109.62105552148608, 90.60114805932803, 96.17052283265645, 103.27104385129981, 95.55700664729032, 103.93510283487606)"
2.8907953848214483,0.7389084326282036,"(2.6229961003641753, 3.1219206046695964, 3.0030225823017367, 2.54797858529629, 2.891983113682104, 2.3924215975049528, 2.0896061832569037, 3.9263889373473417, 4.527443535818346, 1.6795857731737072, 2.810970470125596, 2.926124853362955, 3.1388818803436798, 2.582453313076804, 1.9161703196234836, 4.091890446329505, 3.6755510865579204, 2.19598393771546, 3.2549943537855124, 2.419540022092879)"
5.7366590883524875,1.265181781602364,"(3.791669235196336, 8.390125741227852, 7.5190393296646265, 4.149074478097718, 5.083870905822223, 5.895960246784731, 5.06165629065352, 6.298951224165043, 5.138226339844906, 6.047676408228048, 4.572387678393176, 6.989264950154903, 5.22719578738879, 6.092882811158903, 6.143350353633441, 5.1298792218774265, 4.775302646334106, 6.595191901053705, 4.093147331273713, 7.73832888609657)"
8.020303013434306,1.0850547519917482,"(8.553195406123981, 7.429409769237249, 6.307855695630826, 9.99215332566314, 7.511588942756547, 8.216853920460279, 8.573678629948677, 7.42348652280763, 6.758821621097141, 9.30018702253403, 7.132302213058313, 8.935448669356635, 10.144472215258634, 6.2736298496447285, 7.25392167861577, 8.733553048046982, 8.155381723847698, 7.744030599129144, 8.397800527566588, 7.568288887902169)"
39.98877538328692,0.851502449238195,"(40.31682342083755, 39.64655015418193, 40.19236132570796, 39.76899702840434, 40.8954672230461, 39.084035846687655, 41.12145653727261, 38.870898209247116, 40.452144379597456, 39.51337462967199, 39.55234523480639, 40.413048277102746, 40.17721012905587, 39.78445110982925, 41.92734588840457, 38.12358273581458, 40.705281917827364, 39.26778685413733, 40.235689122634994, 39.72665764147068)"
19.77589562886246,1.6911410466330628,"(19.944999380349344, 19.479592871876623, 16.93313155002833, 22.93260374047962, 16.84133278727724, 23.01506137653906, 19.41209885449919, 20.01792912617714, 21.757494306279508, 17.841909284622623, 19.29336316879621, 20.14331860459657, 18.242489350179554, 21.301611560369846, 19.193827671785453, 20.23976644396865, 18.69108879135195, 20.77380313779556, 20.578979343835176, 18.88351122644155)"
5.591607430276627,2.058869414055706,"(6.987483984536982, 4.042889817692707, 6.353273415227529, 4.305487324086826, 4.11706403389236, 6.234123175619277, 8.672117944014772, 3.2682792156709892, 4.169601982478875, 6.52109916119703, 4.856998425437269, 5.856594018624717, 4.3264611531991735, 6.537314042868173, 3.7547331599428673, 7.403847928121015, 11.398613036246305, 2.440233805078664, 5.247488053791108, 5.338444927805911)"
9.03842674148722,1.5050111852649914,"(8.547835497438047, 9.366658501705407, 9.081840111699012, 8.73380041364428, 8.622783031531219, 8.964561002972196, 7.054660057906605, 11.373003327184563, 10.713598306142092, 7.377059714968927, 7.392462343501137, 10.870837693972142, 9.034288892222037, 8.881085136870587, 8.981324777017669, 8.886335361319642, 12.338010642100855, 6.438797064429024, 7.6948472352766695, 10.414745717842305)"
12.803687525727591,2.0111806104054235,"(14.191598906733327, 11.32431425188909, 10.097083564404137, 15.83066070520988, 16.184274908965243, 9.706197783643399, 12.601324371345449, 12.773660680191911, 16.74415331144661, 9.519642898452757, 11.088769667262683, 14.531427764138229, 12.850277194468932, 12.527334466778534, 13.836674664918672, 11.59819644640469, 12.971532981240506, 12.320859283696697, 12.859845309868858, 12.515921353492198)"
17.24410052806432,2.1652944547617508,"(15.075121908520563, 19.466423151344742, 16.369896643272213, 17.883294554116954, 16.956950548320386, 17.118199679275317, 14.557001800418284, 20.175661476827955, 18.91187974863798, 15.457016512713485, 13.27397821193121, 22.13696042365066, 16.436398153037477, 17.869624218641466, 16.74083175626931, 17.52004969770929, 17.116160700561142, 17.09768450368304, 14.599180268329132, 20.11969660402577)"
16.66586303003983,1.9363575764892245,"(14.505371155243347, 18.97775816221341, 18.144748197799093, 15.087202326531504, 18.604295322997398, 14.432559346448038, 16.754509510739787, 16.46051635115526, 18.381957841635362, 14.843332665188818, 17.044007767242217, 16.199596355792732, 12.92542760704928, 21.339339713730617, 16.112232724163572, 17.063719418558563, 16.07406478308631, 17.018041741175956, 18.149866939014075, 15.198712671031236)"
15.793476580745116,1.4417257701934343,"(15.553183840500754, 16.006220706923205, 16.11461755506235, 15.311722975415195, 18.443057117144853, 12.975954736505702, 14.377574055484049, 17.36517809246881, 13.626273560735541, 18.01447794257857, 15.610058360519753, 16.023389714059785, 15.414487682357938, 16.19999400369818, 17.746101710703737, 13.999362523539695, 14.609834730247405, 16.87142095602501, 15.827570686918632, 15.779050664013157)"
9.283294924038017,1.869682620024962,"(10.668006073930803, 8.032236820646766, 9.569929619488025, 8.511873250724593, 9.245107542887435, 7.645344301252035, 10.532760466294786, 8.231128782524893, 13.63047075928745, 5.857398877575013, 10.822502695703529, 8.082092251694963, 6.871281520021338, 12.619904115522589, 8.54658271004275, 9.859390248704655, 10.687488647893415, 7.678229646847521, 9.079726682148225, 9.494443467569607)"
15.92095510969805,4.103514013937811,"(16.293526017134266, 14.72710203644092, 18.72613118691085, 12.653371085223146, 11.185594844980852, 20.287452827205552, 18.36470975471495, 13.119673026087234, 16.708925116009713, 14.077874606753165, 16.08663979158741, 15.01638802285845, 11.095010327554265, 21.721554129872047, 18.71457706645546, 12.784210979048023, 10.554179614917485, 22.418953612542072, 10.16057505949215, 23.72265308817305)"
35.9247608681137,4.543958263212922,"(38.795876295989636, 32.79769559874249, 43.161914744374315, 29.43683547329357, 40.66291696801414, 31.071925618292305, 37.28773135159663, 34.1432153094964, 28.95237075397475, 43.8394246257888, 35.065252524079746, 36.318983040002685, 33.74423683942682, 37.72987966073091, 30.196236196584753, 42.127058416969895, 40.111224397413146, 31.66337448726752, 34.81686056817609, 36.57220449205932)"
99.74468461438265,7.248793857481292,"(95.82610760536176, 103.3043574326404, 87.18701838041406, 113.53993156318357, 102.76571106159753, 96.32617159824102, 108.8208610059739, 90.9685196194366, 100.98386293841536, 98.02729180177106, 90.93403283901463, 108.86224529668839, 95.32700986624889, 103.8454233705685, 109.44144433932087, 90.45244883273566, 96.01440030546226, 103.1011408424887, 95.4035255358728, 103.76218805221656)"
2.5378464182120464,0.7031493043122399,"(2.318411035359252, 2.6320344974124983, 2.6983134612372344, 2.1809275157646657, 2.7604436553597425, 2.0404130680847805, 1.7138581740385912, 3.5566146855738623, 4.083151566431009, 1.4415366951154156, 2.3805334073583326, 2.570579112590745, 2.4753924281371273, 2.483582311428476, 1.6284354538695442, 3.666861174264387, 3.358219461992967, 1.7996154602069039, 2.817121404266777, 2.1508837957486087)"
5.827854968678814,1.2716435834075996,"(3.814643717630387, 8.561610384205267, 7.647044834738517, 4.221517482666689, 5.270874707234464, 6.025232738815797, 5.1348683683904195, 6.361210461229298, 5.258509556886125, 6.142420624402135, 4.681932286538551, 6.989489816148087, 5.173824887314001, 6.332474190136286, 6.20601456829114, 5.233221604386018, 4.891818301674206, 6.638856065668673, 4.204477479572068, 7.767057297648152)"
8.202032805903075,1.098250201777637,"(8.663222321186485, 7.652323952391554, 6.423653982389452, 10.271277245295435, 7.761226188361375, 8.438809413878593, 8.786004467656827, 7.5471064302470525, 6.926766823286792, 9.527846438009906, 7.350705836438811, 9.028337861544719, 10.28512476670098, 6.455083830457746, 7.402484952906308, 8.937873936879434, 8.323853202688767, 7.941172982839123, 8.652468017144152, 7.665313467757941)"
39.990380801925575,0.8514364418679696,"(40.31753498679174, 39.64890831303775, 40.193139657333035, 39.77141097391887, 40.897700055373654, 39.085887697056016, 41.12339043065025, 38.87196986146359, 40.45360370144514, 39.51535062372867, 39.55428787869872, 40.41404637741357, 40.17864408253658, 39.78604345840299, 41.928941651183905, 38.12506328685332, 40.706041586168496, 39.27032404272512, 40.23767335843477, 39.72765401529511)"
19.783163311291066,1.6973279101822756,"(19.926631471028664, 19.50778261087935, 16.918940791475713, 22.966736680963646, 16.857199211718562, 23.035163967233633, 19.42856112365286, 20.00867846331273, 21.76117002272072, 17.85664175850667, 19.308038641089738, 20.135085403020874, 18.245683260686285, 21.307945121231903, 19.195080377975057, 20.248591742625337, 18.679735779804144, 20.803625251284085, 20.602189577693338, 18.86978496891799)"
4.827414302019498,1.8552282275179293,"(6.005068369311024, 3.4552140110759986, 5.5095039673159025, 3.651243463404829, 3.562266053679219, 5.41885284082278, 7.523361771101556, 2.757378901891846, 3.5764760527744617, 5.631031326374205, 4.205433829173436, 4.954991618933238, 3.56350775677252, 5.867784183296551, 3.1615254456909265, 6.458043251127245, 10.121439087445186, 2.0241551532779973, 4.61170626730051, 4.48930268962051)"
8.828595961248533,1.4369765520214781,"(8.249691496557482, 9.252703696286295, 8.79586822359526, 8.606122577742141, 8.455689193362446, 8.835788996306048, 6.950592506219035, 10.98710434557868, 10.474611404162635, 7.230343173376915, 7.260114708591015, 10.534411373514525, 8.788758699021965, 8.708038773067962, 8.714907208462272, 8.729212116955626, 12.062998782097234, 6.294410591384208, 7.63998686264877, 10.000564496040127)"
12.766442836653967,2.005340477906378,"(13.999570897277552, 11.395650299879764, 9.977759957785524, 15.923132747605564, 16.221432223415185, 9.726762979925788, 12.622590789135304, 12.643106489218399, 16.68537482610363, 9.524237351759584, 11.106377439377242, 14.380250606053144, 12.780882684387311, 12.49972210547562, 13.754921010174469, 11.580945260933825, 12.860901888531698, 12.367678105802407, 12.928862768942075, 12.348696301295272)"
17.29879810300129,2.1540402592510466,"(15.038561685000378, 19.62599216339647, 16.3401747838067, 18.031231419618795, 17.065069676388312, 17.21338573149735, 14.635521742588098, 20.16988237801938, 18.961013555325987, 15.5404524862741, 13.34762725838109, 22.123417567434306, 16.471905892998755, 17.92911717235697, 16.7771320858692, 17.58170531797085, 17.100044243569645, 17.23698496781792, 14.696890781423148, 20.08985115028834)"
17.02250100973836,2.0179955579205213,"(14.620953340860389, 19.590670113090813, 18.325739172516844, 15.57520929941461, 19.16459180583144, 14.803079752242422, 17.17560208267083, 16.68250772971173, 18.743215765977613, 15.23135859480137, 17.515564220639746, 16.36974279698019, 13.15018291117154, 21.808639561291095, 16.427264363394375, 17.415428893754903, 16.243708718164573, 17.58609762135337, 18.652030462320234, 15.368432988579107)"
16.402119808725427,1.5457125518041086,"(15.824550962706217, 16.901178682164304, 16.45565960400564, 16.166212693524642, 19.435063441244143, 13.562254550443939, 15.012004112283954, 17.825091893345842, 14.119953366185875, 18.846186133648175, 16.38517642293937, 16.347952865132534, 15.899599462884312, 16.852848762465882, 18.39000589366896, 14.516536914504075, 14.923117378832673, 17.84926172020882, 16.589699767205975, 16.140041547113327)"
9.101354301093938,1.8898641646966994,"(9.719180414872051, 8.34587369442285, 8.926070947349851, 8.73325334753679, 9.39805047844887, 7.790456423317607, 10.684176941522566, 7.609080611645727, 13.38282887118205, 5.838411018517202, 11.011352613773383, 7.435920718531122, 6.504575766242842, 12.62838965883754, 8.129778464479642, 9.818763292359538, 10.334368084855623, 7.652258143713423, 9.558917144631627, 8.525379385638447)"
16.176979356515865,4.146140797412525,"(16.096852791932168, 15.338927158923978, 18.562727040972188, 13.179181226762623, 11.539968399879001, 20.8665539407255, 18.871901617013325, 13.094700302207515, 16.933537076298553, 14.454822121740746, 16.538401797196865, 14.968594824277817, 11.2129428046659, 22.090636415901045, 18.90528903390276, 13.018407597306828, 10.520099238868674, 23.30724912252112, 10.517391052878619, 23.52140356634206)"
36.12269403677454,4.5381280435346,"(38.85767807330672, 33.095147417785995, 43.24464993994438, 29.709929013931095, 40.996856192643065, 31.286504848746077, 37.542682157356666, 34.25795847468743, 29.094139961712358, 44.16221444161207, 35.31922136224, 36.4212556353637, 33.905926808967884, 37.941343132918185, 30.354347710328202, 42.35344627594958, 40.183519314902256, 31.978887949525866, 35.06975503317031, 36.678416990399)"
99.74510321309968,7.249136655879073,"(95.82521446046681, 103.3059685349117, 87.18622701887722, 113.54181480233622, 102.76679883125554, 96.32703487756892, 108.8218238451156, 90.96815511645251, 100.98400354398333, 98.02824155826916, 90.93473014751184, 108.86189699543641, 95.32726069098676, 103.84573059962172, 109.44163007275284, 90.45283533534693, 96.01361812698799, 103.10296305992769, 95.40453727909798, 103.7615793650865)"
2.490920366066358,0.6993683681481072,"(2.217455721033564, 2.62051683193663, 2.6486334999706087, 2.181450557152138, 2.734004157956989, 1.9950590996379174, 1.6457451819578888, 3.548980382986428, 4.079200993554472, 1.377908754004438, 2.340250739566279, 2.4976018478072324, 2.4141730385580025, 2.425618956034435, 1.6199610641119842, 3.5817554541435963, 3.213973976145039, 1.8065113657278788, 2.7524979475570586, 2.1171077514845758)"
6.819213044256258,1.5007805094843212,"(4.445847062586728, 10.025929352250548, 8.985450716200695, 4.951294973625549, 6.154496644134634, 7.041061851570296, 5.9691207358075165, 7.48648068589017, 6.170709060294888, 7.127365425052005, 5.494786749091119, 8.140124488177946, 6.037833395574658, 7.41344196561486, 7.2896721543189384, 6.11663648363889, 5.689146468740763, 7.816827418554817, 4.893084344555501, 9.134950909444617)"
9.11524702118407,1.213320291856956,"(9.623660317762322, 8.504386785001463, 7.159717875066266, 11.421046539233132, 8.592009270939057, 9.381428040670857, 9.75146833152815, 8.405219594590088, 7.701205137477939, 10.553522311202974, 8.181686563981561, 10.023510941546467, 11.424792273051489, 7.180944277038034, 8.237945303180028, 9.93841666802634, 9.241895387811837, 8.841559177714265, 9.600534559685117, 8.539991068174016)"
40.00261136951795,0.851635725764353,"(40.32985374939358, 39.6610715948675, 40.205481847396676, 39.78370823292559, 40.90928987371344, 39.09809916669637, 41.136140940953524, 38.88382509229293, 40.46595959601099, 39.52714470657846, 39.56613450938742, 40.42681015485653, 40.191223565235205, 39.79808703819374, 41.94156216090771, 38.13704523744111, 40.71870418680948, 39.282148683445136, 40.25024442603359, 39.7396926272199)"
20.104255058096754,1.7268210106222035,"(20.24946867987692, 19.82440486826237, 17.19693311640321, 23.341532174175118, 17.115879570921425, 23.413244993437576, 19.74486892889939, 20.33471805455717, 22.113575676281922, 18.139593472065442, 19.619962186993504, 20.465643804536214, 18.54451936140871, 21.65341311509385, 19.50554553602448, 20.58183711407565, 18.984628956485782, 21.140257397887794, 20.93773755434296, 19.177336600205486)"
6.14416059236974,2.3615962855881443,"(7.593256729547747, 4.412282929928337, 7.12736145365784, 4.6661044735530135, 4.374181745813796, 6.933968007640509, 9.540527477287428, 3.5421131702248503, 4.5707679777154695, 6.9816721589878314, 5.354540318532333, 6.32851473608695, 4.548542431335683, 7.469829792023028, 4.029459725833756, 8.316168588707617, 12.88370350571713, 2.584315256623812, 5.889178133121928, 5.736723235055732)"
10.960681282768697,1.7919482162562876,"(10.228563090241897, 11.487793701950617, 10.96371347298133, 10.701459702686662, 10.400779127687276, 10.98365147463241, 8.611556784522394, 13.682925466068307, 13.012752699768841, 8.916242948715103, 9.021477736575918, 13.075403588698915, 10.913562165152683, 10.816117167111107, 10.831881927625428, 10.856577080367167, 14.95514960765575, 7.83161315208338, 9.466922324735233, 12.455482436113455)"
14.625286549161002,2.2884194582234967,"(16.034193978361852, 13.054538886622556, 11.458477211784647, 18.254263071382596, 18.48332330516552, 11.153047891844375, 14.452612943190614, 14.5057541126034, 19.115947394818125, 10.876546657054488, 12.73324420913815, 16.47462443867693, 14.645268861511926, 14.32914938786416, 15.769577087643597, 13.280513801383247, 14.729607350637629, 14.18319757138341, 14.798133656249522, 14.173709165903228)"
18.516799462672523,2.3100094535257893,"(16.09545497882323, 21.00785280276737, 17.506476756369995, 19.308064972443617, 18.20038192011548, 18.438999543417186, 15.668358470568625, 21.597377091361555, 20.293519779118796, 16.607475785115156, 14.284094106661415, 23.697709474990226, 17.64169454318278, 19.19104392258724, 17.955496171012456, 18.83685674706298, 18.30999215562968, 18.448537420137914, 15.73418624172602, 21.512416370358697)"
19.565846449366404,2.3102850670588224,"(16.80268710620669, 22.520128315375334, 21.102744785700057, 17.919185003131386, 21.870734648179496, 17.04244853124293, 19.748698624568046, 19.190865023946536, 21.541596862810977, 17.451012025727298, 20.123959151803934, 18.844755462867234, 15.134177039559802, 25.06715657897333, 18.877342347490764, 20.05648740398527, 18.68341292721995, 20.212208467414005, 21.447479456800053, 17.679849224325004)"
19.956243442946636,1.8462267476930947,"(19.249241426431823, 20.565869649696985, 20.080033709130817, 19.69603482577284, 23.42973791828565, 16.534520687058023, 18.26523691821798, 21.72286042509613, 17.1799332263946, 22.827205715459115, 19.93651671148992, 19.919671934087308, 19.370563968227405, 20.512496797708568, 22.38119602100677, 17.7024159837046, 18.16437871402686, 21.730718849818942, 20.18154230820786, 19.67469306911044)"
24.36688243120652,5.201711052613669,"(25.744960177737838, 22.220151565076634, 24.314200498669493, 23.4744394294955, 26.64758157179113, 20.36972116674691, 27.27056230221542, 21.093256901646356, 36.239802472199784, 15.43088969840931, 30.685835404721807, 18.786723114466035, 16.758143550232255, 34.44431748960996, 22.65393715151797, 25.30382802521377, 26.255711567242184, 21.631392450264116, 24.07091550399278, 23.94127858288104)"
22.26469333832425,5.779994630827977,"(22.12155829316554, 21.072764098766754, 25.681573496390737, 18.130236173019114, 15.835902039563228, 28.655488274380573, 25.826434238151787, 18.100783464271988, 23.293733096262333, 19.780150856429277, 22.883508038143514, 20.451483035219002, 15.35713060530743, 30.49453524504779, 26.142746565884366, 17.849850610450385, 14.39502828490101, 32.265337422277064, 14.351271650587748, 32.60435127826526)"
37.78555798162474,4.739309407109175,"(40.64512126293245, 34.622663725976956, 45.25139523533054, 31.091978251082114, 42.75198129204251, 32.75508685527505, 39.28965362270885, 35.83583493018548, 30.432048541720206, 46.144533068662334, 36.92057699746124, 38.143207763203776, 35.498190517968254, 39.67630256491627, 31.73613493933531, 44.3508467450249, 42.059080014658186, 33.435546949100384, 36.710039906005115, 38.36093644890481)"
99.76115093993886,7.250277980256758,"(95.84061570899802, 103.32260104443897, 87.20039580482658, 113.56021115846207, 102.78249106217197, 96.34272367177813, 108.83940120937294, 90.98284570811398, 101.00023054839305, 98.04368353593763, 90.9492773488844, 108.87964562562298, 95.34275930281025, 103.86241122375804, 109.45917559626763, 90.46759393935129, 96.02915629114624, 103.11950746219838, 95.41995944533643, 103.77833311090839)"
2.4404721878010722,0.6819713078429491,"(2.1936482563312114, 2.554428163564576, 2.6136964194150165, 2.119396338308731, 2.6418058489944127, 1.9506674303597158, 1.6197629637017068, 3.47155071984934, 3.9876788151010834, 1.355569760159008, 2.30677116717956, 2.440904395476933, 2.3653444888642983, 2.387553557848215, 1.589526414592768, 3.506687504243057, 3.1603263258931236, 1.7708623183970844, 2.6882988128650958, 2.0849640548765094)"
6.540781956851771,1.437042978071379,"(4.264176271115182, 9.628625005839398, 8.607367214900151, 4.752749044706107, 5.8573692393920425, 6.764671422798871, 5.74160015847514, 7.1665025529258575, 5.932419240741705, 6.8358263692314445, 5.261151592150044, 7.831495051317651, 5.812308937272915, 7.0972973565138755, 6.98635635489255, 5.874430182604283, 5.458916488683495, 7.49193563315392, 4.710628654327518, 8.739812365993282)"
8.86683427755322,1.1872200087039788,"(9.356777819735283, 8.278049342694061, 6.955862890411712, 11.117424961730785, 8.327591969987678, 9.133760938576929, 9.494570918198683, 8.1684914334411, 7.50362110834276, 10.262729447842801, 7.947845195102884, 9.765425585473057, 11.136077228290693, 6.973830656746493, 8.007885905764438, 9.673413788608373, 8.985820349422548, 8.597825936533482, 9.355247909284213, 8.294432164876456)"
39.99847039201248,0.8515444945222607,"(40.32565417726951, 39.65699197582846, 40.20125782028534, 39.779618582336326, 40.90499480335443, 39.09407288140169, 41.13187546847444, 38.879790566163805, 40.4619283000421, 39.52307503680625, 39.56203020147337, 40.42261899372127, 40.18714299101672, 39.7938864415036, 41.93723896430957, 38.13307027609048, 40.7143619888797, 39.27814815405628, 40.24610235738132, 39.73554785985483)"
20.015688734115272,1.7210511988584456,"(20.159215684823547, 19.73840641818793, 17.11847571458044, 23.241120971380784, 17.03242255236995, 23.313739908309017, 19.659933937548146, 20.24326890934779, 22.02130386733038, 18.058687454808837, 19.529516738062952, 20.380234525505994, 18.468209587765383, 21.55291793233759, 19.417220590063085, 20.493771647006078, 18.899780110358577, 21.046062460712072, 20.850359912586494, 19.089125759220398)"
5.192867586792616,2.000009492043137,"(6.452432709972893, 3.7204430497445724, 6.035266763748225, 3.921616663628327, 3.6364379332940255, 5.8502478386818115, 8.104551164304512, 2.9802785090766273, 3.86934408378672, 5.925355439470016, 4.545690645182909, 5.334037320071585, 3.84724855668419, 6.328213501771133, 3.4141030356855624, 7.004239333570926, 10.870275170014496, 2.188797892743695, 4.978052703044821, 4.850719421375292)"
10.315196320999188,1.6907237845856904,"(9.619426788835383, 10.826947596989168, 10.294479207778378, 10.086701369535023, 9.694405610793297, 10.364857153690451, 8.127222102916818, 12.849521570697657, 12.28705626223853, 8.382696554057096, 8.46040553432722, 12.361933973305502, 10.32443523672297, 10.14218422891169, 10.171413083278926, 10.24360046322454, 14.077023728587148, 7.358568550871401, 8.952640309955557, 11.678407093266989)"
14.09416424737415,2.205558560035614,"(15.445584843549078, 12.589870302064135, 11.027658092817802, 17.608708679222428, 17.730899229413076, 10.764095703824486, 13.944576014165486, 13.966379454606388, 18.459366157731747, 10.476469358681422, 12.248049161172395, 15.913468159779788, 14.152630359684133, 13.780559285439635, 15.179870592681821, 12.815146623445456, 14.191066465932296, 13.66021405716174, 14.294580781557169, 13.63409162455251)"
18.169714980589898,2.268903949638809,"(15.790562350942922, 20.620293657884808, 17.167567476598055, 18.954316155928833, 17.826827685275532, 18.104464634247613, 15.381032060885387, 21.185190185460687, 19.933249735535046, 16.293382525189518, 14.00570734607423, 23.274210444499072, 17.33135335300788, 18.813794590150394, 17.611380600456013, 18.492421882192396, 17.96118989555054, 18.10047153897733, 15.453474557545544, 21.09340893539623)"
18.807741973885786,2.2132011446989672,"(16.14651901525381, 21.660598057459136, 20.263601031455714, 17.23849774440835, 20.963627112688197, 16.39909317931466, 18.996285635906307, 18.438134801813327, 20.74924998285206, 16.772777591790195, 19.323130686489417, 18.139444564706416, 14.577768496179758, 24.058106567378672, 18.13650453399436, 19.292293342658084, 17.94562726036054, 19.430535394360415, 20.6478384341379, 16.975206044508397)"
18.892907463928342,1.7313201761256396,"(18.21571732923131, 19.48641334882941, 18.982952393655964, 18.666286133536968, 22.09924317451825, 15.674751107509149, 17.307083451753915, 20.55222759385802, 16.31182472837987, 21.609021562508648, 18.848659223826672, 18.89082293241179, 18.38937578908291, 19.378533412109153, 21.176135397076557, 16.772573567420448, 17.175990310291965, 20.577834074509653, 19.144354064952562, 18.598349683103535)"
21.262184916128078,4.500062042616797,"(22.44319531802666, 19.45716682091585, 21.110072246312324, 20.58500470584067, 22.726214068898695, 17.92450726611142, 23.95992252881176, 18.334998807045732, 31.883426312312487, 13.427532855073347, 26.524583621037436, 16.61098619577698, 14.82606866515551, 29.787512608467956, 19.64345062055848, 22.271238539815343, 22.949412217540623, 18.795128030455004, 21.269594888146504, 20.713682006258676)"
20.733894937403097,5.357039252772475,"(20.591582515796162, 19.657113393322422, 23.85972536376801, 16.923516892105205, 14.602066360612474, 26.785819867536205, 24.122378143613684, 16.82936477287253, 21.782542449842854, 18.40122559670496, 21.224429540130302, 19.154992065861872, 14.391219179874831, 28.28274119989918, 24.283336290455022, 16.683534250168062, 13.409860255298923, 30.002624889704943, 13.438813169340493, 30.25101255115381)"
37.26340664660768,4.667244986302994,"(40.08011035391922, 34.149834482062346, 44.613052931150776, 30.6689045385083, 42.133706676661554, 32.311007806341934, 38.75177605690127, 35.33729087159179, 30.031634039783214, 45.50774981065295, 36.40215560438478, 37.62674320807588, 35.02706833590528, 39.1109898067162, 31.29530829587068, 43.74291868602535, 41.46371716738698, 32.97780946780807, 36.21555103852523, 37.820803753881655)"
99.75671049439913,7.24996419935584,"(95.83631411130477, 103.31806643813005, 87.19639717875134, 113.55526930560589, 102.77747191092988, 96.33858616697836, 108.8346646229555, 90.97872842346568, 100.99596348171089, 98.03927482134593, 90.9450611772926, 108.87504109107164, 95.33878077851823, 103.85756442151053, 109.4541811864166, 90.46368401698103, 96.02482785634712, 103.11487526216932, 95.41592193881797, 103.77353569767915)"
4.026478339040644,1.1348113362924168,"(3.4700238443998632, 4.339688775832077, 4.126747870151321, 3.6490776764754425, 4.698660390807713, 3.2049184824832824, 2.613324961887343, 5.762323380761755, 6.736269022606953, 2.2354842834919855, 3.758080397817451, 4.00705198807278, 3.886339807609399, 3.874808759626936, 2.6650474473380434, 5.650489841917493, 5.022288338026291, 2.9983988405033966, 4.4353925725121455, 3.395150098491203)"
7.0929923467897,1.5753287398780593,"(4.604878736854132, 10.428070475707102, 9.308094919680835, 5.1589503990196235, 6.6157124373516405, 7.258477519198681, 6.129154957533258, 7.834685259666879, 6.446696607578347, 7.4487761598010644, 5.762996516552892, 8.332470766219187, 6.214732328341639, 7.726801004929814, 7.65667128249378, 6.271654904369862, 5.8257236704330255, 8.242752783437577, 5.012504026080803, 9.580042180543856)"
9.016461231581479,1.1698027979883554,"(9.515318878898722, 8.408777061522049, 7.084565219426986, 11.29387515588752, 8.667357920702099, 9.231440059818123, 9.583439981058977, 8.34900570985888, 7.633200923329978, 10.482128785239155, 8.153272432822007, 9.813506880973616, 11.223281683672184, 7.129126522624333, 8.206263605381773, 9.75013708668562, 9.070268103836, 8.821370460715762, 9.409980658965678, 8.502907500210101)"
39.99611528138189,0.8515972079973845,"(40.323309684104075, 39.65449853041116, 40.19917650774565, 39.77694976665805, 40.90443615833537, 39.09112983296262, 41.12887910966425, 38.87780701112991, 40.45940187815687, 39.52111376794436, 39.56056864080154, 40.419050573516266, 40.18386957634528, 39.79210169323489, 41.93547513104786, 38.130022841347596, 40.711423443026, 39.27646074196733, 40.24275886142074, 39.73387187781806)"
19.9699168757936,1.7086539159651553,"(20.11476918575187, 19.6889956977944, 17.08691687135237, 23.177944092675325, 17.042681930443543, 23.238103344107234, 19.598064169556643, 20.208098133263505, 21.967496656438943, 18.02843583655728, 19.5115666726736, 20.29768345127604, 18.40103828666319, 21.52267702455898, 19.39374516687777, 20.420996592075724, 18.840946751649113, 21.020154092083054, 20.771904699954643, 19.066118860118824)"
7.668659023170085,2.7256895660836267,"(9.36214714983795, 5.609350005450843, 8.771331654238926, 5.987182133353249, 6.1610290877401654, 8.523829285350372, 11.528466913402994, 4.55529434750084, 5.891263694756448, 8.914141835599187, 6.870838310256934, 7.643253675112503, 5.59013724321543, 9.394323946109115, 5.236116877702003, 10.029485856133684, 15.398652887830067, 3.4103996335601163, 7.115758173331147, 7.380177752919707)"
10.440527018815947,1.6743789627723498,"(9.739327151343675, 10.923757063546029, 10.462681714905553, 10.168525303805103, 10.28098871203661, 10.348230772699758, 8.10207276973859, 13.131213059582123, 12.42770135473218, 8.560717764847578, 8.725616396653685, 12.192839901199092, 10.244996846392189, 10.38458531113572, 10.459850638693268, 10.171277529539104, 14.03618594470526, 7.579697517744029, 8.853351312587751, 12.016923310431617)"
14.023982184873049,2.2190001257281686,"(15.369993105764191, 12.497077824190068, 11.003818739356912, 17.455758273534183, 18.088036558792236, 10.619173583361297, 13.759751291725964, 13.95955464075152, 18.339317142065287, 10.473672411685486, 12.32054081800732, 15.590224717997911, 13.913706140897132, 13.805092478948598, 15.236387985799402, 12.6066624306904, 14.006019435938168, 13.714103488043161, 14.03367257051194, 13.6870800593998)"
18.020904177719427,2.238247013387283,"(15.665114800620957, 20.43066932871237, 17.0565640403263, 18.763965575430287, 17.897567798512615, 17.882249928641286, 15.19750772755965, 21.05929381482847, 19.75572073951208, 16.20030899949385, 13.969807030052847, 22.910035893788155, 17.089954562402394, 18.727304354097384, 17.545292672159746, 18.241290497003046, 17.74929078888335, 18.031637674687047, 15.229625556269214, 21.01488177140757)"
18.520257496975283,2.2400494969459226,"(15.899719041805886, 21.2768671255626, 20.012718993873463, 16.90406033732072, 21.129668580204374, 16.01048346320107, 18.559680629719868, 18.227480102462707, 20.392694281185992, 16.58908846088026, 19.230639081105167, 17.591521943681542, 14.185849463974158, 23.847441088769866, 18.007147679988485, 18.78677375219359, 17.537949654969424, 19.289381942684745, 20.07105622342748, 16.854928092494347)"
18.483205178032602,1.879601626322217,"(17.81430107576245, 18.990147744081632, 18.642690524967428, 18.14631900546836, 22.33953320325868, 15.143387568050612, 16.738017977656025, 20.2112466265648, 15.908491783782118, 21.26513399159289, 18.71344960622161, 18.077704351944227, 17.683624572032368, 19.130479049035884, 20.953648371505345, 16.14497883081435, 16.617706891798733, 20.357574699625932, 18.38154673065852, 18.404120955830024)"
19.860357198493688,4.440353761918259,"(20.94421040217667, 17.974923905279745, 19.94557448784249, 18.874893198226296, 23.316037229130426, 16.146422504633072, 21.659625288694404, 17.381214273905243, 29.510172999771278, 12.757315527706734, 25.857366994559182, 14.559509802931974, 13.179096812051375, 28.56573508823744, 18.96011184946293, 19.855926548553466, 20.770787553196126, 18.125003073239963, 18.82855996439109, 19.99465646588385)"
20.063953331216418,5.325239298353992,"(19.908086393693637, 18.910435728998554, 23.207105788159666, 16.22221192387422, 14.79135783012289, 25.452064141711478, 22.958880187719227, 16.39760237246542, 20.975778590297068, 17.94787195214966, 20.963657633204743, 17.9582492150127, 13.585450328146656, 27.711307254593798, 23.86943683364606, 15.772076687818034, 12.770343469217732, 29.480067559870843, 12.659948517567413, 29.73713421605859)"
36.94309753095942,4.644629952714732,"(39.738801099092456, 33.832131641798334, 44.280098913364895, 30.36236103948599, 42.08749716028647, 31.944126897152497, 38.327070756944046, 35.07829644998766, 29.75456681983159, 45.18460504609509, 36.22032380410919, 37.11861763972438, 34.593504737739096, 38.86418448388772, 31.112455622435522, 43.212543760198734, 41.01386172457647, 32.78034043953757, 35.757429281378386, 37.5991333015624)"
99.75361798214253,7.249765351353531,"(95.83338580568997, 103.31462272537225, 87.19406982045675, 113.55118667355765, 102.77702986837608, 96.33465874320214, 108.83040017670274, 90.976327229654, 100.99261403832087, 98.03677420660732, 90.94343246646302, 108.86976475911072, 95.33454856978615, 103.8552156332103, 109.45188093694365, 90.45975285444354, 96.02110573679762, 103.11264406962148, 95.41160084475385, 103.77134448378038)"
4.026478339040644,1.1348113362924168,"(3.4700238443998632, 4.339688775832077, 4.126747870151321, 3.6490776764754425, 4.698660390807713, 3.2049184824832824, 2.613324961887343, 5.762323380761755, 6.736269022606953, 2.2354842834919855, 3.758080397817451, 4.00705198807278, 3.886339807609399, 3.874808759626936, 2.6650474473380434, 5.650489841917493, 5.022288338026291, 2.9983988405033966, 4.4353925725121455, 3.395150098491203)"
7.0929923467897,1.5753287398780593,"(4.604878736854132, 10.428070475707102, 9.308094919680835, 5.1589503990196235, 6.6157124373516405, 7.258477519198681, 6.129154957533258, 7.834685259666879, 6.446696607578347, 7.4487761598010644, 5.762996516552892, 8.332470766219187, 6.214732328341639, 7.726801004929814, 7.65667128249378, 6.271654904369862, 5.8257236704330255, 8.242752783437577, 5.012504026080803, 9.580042180543856)"
9.016461231581479,1.1698027979883554,"(9.515318878898722, 8.408777061522049, 7.084565219426986, 11.29387515588752, 8.667357920702099, 9.231440059818123, 9.583439981058977, 8.34900570985888, 7.633200923329978, 10.482128785239155, 8.153272432822007, 9.813506880973616, 11.223281683672184, 7.129126522624333, 8.206263605381773, 9.75013708668562, 9.070268103836, 8.821370460715762, 9.409980658965678, 8.502907500210101)"
39.99611528138189,0.8515972079973845,"(40.323309684104075, 39.65449853041116, 40.19917650774565, 39.77694976665805, 40.90443615833537, 39.09112983296262, 41.12887910966425, 38.87780701112991, 40.45940187815687, 39.52111376794436, 39.56056864080154, 40.419050573516266, 40.18386957634528, 39.79210169323489, 41.93547513104786, 38.130022841347596, 40.711423443026, 39.27646074196733, 40.24275886142074, 39.73387187781806)"
19.9699168757936,1.7086539159651553,"(20.11476918575187, 19.6889956977944, 17.08691687135237, 23.177944092675325, 17.042681930443543, 23.238103344107234, 19.598064169556643, 20.208098133263505, 21.967496656438943, 18.02843583655728, 19.5115666726736, 20.29768345127604, 18.40103828666319, 21.52267702455898, 19.39374516687777, 20.420996592075724, 18.840946751649113, 21.020154092083054, 20.771904699954643, 19.066118860118824)"
7.668659023170085,2.7256895660836267,"(9.36214714983795, 5.609350005450843, 8.771331654238926, 5.987182133353249, 6.1610290877401654, 8.523829285350372, 11.528466913402994, 4.55529434750084, 5.891263694756448, 8.914141835599187, 6.870838310256934, 7.643253675112503, 5.59013724321543, 9.394323946109115, 5.236116877702003, 10.029485856133684, 15.398652887830067, 3.4103996335601163, 7.115758173331147, 7.380177752919707)"
10.440527018815947,1.6743789627723498,"(9.739327151343675, 10.923757063546029, 10.462681714905553, 10.168525303805103, 10.28098871203661, 10.348230772699758, 8.10207276973859, 13.131213059582123, 12.42770135473218, 8.560717764847578, 8.725616396653685, 12.192839901199092, 10.244996846392189, 10.38458531113572, 10.459850638693268, 10.171277529539104, 14.03618594470526, 7.579697517744029, 8.853351312587751, 12.016923310431617)"
14.023982184873049,2.2190001257281686,"(15.369993105764191, 12.497077824190068, 11.003818739356912, 17.455758273534183, 18.088036558792236, 10.619173583361297, 13.759751291725964, 13.95955464075152, 18.339317142065287, 10.473672411685486, 12.32054081800732, 15.590224717997911, 13.913706140897132, 13.805092478948598, 15.236387985799402, 12.6066624306904, 14.006019435938168, 13.714103488043161, 14.03367257051194, 13.6870800593998)"
18.020904177719427,2.238247013387283,"(15.665114800620957, 20.43066932871237, 17.0565640403263, 18.763965575430287, 17.897567798512615, 17.882249928641286, 15.19750772755965, 21.05929381482847, 19.75572073951208, 16.20030899949385, 13.969807030052847, 22.910035893788155, 17.089954562402394, 18.727304354097384, 17.545292672159746, 18.241290497003046, 17.74929078888335, 18.031637674687047, 15.229625556269214, 21.01488177140757)"
18.520257496975283,2.2400494969459226,"(15.899719041805886, 21.2768671255626, 20.012718993873463, 16.90406033732072, 21.129668580204374, 16.01048346320107, 18.559680629719868, 18.227480102462707, 20.392694281185992, 16.58908846088026, 19.230639081105167, 17.591521943681542, 14.185849463974158, 23.847441088769866, 18.007147679988485, 18.78677375219359, 17.537949654969424, 19.289381942684745, 20.07105622342748, 16.854928092494347)"
18.483205178032602,1.879601626322217,"(17.81430107576245, 18.990147744081632, 18.642690524967428, 18.14631900546836, 22.33953320325868, 15.143387568050612, 16.738017977656025, 20.2112466265648, 15.908491783782118, 21.26513399159289, 18.71344960622161, 18.077704351944227, 17.683624572032368, 19.130479049035884, 20.953648371505345, 16.14497883081435, 16.617706891798733, 20.357574699625932, 18.38154673065852, 18.404120955830024)"
19.860357198493688,4.440353761918259,"(20.94421040217667, 17.974923905279745, 19.94557448784249, 18.874893198226296, 23.316037229130426, 16.146422504633072, 21.659625288694404, 17.381214273905243, 29.510172999771278, 12.757315527706734, 25.857366994559182, 14.559509802931974, 13.179096812051375, 28.56573508823744, 18.96011184946293, 19.855926548553466, 20.770787553196126, 18.125003073239963, 18.82855996439109, 19.99465646588385)"
20.063953331216418,5.325239298353992,"(19.908086393693637, 18.910435728998554, 23.207105788159666, 16.22221192387422, 14.79135783012289, 25.452064141711478, 22.958880187719227, 16.39760237246542, 20.975778590297068, 17.94787195214966, 20.963657633204743, 17.9582492150127, 13.585450328146656, 27.711307254593798, 23.86943683364606, 15.772076687818034, 12.770343469217732, 29.480067559870843, 12.659948517567413, 29.73713421605859)"
36.94309753095942,4.644629952714732,"(39.738801099092456, 33.832131641798334, 44.280098913364895, 30.36236103948599, 42.08749716028647, 31.944126897152497, 38.327070756944046, 35.07829644998766, 29.75456681983159, 45.18460504609509, 36.22032380410919, 37.11861763972438, 34.593504737739096, 38.86418448388772, 31.112455622435522, 43.212543760198734, 41.01386172457647, 32.78034043953757, 35.757429281378386, 37.5991333015624)"
99.75361798214253,7.249765351353531,"(95.83338580568997, 103.31462272537225, 87.19406982045675, 113.55118667355765, 102.77702986837608, 96.33465874320214, 108.83040017670274, 90.976327229654, 100.99261403832087, 98.03677420660732, 90.94343246646302, 108.86976475911072, 95.33454856978615, 103.8552156332103, 109.45188093694365, 90.45975285444354, 96.02110573679762, 103.11264406962148, 95.41160084475385, 103.77134448378038)"
3.3215196576834303,0.8829135752149067,"(2.8626923948800607, 3.612066249906015, 3.384092561141036, 3.0167877100901483, 3.9238877742548226, 2.6370086286327803, 2.261789786496799, 4.576610064707321, 5.373649729190561, 1.9086045529022952, 3.1899712426586304, 3.2514416223813205, 3.1828623864108145, 3.265924405411669, 2.2428747375947147, 4.600606908587768, 4.164346251737224, 2.4912515568834745, 3.703369601800976, 2.780554988000164)"
6.528692046607903,1.4435871002797904,"(4.231594679693599, 9.623393388450033, 8.533621632113864, 4.746887995045935, 6.110528975433802, 6.666467253790725, 5.744700749673412, 7.09195823089755, 5.847058448384389, 6.941345458214057, 5.359563414971804, 7.607910202629982, 5.696633272043949, 7.164325116541025, 7.089750024286677, 5.738944024334571, 5.364052426956224, 7.602017621889326, 4.62714743620274, 8.785940580604391)"
8.711419002993514,1.1339834863356475,"(9.18277113221155, 8.134368921629205, 6.829979031803446, 10.912720676203493, 8.383171930245258, 8.912029057257888, 9.320733670218209, 8.015747367329652, 7.332998183847473, 10.172710137702934, 7.90764797964234, 9.451492772852971, 10.82777240437561, 6.905191580753693, 7.936269565362745, 9.408884664268392, 8.759530399987515, 8.532089936033092, 9.092097094150347, 8.210173553994487)"
40.00811993718821,0.8516444037614532,"(40.335538818546965, 39.666237140988905, 40.211758334145514, 39.78883518050383, 40.91596201939104, 39.10350479219412, 41.139589320835476, 38.89094059892867, 40.47269842931668, 39.53211775244455, 39.571457583776926, 40.43201999905985, 40.196216110813246, 39.803506414694944, 41.94776466879485, 38.14177066288387, 40.72387762468144, 39.28785062651999, 40.254821056858106, 39.745931608385185)"
20.053052850493327,1.718192074589235,"(20.19929545924025, 19.76927043093391, 17.161275161505237, 23.275015647025533, 17.106899646835735, 23.342607490795196, 19.661396751882137, 20.3097203175195, 22.071877733809902, 18.095032968243018, 19.581531634270164, 20.391682197616802, 18.481052372975444, 21.60492887502713, 19.46890014682773, 20.511761247887037, 18.921042445299207, 21.10331714627279, 20.85620744376147, 19.14824189213833)"
6.900530902347537,2.4799946805139883,"(8.3888868811564, 5.05980097961168, 7.831207431212244, 5.3759431432441485, 5.5645776461434435, 7.631847909283051, 10.651520036129435, 3.9878617531359186, 5.17333768518763, 8.162378244888435, 6.272119072280843, 6.7810766770634565, 4.9899562015906715, 8.535627963587086, 4.747001022415448, 8.92989339306693, 13.839852008950801, 3.073414009662508, 6.420634788524084, 6.593681199816514)"
10.237699036816398,1.6322285476902094,"(9.543840822619229, 10.72258154319859, 10.24541082295367, 9.97685016214195, 10.086084077618313, 10.147678463187473, 7.968890109208169, 12.843584331758075, 12.15314395425963, 8.41475660354069, 8.572112758362112, 11.942073900564301, 10.04305002082053, 10.195104990070735, 10.253764542986007, 9.978593694993316, 13.760621820984658, 7.43884299888658, 8.677456974996131, 11.789538143177802)"
14.136103160600118,2.238836633224248,"(15.491037794935636, 12.596789134699746, 11.091925476970278, 17.604945693233923, 18.207924998474038, 10.717328399759541, 13.824876122849712, 14.114591772079374, 18.515736829738596, 10.54403988544982, 12.39484468862727, 15.741320349951453, 14.037089449194854, 13.898011856285722, 15.32963600421614, 12.730972052537712, 14.119711485231411, 13.817359806062061, 14.131850440498603, 13.812070971206428)"
18.286767339197677,2.292575759643012,"(15.896626345621161, 20.723512648620087, 17.317824694053403, 19.042450865126092, 18.130980397655268, 18.168799480789346, 15.361375862799305, 21.444014962814663, 20.092114732887556, 16.40705523066901, 14.141158501975786, 23.290444853625193, 17.354244334102056, 18.974798903451855, 17.778745819896635, 18.532665635967696, 18.015161553098558, 18.28124520696375, 15.444464181053997, 21.33766257278215)"
19.273540883056345,2.3099062369793466,"(16.557017037223524, 22.126360533022225, 20.873964038458105, 17.602445894687015, 21.89505228380292, 16.729378571531264, 19.112529988186207, 19.16365855787702, 21.369656575430724, 17.17579612335193, 19.884887339635345, 18.41033914921739, 14.79850242345182, 24.725055722257263, 18.678559098757958, 19.62229336615067, 18.27317447050174, 20.03191279389582, 20.86439674793218, 17.575836945755828)"
20.126699502971366,1.9961127532296168,"(19.421707646278257, 20.652197123673087, 20.38539880391068, 19.77867943566781, 24.144715078568712, 16.607651391951162, 17.896863647693614, 22.402960021124272, 17.535669625425463, 22.94953326719608, 20.151754751875142, 19.879071338834752, 19.336128151809167, 20.698285066316753, 22.694498146852908, 17.688253233829496, 18.134890965031303, 22.08586249199521, 19.982147972764526, 20.107721898628903)"
24.7575332906014,5.487704430989401,"(26.205777206504493, 22.31647178036361, 25.196032691114446, 23.550301129525533, 28.468596528284223, 20.523253410644326, 25.72134350327328, 22.710105121373186, 38.04871839257312, 15.511619007795904, 31.283791605954313, 18.627037828436148, 16.59747748498246, 35.01759180478009, 23.360872096912797, 25.08963156995299, 26.06145586975576, 22.351042606637737, 23.410841231541603, 25.098704941622053)"
21.517405471234923,5.6814922657493625,"(21.37920398231635, 20.25618100405926, 24.998228545722007, 17.413163810648967, 15.748291365915238, 27.490798981485725, 24.190085709515625, 17.895307183638607, 22.7706233039973, 19.080795630858947, 22.241232488367483, 19.446777273396474, 14.629561368146529, 29.537521151259792, 25.47392721097772, 17.01372143844952, 13.727305799179854, 31.502694683779385, 13.55876181994243, 31.99392667304124)"
38.05676985724292,4.761008455629299,"(40.95746953523027, 34.83384603368472, 45.70042189459758, 31.27416005122893, 43.245984035238735, 32.986041867476594, 39.2615818006568, 36.332933724451415, 30.77795176032379, 46.40611718117405, 37.182266264344825, 38.35330144291615, 35.67505375777626, 39.96081309321352, 32.019112981974445, 44.56974728540628, 42.28736088455787, 33.72207816071335, 36.83479644868588, 38.75435894120674)"
99.7633938735667,7.250232212331503,"(95.84292374003275, 103.32457274725027, 87.20314308298852, 113.56222316010086, 102.78628826819734, 96.34480374751139, 108.83925301270635, 90.98669940713782, 101.00377073780464, 98.04547176597958, 90.95139490621834, 108.88140133435469, 95.34417276689233, 103.86482252128714, 109.46235411420417, 90.46888424342026, 96.03077881063302, 103.12229823837178, 95.4209858600422, 103.78163500620046)"
3.0190631598146833,0.7895874962976978,"(2.602986073875575, 3.2951727861428206, 3.0756132062256345, 2.749517212850902, 3.577672211234103, 2.3886002012221637, 2.0790305036726173, 4.126529070202093, 4.832733679371668, 1.750231499465281, 2.9108699004819876, 2.9485199233651334, 2.879075562664539, 2.988297822615928, 2.0547166305372357, 4.157117890672672, 3.7983396402438783, 2.2715894780819217, 3.3731574017896078, 2.5214925015779)"
6.44983401874232,1.4300877216736212,"(4.1782779898266265, 9.513472847075256, 8.43331816106953, 4.6933169452959635, 6.030840550956186, 6.585511890779189, 5.658064425648467, 7.026724782528283, 5.787839393514937, 6.8399957679610415, 5.281987388890782, 7.5283852642519395, 5.627696091639327, 7.070875344813275, 6.98882848961967, 5.681148185145848, 5.297280871010562, 7.516905066026227, 4.560787003304511, 8.6954239154888)"
8.80145749655073,1.1456565270506296,"(9.279075178758626, 8.216363407130507, 6.904793172098688, 11.032501548927168, 8.457355951575828, 9.015188917015688, 9.366289015292361, 8.14117452020835, 7.436323029383415, 10.245407323630493, 7.9631471947049866, 9.57623852809615, 10.954930321439075, 6.961707123447179, 7.996417122472216, 9.532868782164051, 8.85094609032789, 8.616176064939589, 9.172826731158874, 8.309419908243443)"
40.01082782771712,0.8516976758984922,"(40.338273357140885, 39.6688619725959, 40.21452736359834, 39.791392340195, 40.918506325574725, 39.10645884251117, 41.142395794389095, 38.89354356581522, 40.47544653271207, 39.53485241348665, 39.57416229793477, 40.43476904982899, 40.199020742085324, 39.806158994269985, 41.9506063941543, 38.14433278988465, 40.72670498813351, 39.29030956418021, 40.25770170075165, 39.74853152510007)"
20.115250832294848,1.7246669517469984,"(20.26244697177268, 19.828910933794063, 17.216380095959323, 23.344863794659066, 17.154990255514118, 23.422840176348085, 19.716276331639644, 20.378377791193035, 22.145128868520022, 18.148812230918583, 19.638612113481702, 20.45848734744253, 18.540609191667706, 21.668711656728235, 19.527655885929985, 20.57675696628949, 18.981388383110293, 21.163938047567683, 20.92284848475703, 19.206981118603593)"
6.517576921535873,2.3490195511031224,"(7.906028322432317, 4.792820454201281, 7.382404717407175, 5.083302160931257, 5.257547956268797, 7.192592229760157, 10.127019109401905, 3.743142587593096, 4.852866394029473, 7.736307411948515, 5.935948106452214, 6.388469620339331, 4.696140089987607, 8.08798439735943, 4.4859755602866205, 8.424649880900738, 13.067172188728678, 2.9113013727607693, 6.050175340712349, 6.229690529215724)"
10.396828719891992,1.6780663147062302,"(9.690494021068615, 10.881676346141516, 10.406738712195283, 10.134814581179926, 10.216894807638363, 10.32497056730952, 8.04131582439579, 13.115966737758676, 12.384754883988768, 8.517248440652631, 8.67078034119146, 12.163870143510776, 10.214354722612232, 10.324769761901228, 10.376621732632202, 10.163605146953142, 13.975407390707241, 7.543828560361605, 8.798250530614242, 11.990211145026642)"
14.470214325096652,2.2940998119497693,"(15.862002653156283, 12.885395986627357, 11.364894299021676, 18.015174522806287, 18.593766241739527, 10.998814572806884, 14.091407816999615, 14.50602631726337, 19.006596275127215, 10.771816736482137, 12.655027048107408, 16.150761277829126, 14.387726164117506, 14.200868463644555, 15.66887135716938, 13.050476919690716, 14.46346966376702, 14.11961603522281, 14.467900770021787, 14.143673380332276)"
18.549009705698207,2.3326926656952347,"(16.12626121366597, 21.01182666957812, 17.57486274078189, 19.306890217439133, 18.36609540406384, 18.45671708270668, 15.556510809540029, 21.78234491784255, 20.402157834202228, 16.63039723724193, 14.329793643669976, 23.64473593028609, 17.612791274980196, 19.232226601831574, 18.025358355252582, 18.80487985230794, 18.280425080285156, 18.52368556180651, 15.67153089392758, 21.640702792554148)"
19.962935440567705,2.381478834996671,"(17.15596050163383, 22.8990855743457, 21.648935403840294, 18.212426330228467, 22.612204954578964, 17.391058647174, 19.73974407728086, 19.903723412623034, 22.184266114089173, 17.769937873872532, 20.561670245369452, 19.10316862332014, 15.348043134308082, 25.574682286846382, 19.33584579712394, 20.33626645084813, 18.946884178458284, 20.699675881268565, 21.638302640515192, 18.196826683629062)"
21.0373207241107,2.0611718685866385,"(20.311710625141867, 21.56147470939038, 21.347203158335674, 20.63582368576064, 25.134196190666138, 17.45220005931822, 18.650656086490713, 23.485120569861795, 18.37806770121229, 23.96279248188004, 21.02751111043528, 20.821684332955975, 20.246790794489176, 21.600483777763998, 23.713385717224487, 18.495852965960353, 18.985178884655113, 23.005464708773427, 20.933662186226655, 20.997154735671806)"
27.220679603427698,6.018962351643661,"(28.83499975216589, 24.480409469355155, 27.792551067252916, 25.769355596673364, 31.047372548116844, 22.820051777822766, 28.230239419647752, 25.010537523987995, 41.94877869961345, 17.058642210568905, 34.369702171858314, 20.52054041623944, 18.303297863972915, 38.42777447601198, 25.703344687808077, 27.561416185949685, 28.742361274598025, 24.39568766569853, 25.89036235701001, 27.506166904201983)"
22.74380488033377,5.991922859840247,"(22.61184038452493, 21.38387455512135, 26.48011096737167, 18.371360936026807, 16.568576997962957, 29.230950723595797, 25.46681170163458, 18.989176358118787, 24.1500067457471, 20.137577707512225, 23.454486252887925, 20.60925749681175, 15.494745876793822, 31.160302833137294, 26.910235420739223, 17.995705533266314, 14.534983022275233, 33.17294209542569, 14.364192441306148, 33.78895955641578)"
38.41196147484744,4.804464267907312,"(41.341053100129635, 35.15067646609089, 46.137427235035815, 31.550106398264482, 43.61156695726594, 33.33436170712859, 39.625275294829926, 36.67328817916764, 31.069672597963162, 46.84563516361994, 37.52948743930276, 38.7161492261818, 36.02001799081626, 40.32570396984709, 32.31761906908091, 44.98361170385406, 42.694045122920514, 34.01016418110688, 37.19987027352108, 39.103497420821206)"
99.76580326979028,7.250359717038504,"(95.84524242243633, 103.32700987314107, 87.2052874798453, 113.56480756014169, 102.78854311118923, 96.34744765664571, 108.84193540315947, 90.98885012724004, 101.0062053767912, 98.04791857428754, 90.95363467529351, 108.88403367752609, 95.34656003642756, 103.86729602000506, 109.46500515725317, 90.47105079466861, 96.03316672247082, 103.1245772585801, 95.42344635544761, 103.78404711325523)"
