rho_1 z2:600.0 z1:1200.0 norm:sum vel:poly data:neg,0.02126892638342855,0.006730711657117599,"(0.02169002847769967, 0.019318182342768716, 0.024677184000613625, 0.01630697365152979, 0.022765309334795546, 0.018294575345240625, 0.018685488815794064, 0.02250280766494798, 0.026164803289241218, 0.015395134177989005, 0.016619379913412398, 0.025287817415105326, 0.02088030511411753, 0.019826287304897078, 0.012427663114001283, 0.03336397789323886, 0.01729650710184861, 0.02363868746034172, 0.039735066233233994, 0.010502349017753985)"
rho_2 z2:600.0 z1:1200.0 norm:sum vel:poly data:neg,0.01791335399455108,0.008176796887629696,"(0.019999667981613137, 0.013482050272885748, 0.030630870485457484, 0.00821521332881951, 0.007933409644056357, 0.03363529366811325, 0.014743471894533304, 0.018398435031550107, 0.035109470226295424, 0.007177881845930309, 0.022733087055199056, 0.01192100002378078, 0.026135124572204276, 0.01010368997841596, 0.015285231183519545, 0.017327095496832975, 0.013754832362053219, 0.01879642470687579, 0.014835360167628129, 0.01804946996525712)"
rho_3 z2:600.0 z1:1200.0 norm:sum vel:poly data:neg,0.012155102574463684,0.004950304437985946,"(0.014542383666917996, 0.00891972746086111, 0.005172930568120083, 0.02315812709384935, 0.0077352462926348195, 0.01656855183626618, 0.006011829758553219, 0.02172630815973145, 0.007646648056987953, 0.015690780714112222, 0.01060966127799899, 0.012296774180804824, 0.012197513665166446, 0.010379949154707899, 0.010644029087911094, 0.011937881639665525, 0.008724976865001151, 0.014163466056820097, 0.00726653584783808, 0.017708730105325213)"
rho_4 z2:600.0 z1:1200.0 norm:sum vel:poly data:neg,0.0009806877530586266,0.0005520431826511677,"(0.00038806025300893495, 0.0018040946820425856, 0.00038447789179438133, 0.001733832592208364, 0.0018774794649983305, 0.0003697305888574146, 0.0004940788631518899, 0.0014237930030442034, 0.0005908588141469704, 0.0011251594777084192, 0.0005129380563781898, 0.0013682511459132715, 0.0013103042919932293, 0.0005242509645456102, 0.0006615322971791812, 0.0010453361076843055, 0.00040596123989324983, 0.001670077319525516, 0.0014395807957172328, 0.00048395721138124896)"
rho_5 z2:600.0 z1:1200.0 norm:sum vel:poly data:neg,0.0006036127432085751,0.00013588449421434004,"(0.0006814326452485458, 0.0005104964915528343, 0.0006813479975294851, 0.0005093925090128959, 0.0008106334955226834, 0.00042897699465646464, 0.0006717866878612127, 0.0005179334785783735, 0.0005576990404822435, 0.0006223272879402463, 0.0006199937242155293, 0.0005611692808350465, 0.00047408635376896364, 0.0007332140656078672, 0.0009496468827866439, 0.0003660985798813744, 0.0005913016526157157, 0.0005874717574379751, 0.0004958599022751828, 0.0007013860363622164)"
rho_6 z2:600.0 z1:1200.0 norm:sum vel:poly data:neg,0.0031047861692720734,0.0005940606037339551,"(0.002714161730554138, 0.0034334395590998566, 0.0027317152945685592, 0.0034026342645829227, 0.002709054856790553, 0.0034385804588722996, 0.004406550800665503, 0.0021152565529655746, 0.0032877538008374285, 0.00282731986139046, 0.0024060213224847073, 0.0038738874370572345, 0.002853877935160619, 0.0032628137747541396, 0.0037230343611289888, 0.002501376585839703, 0.002593181672890711, 0.0035880138976821544, 0.0024990907566115658, 0.003727958461504341)"
rho_7 z2:600.0 z1:1200.0 norm:sum vel:poly data:neg,0.0014939241316719182,0.0002478690200157262,"(0.0012943069283818337, 0.0016812894172207752, 0.0018636742950447437, 0.0011651654730761693, 0.0016716433510329208, 0.0013013563673837482, 0.0014022153087936621, 0.001552191959623692, 0.0016842541022739975, 0.0012893384812776296, 0.0013906854591992346, 0.0015650109965620258, 0.002058157464021957, 0.0010566207178944605, 0.0015663823453989356, 0.001388491053262622, 0.0014479276438533577, 0.0015009639482054325, 0.001230013472479656, 0.0017687938484515096)"
rho_8 z2:600.0 z1:1200.0 norm:sum vel:poly data:neg,0.0020088023780483496,0.00041470885924182636,"(0.0015359243212549202, 0.0025275480917753973, 0.0020085393765314407, 0.0019241463333715832, 0.0019946437592420537, 0.0019449361948805303, 0.0018767170295462682, 0.0020693870831513528, 0.00243579080893717, 0.0015867395336990105, 0.002327573486563996, 0.0016684148912977188, 0.0014252274042130763, 0.0027200620750815322, 0.0017667609076990874, 0.002194759334315268, 0.0028875983322549596, 0.0013407160545034172, 0.00201073507621735, 0.0019298274664308552)"
rho_9 z2:600.0 z1:1200.0 norm:sum vel:poly data:neg,0.0022139300652599635,0.0004704880199593105,"(0.0025380135676962823, 0.0018589780493204176, 0.0022951393162481213, 0.002040814544157743, 0.0022527213629517525, 0.002092031212190008, 0.001879725598488571, 0.002511628528995299, 0.0025581892950880783, 0.001831014839794543, 0.0036660726734455804, 0.001287600604116929, 0.0019473818040195425, 0.0024171344914162467, 0.0025883670426341747, 0.0018194044671336214, 0.00204061755515171, 0.0023017208260021228, 0.0020331947301799307, 0.0023188507961685967)"
rho_10 z2:600.0 z1:1200.0 norm:sum vel:poly data:neg,0.007244692006234271,0.0018609231829981089,"(0.010927706087298416, 0.004550633968990367, 0.0066141880503371425, 0.007331650910902543, 0.006220640265347325, 0.007962575390541963, 0.006927744362321592, 0.007194282623061979, 0.005559687693363406, 0.008722577667423051, 0.007053122012133848, 0.007062413175357391, 0.006969063757570346, 0.007077529318673154, 0.00489047766811037, 0.010102705576177536, 0.00959418567065609, 0.005102870322588808, 0.004893665602650155, 0.010136120001179945)"
rho_11 z2:600.0 z1:1200.0 norm:sum vel:poly data:neg,0.01392262759543522,0.003121780098722305,"(0.010323948523409175, 0.018193197760492073, 0.011993544914163268, 0.014883279174373881, 0.012667420472164877, 0.01470941333557186, 0.013751839611533763, 0.013720728967683336, 0.009656059509304874, 0.0184868203111109, 0.015717381337228116, 0.011990965758852397, 0.010586809207811257, 0.017449957362437662, 0.018198389165680753, 0.010186665334940184, 0.009578571711777345, 0.018998653699601166, 0.013171815953126527, 0.014187089797440912)"
rho_12 z2:600.0 z1:1200.0 norm:sum vel:poly data:neg,0.006053299158591019,0.0009027710928012569,"(0.005537764392031476, 0.006532157563715156, 0.006288822013003325, 0.005612586196857314, 0.006961873864998268, 0.005175743034778263, 0.005582047172489851, 0.006494753727461372, 0.00474156093117076, 0.00744314265827976, 0.008000455893015778, 0.004528675248374888, 0.005150623045200427, 0.006966156323055453, 0.006301410412032471, 0.005704485158700079, 0.006204150350034299, 0.005741833350235385, 0.00675886211251969, 0.005338879723866345)"
rho_13 z2:600.0 z1:1200.0 norm:sum vel:poly data:neg,0.0020336360580069687,0.0004968060729316229,"(0.0024268981055163927, 0.0016177025554280405, 0.0019998691273068014, 0.0019483229393948728, 0.0022638461202621495, 0.0017321448588361477, 0.0016010846889308705, 0.0024537606588073534, 0.0019732898866085453, 0.0019745328535084776, 0.0013469793482078953, 0.002916126944057857, 0.002059527777474716, 0.001901524223837582, 0.0017697417916158018, 0.002214089379180931, 0.0011688759950238248, 0.003342981155851906, 0.001966757423454394, 0.0019946653268348023)"
rho_14 z2:600.0 z1:1200.0 norm:sum vel:poly data:neg,0.003561561368444018,0.0005175103155624404,"(0.00372337634130993, 0.0033762922271544818, 0.0035523848571886864, 0.0034274024623061066, 0.002799078167186608, 0.004466470621325037, 0.0033449390997000164, 0.003769997932641236, 0.002875072989265454, 0.004227869074543676, 0.003516965991165096, 0.0035803468259782583, 0.004148479898371308, 0.0029934067292435285, 0.004416795514666465, 0.0028233845935178897, 0.0034251876667880238, 0.003594406129812664, 0.00414921781660205, 0.0030201524301138385)"
rho_15 z2:600.0 z1:1200.0 norm:sum vel:poly data:neg,0.00010076576728992749,2.3149373220036664e-05,"(8.19654803249882e-05, 0.0001179176262212292, 7.196657514739359e-05, 0.00013392520762418593, 0.00012377616741787007, 7.80465656780176e-05, 0.00011287560762268481, 8.565110317899017e-05, 0.00010649054392502879, 9.048757872512135e-05, 0.00010829673368983982, 8.925824257579485e-05, 0.00011410364260195577, 8.460790373099124e-05, 7.32662133986175e-05, 0.00013182656454209524, 0.00014683364853225133, 6.570112487213057e-05, 0.00011220143050189813, 8.611738548746563e-05)"
rho_1 z2:600.0 z1:180.0 norm:sum vel:poly data:neg,0.020280197385225282,0.006225084889020083,"(0.019566780780984113, 0.01927903583682873, 0.02250661733235317, 0.01669337642833411, 0.024007396044203672, 0.016120218751386042, 0.0178024819235058, 0.02120249202758326, 0.026382016687692834, 0.014223294725663268, 0.016014678998139496, 0.023565078714252456, 0.019559979380556404, 0.01924403852763673, 0.012702548698021024, 0.02971982140746149, 0.016023566285755464, 0.023466166948851053, 0.03745927074473309, 0.010065087460563442)"
rho_2 z2:600.0 z1:180.0 norm:sum vel:poly data:neg,0.016387144986232678,0.007289967340628185,"(0.01677983751349666, 0.01334534624383363, 0.026141300815906075, 0.008501728658130996, 0.008688184127451768, 0.027041520973250372, 0.01353733608013089, 0.01656064673473282, 0.03554915728063328, 0.006237068863368377, 0.021308600750846576, 0.010517315212770809, 0.023338796001979547, 0.009555991415146386, 0.015781228711914293, 0.014210201914313016, 0.012008660888815964, 0.01853491556938168, 0.013359549382063334, 0.01674551258648706)"
rho_3 z2:600.0 z1:180.0 norm:sum vel:poly data:neg,0.012332038863342104,0.005229158015199483,"(0.01321058129335667, 0.009790830314777737, 0.0047901691028998045, 0.02677006005414914, 0.009541558405946325, 0.014317685729416047, 0.006055106413179971, 0.02138855052365275, 0.00861110950982761, 0.014851609879202908, 0.010952230506626406, 0.011820309612841149, 0.011904392109428395, 0.010814956672642649, 0.012271169311604867, 0.010557618415893748, 0.00829422875910593, 0.015486944429686797, 0.007155198531121547, 0.018056467691481604)"
rho_4 z2:600.0 z1:180.0 norm:sum vel:poly data:neg,0.00100728619301512,0.00059760169821506,"(0.0003765378746865256, 0.0018717434653951152, 0.00037296800269179, 0.001876155146806517, 0.002160560892822136, 0.00034139830840223146, 0.000497964041293309, 0.0014168524332798234, 0.0006309224465681069, 0.0011066042707918837, 0.0005361537287300614, 0.0013154983999982828, 0.0013173475533268999, 0.0005329441799980128, 0.0007131934820689427, 0.00098955308316075, 0.00039319697954640103, 0.0017821633659834645, 0.0014170830402321685, 0.0004968831645199728)"
rho_5 z2:600.0 z1:180.0 norm:sum vel:poly data:neg,0.0006034434970268645,0.00013675856035804388,"(0.0006792133166921071, 0.0005111443330540513, 0.0006793333369956472, 0.0005109046895960184, 0.0008149595899817362, 0.0004267951082932238, 0.000671311259091893, 0.0005171837452442973, 0.0005590220142706684, 0.0006208036983725525, 0.0006201730823125953, 0.0005598221273671357, 0.0004734175681924546, 0.0007332248910812006, 0.000952431836199402, 0.0003645355951788149, 0.0005897926869923734, 0.0005885028781816641, 0.0004950981104524787, 0.0007012000729869784)"
rho_6 z2:600.0 z1:180.0 norm:sum vel:poly data:neg,0.003099831265339374,0.0005954198227838118,"(0.0026999896186114063, 0.003436249229590246, 0.0027191274246682754, 0.0034110651229998035, 0.0027217362525980234, 0.00341513662100557, 0.0043980894077202334, 0.0021096081256763034, 0.003293492654098786, 0.0028159386120434433, 0.0024032534651663657, 0.0038606499847669415, 0.002845479611609625, 0.0032600402602493777, 0.0037319436809926834, 0.002486198611796394, 0.0025832519804427764, 0.0035906907939316285, 0.002492451511229253, 0.0037222323375903413)"
rho_7 z2:600.0 z1:180.0 norm:sum vel:poly data:neg,0.0014925819529617863,0.0002481204369989821,"(0.00128942159587251, 0.0016831521185528963, 0.0018575304322588514, 0.0011680834399001004, 0.0016790011877332684, 0.0012946611522445205, 0.001400680778088412, 0.0015495137299959207, 0.001687512652061144, 0.0012856682115514023, 0.001390095891043641, 0.0015612946019179746, 0.002054214293498131, 0.001056365681092197, 0.001570200643382141, 0.0013822409697382266, 0.0014440125766547204, 0.001502658648630731, 0.0012278893610597158, 0.001767441093959221)"
rho_8 z2:600.0 z1:180.0 norm:sum vel:poly data:neg,0.0020085255584318864,0.0004154572869288672,"(0.0015266731861270557, 0.002537564330055414, 0.0019982611419500132, 0.0019376511774068243, 0.002017034716735942, 0.0019272742404417165, 0.0018757646140654843, 0.002065475871165174, 0.002450009480476989, 0.0015801075363594019, 0.0023299572651056958, 0.0016627988292705182, 0.0014221206391543217, 0.002723330308881968, 0.0017789688354818277, 0.002177907756114072, 0.00287610591863243, 0.0013463860486031104, 0.002006884717362285, 0.001930234555247475)"
rho_9 z2:600.0 z1:180.0 norm:sum vel:poly data:neg,0.002212460037831775,0.00047543636506589194,"(0.0025126602287778204, 0.001868354229862003, 0.0022748101642394705, 0.0020618390045023566, 0.002292347273525617, 0.0020597187900906525, 0.001876730598371409, 0.0025017854552614907, 0.0025795963959457063, 0.001817713706107031, 0.0036708334664838187, 0.0012789962627825352, 0.001939546026295476, 0.0024192557040914374, 0.0026147341062470507, 0.0017957261101198291, 0.0020256236577345446, 0.0023158960506214654, 0.0020248924007832533, 0.0023181411247925323)"
rho_10 z2:600.0 z1:180.0 norm:sum vel:poly data:neg,0.007146578023401021,0.0017179703926719677,"(0.01049549503629046, 0.004603262489818705, 0.006376869620385731, 0.007553055644827876, 0.0065684290223449494, 0.0075007385268954455, 0.006849818038579524, 0.007056519989314507, 0.0056868719097453, 0.008461338761736341, 0.007046205270317098, 0.006858875058819189, 0.006834150453992558, 0.007057733382940922, 0.005036142096769641, 0.00959897499786488, 0.009299862845947584, 0.005182257309156364, 0.004796646709388034, 0.010068313302885294)"
rho_11 z2:600.0 z1:180.0 norm:sum vel:poly data:neg,0.014043299717536432,0.003526892628792949,"(0.009727393813086986, 0.019048315353415647, 0.011388395932944127, 0.01617130380314426, 0.01445348028748791, 0.013325237178911313, 0.013743856365880006, 0.013494028820123103, 0.010329754391888248, 0.01779475515490074, 0.01604405253059896, 0.011556192063654122, 0.010406827034276115, 0.017746546007936747, 0.019756639887048167, 0.009389497656700958, 0.009200676459666582, 0.02004066816292997, 0.012935091592802992, 0.0143132818533317)"
rho_12 z2:600.0 z1:180.0 norm:sum vel:poly data:neg,0.006050278759143875,0.0009522082213392959,"(0.005369888460304197, 0.006653149426268609, 0.006118049249972314, 0.005822323524712742, 0.007398037728418154, 0.004920649213715162, 0.005563978774272547, 0.006423914218892162, 0.004880778479179891, 0.007291548037991079, 0.008062906435105361, 0.0044323564888938405, 0.005096189317208312, 0.006999350739610416, 0.00653400232348107, 0.00547087689635297, 0.006066568160736505, 0.005875171835219114, 0.006677936369502304, 0.005347899503040743)"
rho_13 z2:600.0 z1:180.0 norm:sum vel:poly data:neg,0.002022991497687141,0.0004957908852461818,"(0.0023923229720095346, 0.0016189820318438222, 0.0019734057486331434, 0.001960797563632618, 0.0022958711622352032, 0.0016972046836188387, 0.0015917739955094846, 0.0024335618698560716, 0.001981824307921166, 0.001951889405695576, 0.0013435348906715241, 0.0028830747838882557, 0.0020427383558769946, 0.0018950795170376254, 0.001780858337335303, 0.002175258301930794, 0.0011550656968587407, 0.003350612938703125, 0.0019500213790730615, 0.0019859520114119417)"
rho_14 z2:600.0 z1:180.0 norm:sum vel:poly data:neg,0.0035210763375438923,0.0004842157092314052,"(0.003581369041686124, 0.0033956721013952912, 0.003416915195487996, 0.0035424211243525383, 0.0030118294912274694, 0.0041600422248050115, 0.0033002025052080424, 0.003687572484251766, 0.0029474349080677266, 0.0041006566112556184, 0.003550751891825651, 0.0034266297585039186, 0.004083783998494174, 0.002970408199659861, 0.004555055197721, 0.0026721981039891027, 0.0032916367973120234, 0.003680670296783665, 0.004031846574615948, 0.003014430244234902)"
rho_15 z2:600.0 z1:180.0 norm:sum vel:poly data:neg,0.00010080870673706347,2.319254193689512e-05,"(8.18230319370535e-05, 0.00011807082188238088, 7.183149437851856e-05, 0.0001344299988143214, 0.00012472662957197064, 7.769148757178876e-05, 0.00011287319372590943, 8.559697697825502e-05, 0.00010682827821419287, 9.037748471834591e-05, 0.00010855570836394416, 8.899939858754728e-05, 0.00011412149016162472, 8.46329558204701e-05, 7.351953261463166e-05, 0.00013141796472435354, 0.00014649543732872907, 6.59216454253287e-05, 0.00011203393112387764, 8.62266727980256e-05)"
rho_1 z2:600.0 z1:1200.0 norm:sum vel:poly data:pos,0.02373474213564309,0.007579676484921073,"(0.02444529907434569, 0.021376034489446253, 0.027700319822567234, 0.017932515656464143, 0.02525944217623974, 0.020482752553967604, 0.020955037295210345, 0.025024657356414647, 0.029038475040138328, 0.01716638414891275, 0.01850715772918347, 0.028326965443417326, 0.023293412766008888, 0.022114637079138515, 0.013745267352208919, 0.03750480811556124, 0.01938922813359259, 0.026261379922539647, 0.04449876864931569, 0.011672299908188855)"
rho_2 z2:600.0 z1:1200.0 norm:sum vel:poly data:pos,0.021660830390193724,0.009943231638064692,"(0.024683020597561698, 0.016012906581158292, 0.037507080719504586, 0.009642813874567084, 0.009460574244120995, 0.04105579671499195, 0.017980610304184363, 0.02211879347708082, 0.041950216783354935, 0.008673431815450725, 0.02738152129527326, 0.014516918966696971, 0.03161490881964065, 0.012190423077280393, 0.01812359359352188, 0.02129713315059748, 0.016774018864508605, 0.02251572153548721, 0.018050625428291524, 0.021666497960600974)"
rho_3 z2:600.0 z1:1200.0 norm:sum vel:poly data:pos,0.0146330556886692,0.0058695035214851405,"(0.01802041431129164, 0.010537426037755928, 0.00634907737849901, 0.026970333431776565, 0.009176669473395445, 0.020275588874492607, 0.007335143806615001, 0.026075876164061654, 0.009099757994240896, 0.018947646921610453, 0.012757829591012078, 0.014982247333132491, 0.014749917610269699, 0.012499478440917366, 0.012542886262171035, 0.014726732187708518, 0.010648729695219456, 0.0169112313591612, 0.008842770108844057, 0.021211356791208967)"
rho_4 z2:600.0 z1:1200.0 norm:sum vel:poly data:pos,0.0010030209027839542,0.0005665112517469755,"(0.0003955209940525197, 0.0018484086663576459, 0.00039133622583037653, 0.0017760406691368863, 0.0019405973946252058, 0.00037262787272423944, 0.0005066005623193054, 0.0014488391542135598, 0.0006036818454743817, 0.0011516357250985038, 0.0005257952228276281, 0.0013936264761659867, 0.0013347505129793968, 0.0005380456052938154, 0.0006802314771151326, 0.001060674966653067, 0.0004155575491089582, 0.001711314822193792, 0.0014711404082449631, 0.0004939919052637168)"
rho_5 z2:600.0 z1:1200.0 norm:sum vel:poly data:pos,0.0006055321681385569,0.00013643919301521598,"(0.0006834809462846871, 0.0005121648248211108, 0.0006833381947329509, 0.0005110719972663314, 0.0008136760330274023, 0.0004300106620563152, 0.0006740291277583892, 0.0005194346037911516, 0.0005594934576638897, 0.0006242742675225663, 0.0006220125750244398, 0.0005628558467503502, 0.0004755006832593757, 0.0007356607736255753, 0.0009529957187474604, 0.00036709175788600547, 0.0005931834095770465, 0.0005894085340580569, 0.0004974325462348884, 0.000703527402683144)"
rho_6 z2:600.0 z1:1200.0 norm:sum vel:poly data:pos,0.0031209747081132784,0.0005973483707608,"(0.0027281152245754326, 0.003451656538330313, 0.0027455302895769613, 0.0034203778897203795, 0.0027245079927047575, 0.003454365470057988, 0.00443064374814096, 0.0021257232970283407, 0.0033051790495719903, 0.0028417487775135824, 0.002418566735827819, 0.0038941098722066773, 0.002868204689176505, 0.003280512782068561, 0.003743524953479254, 0.0025135732575536293, 0.0026069563932023063, 0.0036070066993511966, 0.0025124085951544963, 0.003746781907024429)"
rho_7 z2:600.0 z1:1200.0 norm:sum vel:poly data:pos,0.0014992257796364507,0.0002487344854038703,"(0.0012987469689879352, 0.0016874844896628493, 0.0018699616549807834, 0.0011694136885161705, 0.0016784077477987847, 0.0013051996744778238, 0.0014074818978320333, 0.001557360497879351, 0.0016904180174260209, 0.00129380918822124, 0.0013956608679698051, 0.0015705272910325346, 0.002065118029651563, 0.0010605806830076652, 0.0015724538870605358, 0.0013929293786021856, 0.0014531612022223694, 0.0015064548079356396, 0.0012344816561010068, 0.0017748639633627127)"
rho_8 z2:600.0 z1:1200.0 norm:sum vel:poly data:pos,0.0020240229505262804,0.0004180357845135392,"(0.0015471696708446287, 0.002547338775113601, 0.002022960813895675, 0.0019391303188839837, 0.0020119102015515406, 0.001957105046955532, 0.0018917248873309086, 0.002084058478392672, 0.0024547225333699926, 0.0015985285405244966, 0.00234542554094659, 0.0016808540923235662, 0.0014355206759534285, 0.002741752015818141, 0.0017813853809269414, 0.0022096580243174857, 0.0029098014230962157, 0.0013511898610823869, 0.0020262498768578137, 0.0019439728523399904)"
rho_9 z2:600.0 z1:1200.0 norm:sum vel:poly data:pos,0.002237213127177511,0.0004758327440989884,"(0.002563767623496235, 0.0018791341547174305, 0.0023177858883716776, 0.0020629707953196894, 0.002280453747783278, 0.002109408274468581, 0.0019007015777482584, 0.0025360399693944596, 0.0025856390453678955, 0.0018500488993132937, 0.0037055997919762025, 0.0013006962328120048, 0.001966832717064664, 0.0024439884066934092, 0.0026184607071233264, 0.0018362000406999673, 0.0020623840554348546, 0.0023268661835767067, 0.0020548611846215106, 0.00234242324756678)"
rho_10 z2:600.0 z1:1200.0 norm:sum vel:poly data:pos,0.007517223125156321,0.00192606904052354,"(0.011344334152198375, 0.004722998718669709, 0.006857697999808407, 0.00760461409342451, 0.006485271817267168, 0.008216962433242176, 0.0072074897937946395, 0.007448253074475067, 0.0057700600823831225, 0.009051407960729214, 0.007325634079120681, 0.007325810316140983, 0.0072232171703219905, 0.007357989026158803, 0.005086467141569718, 0.010458216277496473, 0.009967882624686815, 0.0053002169884897084, 0.005083127212746327, 0.010506811540402545)"
rho_11 z2:600.0 z1:1200.0 norm:sum vel:poly data:pos,0.015071542889194687,0.003367473662195042,"(0.011234977712818948, 0.019633410042955598, 0.013007221660647255, 0.016006436250415635, 0.013769685242763863, 0.015834283338091972, 0.01497341354994191, 0.014792749181985042, 0.010431393732474339, 0.020020764016148912, 0.017030969220761184, 0.012996465606209626, 0.01144644528211745, 0.0189397848514468, 0.01968819483560932, 0.011032945362201717, 0.010410022523206294, 0.020562068842626048, 0.014301715000863724, 0.015317911530608066)"
rho_12 z2:600.0 z1:1200.0 norm:sum vel:poly data:pos,0.006251833632896684,0.0009371311676898851,"(0.005722581711989794, 0.006744348945581074, 0.0064905331947377855, 0.0057899664023045435, 0.007217774814581249, 0.005318421887954296, 0.005778450564747293, 0.006692051230115201, 0.004895460241308623, 0.007686476748926203, 0.008268014809716145, 0.0046752479609532055, 0.005312840770866674, 0.007205650089239032, 0.006517648056138748, 0.0058798875830315765, 0.006414868155068486, 0.005933246367613455, 0.006986113226523308, 0.005507089896536976)"
rho_13 z2:600.0 z1:1200.0 norm:sum vel:poly data:pos,0.0020527814224808325,0.0005014584313772427,"(0.0024491409243502064, 0.001633435929781783, 0.0020175748768174752, 0.001967256830651652, 0.002289303185398493, 0.0017447041990590363, 0.0016172892498787835, 0.0024749985345434915, 0.0019922468793962434, 0.001993081417455436, 0.0013601331176412003, 0.0029426390552117865, 0.002077963684767743, 0.001920632889962739, 0.0017883268305102639, 0.0022323326422099125, 0.001180145503789406, 0.0033759455973938653, 0.001985624213982757, 0.0020128528868143783)"
rho_14 z2:600.0 z1:1200.0 norm:sum vel:poly data:pos,0.0036094327758102816,0.0005202265515900587,"(0.0037654244603217584, 0.003429301515580329, 0.0035893623593712177, 0.003482769831396458, 0.002861398694305195, 0.004481394313393034, 0.003397473938689571, 0.0038102722005788543, 0.0029145863510780545, 0.004290488925866142, 0.0035735332982030393, 0.003618919383554116, 0.004196255810284277, 0.003042722730608278, 0.00449890059240175, 0.0028459984822292663, 0.003474450109711864, 0.0036515177763364417, 0.004204295672125991, 0.0030595890701699776)"
rho_15 z2:600.0 z1:1200.0 norm:sum vel:poly data:pos,0.00010072418823165915,2.3147344652107408e-05,"(8.190983360746435e-05, 0.00011789522957646677, 7.191472419235953e-05, 0.00013389803506040274, 0.0001238050218304952, 7.795016864140554e-05, 0.00011284660262305895, 8.559424305778036e-05, 0.00010644328396010114, 9.045949531848738e-05, 0.00010826804853019161, 8.920320343993014e-05, 0.00011402853138719207, 8.459651691757685e-05, 7.326630770689185e-05, 0.00013170657905530725, 0.00014678739212245018, 6.568278354970079e-05, 0.00011215339577114818, 8.607436828477189e-05)"
rho_1 z2:180.0 z1:1200.0 norm:sum vel:poly data:pos,0.0066739207432122945,0.0020049072299895628,"(0.00602281691910604, 0.006803734894716177, 0.00819478552210591, 0.004854622670260754, 0.007334792045383536, 0.005622774370204846, 0.00684034651613333, 0.006070379963956549, 0.008560928389354681, 0.004623061121365546, 0.005055498577833652, 0.008250855567802749, 0.006261314027928146, 0.006678556122832898, 0.003884067220290745, 0.010488404052326233, 0.005419540526529742, 0.007635859980957141, 0.011267718946849144, 0.003608357428308068)"
rho_2 z2:180.0 z1:1200.0 norm:sum vel:poly data:pos,0.0038255186415435717,0.001763981913130913,"(0.0035311428036243872, 0.0034094691080251687, 0.0069030432339239195, 0.0016762000934899414, 0.0018010441226209602, 0.006746892121713209, 0.0038297415711081536, 0.0032018720693764696, 0.007977949343870172, 0.0014398685219449662, 0.00466047510151456, 0.002646138581193965, 0.0052066504827910165, 0.0023756036037966494, 0.0033346239295400752, 0.0035825096446868913, 0.002896442834977467, 0.004207631719394576, 0.0027521491080352224, 0.00433092483524365)"
rho_3 z2:180.0 z1:1200.0 norm:sum vel:poly data:pos,0.0027429303556292532,0.0010226372742948274,"(0.0027068190277628316, 0.0024436506115760805, 0.0012331995980645084, 0.005155415636027154, 0.0019178391735073712, 0.0034853754225617787, 0.0016514270707969052, 0.004083813350016594, 0.0018644079656722128, 0.003383739968524251, 0.002333795735207905, 0.0029046237793117326, 0.0026009467172696758, 0.0026126138364737676, 0.002549128437239362, 0.002575491636980932, 0.0019525705343180681, 0.0034240739477162736, 0.0014456386560613565, 0.0045340360074963)"
rho_4 z2:180.0 z1:1200.0 norm:sum vel:poly data:pos,0.00089153265103437,0.000508663683117238,"(0.0003385108622994271, 0.0016692235720569902, 0.0003485810760851089, 0.0016029578580049136, 0.0017060909942954263, 0.00033398463479491233, 0.0004443105287973219, 0.0012893216723221625, 0.0005358214968634654, 0.0010314733378503312, 0.00045049871486149554, 0.0012604989565291964, 0.0012093399087607544, 0.00046561218857333117, 0.000605429346437956, 0.0009307992968674183, 0.0003616392644929832, 0.0015333436412967737, 0.0012653580025697565, 0.0004478576669276722)"
rho_5 z2:180.0 z1:1200.0 norm:sum vel:poly data:pos,0.0005682144743111151,0.00012786469350705833,"(0.0006382703848158973, 0.000482649628117207, 0.0006441996646905562, 0.0004773468906497937, 0.0007614464612505273, 0.0004049215805121871, 0.0006356175777340342, 0.000485307444333273, 0.0005248171734806186, 0.0005855088232384859, 0.0005813607463989663, 0.0005305042073620092, 0.0004463078717800013, 0.0006908552651352788, 0.0008926804848182147, 0.00034498531826976923, 0.0005568308469262804, 0.0005529943515300597, 0.0004644184344400962, 0.0006632663307390472)"
rho_6 z2:180.0 z1:1200.0 norm:sum vel:poly data:pos,0.0026451567813248356,0.0005256375753172588,"(0.002280217600966421, 0.002956665703190007, 0.0023558625822745023, 0.0028486340346758994, 0.002296121898013858, 0.0029392661345243685, 0.0038384008529641534, 0.0017601137922327774, 0.0028033396514340046, 0.002391941162630588, 0.0020354955662509923, 0.0033213212493475117, 0.002416058310580106, 0.00279915709118275, 0.003141642997625785, 0.0021440272342617937, 0.0022086336556401366, 0.003056889372025063, 0.0020948887665774097, 0.003214457970098578)"
rho_7 z2:180.0 z1:1200.0 norm:sum vel:poly data:pos,0.0013123191206127983,0.00022094111673485298,"(0.0011251445117583432, 0.0014903633602677637, 0.0016550285823055439, 0.0010094273922064319, 0.0014628432941803052, 0.0011475327941944946, 0.0012527443409973272, 0.001341099567143474, 0.0014797719714851462, 0.0011281168804722207, 0.0012152749601940873, 0.0013830636159419876, 0.0018014909395909257, 0.0009331860848433233, 0.0013672325971774684, 0.0012256268021445182, 0.0012720483183859999, 0.001319448233841359, 0.001067805643409221, 0.0015691325217160252)"
rho_8 z2:180.0 z1:1200.0 norm:sum vel:poly data:pos,0.0016539313432202144,0.00034529467739686614,"(0.0012443502961482836, 0.0021102396434801753, 0.001678197696952978, 0.0015561980219919679, 0.0016338150101045626, 0.0016104088075938351, 0.001577773619325839, 0.0016696445836746376, 0.0020046625504513142, 0.0013009194953916283, 0.0018990706597507801, 0.0013876086103467218, 0.0011693798870004582, 0.0022534364132570494, 0.0014454900626726525, 0.0018148582981758839, 0.0023782271256392244, 0.001104741679974901, 0.0016282799791015009, 0.0016113244233698946)"
rho_9 z2:180.0 z1:1200.0 norm:sum vel:poly data:pos,0.0017959057716980165,0.00037224526682556853,"(0.0020246997648926215, 0.0015329738839477117, 0.0018899629033905815, 0.0016326125075626018, 0.001819312431174711, 0.0017105602866639856, 0.0015543700507005453, 0.00200503157786979, 0.0020764352610286884, 0.001482865892739712, 0.0029418079166738695, 0.0010590833745947417, 0.0015794306550857792, 0.001971448832206141, 0.002093646748749601, 0.00148094912907286, 0.0016584614896023007, 0.0018699430238660322, 0.0016229675639793328, 0.0019115521401587214)"
rho_10 z2:180.0 z1:1200.0 norm:sum vel:poly data:pos,0.004401125471761824,0.0011140064219906348,"(0.006315817575728262, 0.002888349717450784, 0.0041265842953426704, 0.004357623900679192, 0.0037649292972042024, 0.004879123371698897, 0.004379106747694844, 0.004210645533238012, 0.0033909340703256376, 0.005271829762042083, 0.004160042004959286, 0.00442527101309938, 0.004225682571569842, 0.004346864151388727, 0.0029775080378891413, 0.006110900268255072, 0.005831708759686783, 0.0031159655093017163, 0.0028525273595879632, 0.0063910954880939935)"
rho_11 z2:180.0 z1:1200.0 norm:sum vel:poly data:pos,0.007053072014242059,0.0016863686679871451,"(0.004765015962794095, 0.00989922285183762, 0.0062259044043612155, 0.0074084332201619345, 0.006431306379934796, 0.007420219312690278, 0.007314070247618771, 0.006566027705188541, 0.004932414643179985, 0.009253279390253905, 0.00754742623368955, 0.006337246425464749, 0.005325919728654754, 0.008937155141322685, 0.009355095626208431, 0.005021364853793326, 0.004814162478683031, 0.009706638557220456, 0.006227859085233079, 0.007572678036549987)"
rho_12 z2:180.0 z1:1200.0 norm:sum vel:poly data:pos,0.005009566170654889,0.0006383094030137978,"(0.004616503975849517, 0.0053740847239092645, 0.005472446536688816, 0.004468686709725699, 0.005354832600333714, 0.004685049694112779, 0.004614715522493088, 0.005475925944271783, 0.0038842054612482435, 0.006202408155089821, 0.006190601055506454, 0.004031786979814467, 0.0044288917739173745, 0.005569353439609886, 0.004962281616140163, 0.00498179902293602, 0.005134866681573514, 0.0047054678316475395, 0.005541747688614587, 0.0044956679996150445)"
rho_13 z2:180.0 z1:1200.0 norm:sum vel:poly data:pos,0.0017778443802722215,0.00043525256070890575,"(0.0020966817521853405, 0.0014279780830413512, 0.0017704927842785987, 0.0016823243255128812, 0.001958402294811993, 0.0015332299785906843, 0.0014143239679409495, 0.002126444211262683, 0.0017218049297239883, 0.001725030533195725, 0.001160411480354611, 0.0025881423210204098, 0.0018056394825225863, 0.0016607669238333906, 0.001537556804772266, 0.0019453268152983345, 0.0010229192581732807, 0.00291781427443339, 0.0016974146999440018, 0.0017641826845479643)"
rho_14 z2:180.0 z1:1200.0 norm:sum vel:poly data:pos,0.003234564569956023,0.00048522626771703626,"(0.003327201867420106, 0.003086009421128867, 0.0032657664533363453, 0.003115209727558359, 0.0024969247853554753, 0.004141714255183935, 0.003017340074681556, 0.003443362847763164, 0.00260229322406104, 0.0038719657576467004, 0.0030900291474735392, 0.003335614415783847, 0.0038442571260858143, 0.0026608184951310877, 0.003975624110620375, 0.0025767714579277563, 0.00307907970526291, 0.0032782443583642463, 0.0037017822355652702, 0.002781281932770065)"
rho_15 z2:180.0 z1:1200.0 norm:sum vel:poly data:pos,0.00010111355581845755,2.3212324507093035e-05,"(8.218361156886575e-05, 0.00011833496973575499, 7.22162045502686e-05, 0.00013460427780256928, 0.00012417586921104317, 7.83530368580673e-05, 0.0001130977092513951, 8.60560775319226e-05, 0.00010685203206437645, 9.090808341620262e-05, 0.00010850199364803008, 8.964102572477099e-05, 0.00011470811454111703, 8.473833419109765e-05, 7.352056520944823e-05, 0.0001322594500251815, 0.00014715844330223614, 6.599328964315644e-05, 0.00011250320624719515, 8.646482184645206e-05)"
rho_1 z2:180.0 z1:1200.0 norm:sum vel:poly data:neg,0.0046284803003251405,0.0013875327850395782,"(0.0042115658824739225, 0.004671451088018636, 0.005564653828125894, 0.0035011305350486173, 0.005140491705328338, 0.003853388280989476, 0.004523724675112503, 0.0043882684497269535, 0.00599558747262247, 0.0032271405158698857, 0.0035271137834576656, 0.005648703344719067, 0.004371070189117527, 0.004558385605050252, 0.002750060762660302, 0.007153971479096236, 0.0037098186260964604, 0.00533092711068338, 0.00797979413649682, 0.0024623585358084085)"
rho_2 z2:180.0 z1:1200.0 norm:sum vel:poly data:neg,0.0025102438723774,0.0011463842659230508,"(0.0023486604171678175, 0.0022116751237728663, 0.004401348346936389, 0.0011651548377664194, 0.0012033657607136538, 0.0043568674932337875, 0.0023625409452051617, 0.0022255801751832538, 0.005322773067136283, 0.000954543365374436, 0.0030919641093370125, 0.0017082893814811164, 0.0034517652460129273, 0.0015300836477968218, 0.002257295223520277, 0.002301225866521014, 0.001872488310100906, 0.00279171643948786, 0.0018623900041558495, 0.002785149686644136)"
rho_3 z2:180.0 z1:1200.0 norm:sum vel:poly data:neg,0.0018653910003220834,0.0007217472057863067,"(0.001845731494839246, 0.0016380982432453468, 0.0008141390659435065, 0.0036643598730494724, 0.0013153391002761286, 0.0023231226319171904, 0.001060199126430742, 0.0028909588500304366, 0.0012834637085205325, 0.0023007622287626746, 0.0015899291533685543, 0.0019361234513907723, 0.0017701885707444485, 0.0017382166136440124, 0.0017657333214964187, 0.0017125454108738226, 0.0013001135947634365, 0.0023388481008739474, 0.0010003485132266494, 0.003019598953044339)"
rho_4 z2:180.0 z1:1200.0 norm:sum vel:poly data:neg,0.0008480786691779735,0.0004853398022460154,"(0.0003187616363896969, 0.0015984943919847318, 0.0003313358613934033, 0.001530498641221976, 0.001631470881553051, 0.0003152419765547953, 0.00042347365812675644, 0.0012191242106236496, 0.000512194642610002, 0.0009790086137740357, 0.00042798692874901584, 0.0011971750867788608, 0.0011486959275954418, 0.0004428865888570611, 0.0005773930910890829, 0.0008811558310162051, 0.0003431240404471077, 0.0014595237879942756, 0.001196246083878447, 0.00042778150292187804)"
rho_5 z2:180.0 z1:1200.0 norm:sum vel:poly data:neg,0.0005552682636695586,0.00012487798937882948,"(0.000623093353136668, 0.00047203925824405694, 0.0006301880004816232, 0.0004663439534701745, 0.0007437915348561693, 0.0003958544035453476, 0.0006213325459331116, 0.00047400780761240136, 0.0005132928894576432, 0.0005719675073518536, 0.0005677561870351, 0.0005186708035718341, 0.000436107662504841, 0.0006750206454644261, 0.000871943803571621, 0.00033731397943932955, 0.0005437663420608589, 0.000540635744806181, 0.0004534412045435977, 0.0006487976463043331)"
rho_6 z2:180.0 z1:1200.0 norm:sum vel:poly data:neg,0.002403692382162965,0.0004762417684259055,"(0.002071417205651511, 0.002686728103497987, 0.0021397154394173063, 0.002596218931005433, 0.002086805134522844, 0.0026703687343540465, 0.0034753747618203154, 0.0016040910619535365, 0.002552479274611082, 0.002173538450447272, 0.0018492692693046762, 0.0030166011597022257, 0.00219619060524394, 0.002540081294022365, 0.00285779115689808, 0.001947421968611581, 0.002003174772745466, 0.0027808531930803592, 0.001905112632594625, 0.002920614493774645)"
rho_7 z2:180.0 z1:1200.0 norm:sum vel:poly data:neg,0.0012054895122816163,0.00020353900664054806,"(0.0010319172135778692, 0.0013703663844647485, 0.0015227111736800813, 0.0009271025919515552, 0.001342280745913368, 0.001054998079653565, 0.0011502735289188226, 0.001231580815348548, 0.0013615388750073721, 0.0010354594121255198, 0.0011150776557068331, 0.0012711068462457284, 0.0016542864724672494, 0.0008567230641176453, 0.001254812736651307, 0.001126972273443219, 0.0011664749073670942, 0.0012130713600351504, 0.0009796167971688127, 0.001443419311787833)"
rho_8 z2:180.0 z1:1200.0 norm:sum vel:poly data:neg,0.0015194743999724974,0.0003169407751653327,"(0.0011408743508938518, 0.001941373093174041, 0.0015451937992807285, 0.001429965901628454, 0.0014987291071896615, 0.0014815129272273582, 0.0014480901265531726, 0.0015342786243661343, 0.0018459880863170466, 0.0011942147923051714, 0.0017416248974921472, 0.0012761466725815913, 0.00107430090317174, 0.002068019868126176, 0.0013266358818089072, 0.0016696007266725958, 0.0021799797323598354, 0.0010161240526359472, 0.0014935743378972478, 0.0014832601177681359)"
rho_9 z2:180.0 z1:1200.0 norm:sum vel:poly data:neg,0.0016820801978355304,0.0003478563071691695,"(0.0018917063035101722, 0.0014384600237093326, 0.0017743476768947387, 0.0015296903324402197, 0.0017021750705064247, 0.0016036822962799324, 0.0014552514664530163, 0.0018773502044283127, 0.0019501529167474572, 0.001387609547834696, 0.0027506413454530735, 0.0009930128327834517, 0.001479252514656655, 0.0018448493363533904, 0.001959038162689252, 0.0013889779022605165, 0.0015497341571756517, 0.0017538615816781746, 0.0015173120037179793, 0.0017944982811381608)"
rho_10 z2:180.0 z1:1200.0 norm:sum vel:poly data:neg,0.004013752390011774,0.0010140060864622,"(0.005738389960325134, 0.002640002307686524, 0.003775092064124507, 0.003989292923021398, 0.0034256752328171926, 0.004458033806188511, 0.003976124564304649, 0.0038496062341950256, 0.0031120677684121243, 0.0048008407038431416, 0.0037786369077726025, 0.004044026439575841, 0.003858267493808115, 0.00394889847946607, 0.0027108109837831493, 0.0055869915652696535, 0.005290077640322519, 0.002849031395835965, 0.002596256248543749, 0.0058469250809396025)"
rho_11 z2:180.0 z1:1200.0 norm:sum vel:poly data:neg,0.006509418037983364,0.0015489266784826177,"(0.004384015152764463, 0.00914518810755731, 0.005770876128208763, 0.006884373145749071, 0.005903821141728051, 0.0068831872700615025, 0.006688567496217241, 0.006100718163871434, 0.004594573372132065, 0.008527469328226818, 0.006912416344110895, 0.0058759480462475915, 0.004935874996176524, 0.00817892374575059, 0.008597818583462563, 0.004659381280135992, 0.004408318555818869, 0.008984023835236506, 0.005742315697109873, 0.007010550369101153)"
rho_12 z2:180.0 z1:1200.0 norm:sum vel:poly data:neg,0.005036044294382234,0.0006246689255197416,"(0.004638665084269393, 0.005399074718244332, 0.005549882502342201, 0.0044828400480567444, 0.005328893607627914, 0.004765967746824001, 0.004628675719045583, 0.005520957991409494, 0.003919900218019062, 0.006235814767513239, 0.0061475034049258345, 0.004102031328814755, 0.004495872604644124, 0.005542066247724462, 0.004934706554960204, 0.005061477356791124, 0.005151274371085651, 0.004718568072935918, 0.0055623485305802646, 0.004534365011830387)"
rho_13 z2:180.0 z1:1200.0 norm:sum vel:poly data:neg,0.00174760368105793,0.00042918023909711573,"(0.002060321378164017, 0.0014027713055962299, 0.0017441414510470164, 0.001653390730055876, 0.00191803619073719, 0.0015122313272264876, 0.0013870883371841305, 0.0020935792829466903, 0.0016948360489877235, 0.0016949308564617623, 0.0011365711674437443, 0.00255062377409277, 0.0017780693600307278, 0.0016272336066360412, 0.0015067104865351727, 0.0019175844173307053, 0.001003659065272861, 0.0028673792099832853, 0.0016675490240695295, 0.001735366601356635)"
rho_14 z2:180.0 z1:1200.0 norm:sum vel:poly data:neg,0.0031547113216344336,0.0004700751545465496,"(0.003225624331611947, 0.003024172412552765, 0.0031898395676108722, 0.0030457658209097566, 0.002440605855118707, 0.004029999234605276, 0.0029476142545297344, 0.003348590324412617, 0.0025483477057051313, 0.003773738358075398, 0.0030066347658465214, 0.0032588119138686946, 0.0037544661586020656, 0.002592167136023089, 0.0038790304671602006, 0.002511042641281437, 0.0029998641792158207, 0.0031980885445223968, 0.0035969804544691325, 0.0027228423065671077)"
rho_15 z2:180.0 z1:1200.0 norm:sum vel:poly data:neg,0.00010109656464089904,2.321566337745742e-05,"(8.213599185316718e-05, 0.00011834914230993941, 7.219716684164255e-05, 0.00013461341395601018, 0.0001241864742177539, 7.831511795576984e-05, 0.00011309000981947874, 8.60216272583727e-05, 0.00010685142564489193, 9.089189209936127e-05, 0.00010847349951872713, 8.962763085589441e-05, 0.00011469755697162383, 8.471941570469502e-05, 7.351745616770498e-05, 0.00013220630386814294, 0.00014713854513617104, 6.597591895982104e-05, 0.00011245995978244051, 8.646274389637266e-05)"
