sigma_1 z2:180.0 z1:1410.0 norm:sum vel:poly data:pos,3.9786450752908062,1.082073625044693,"(3.6906272781980958, 4.079010400974276, 4.120720355642908, 3.2986843314226393, 4.656408266391876, 3.185137067356985, 2.7604232181863133, 5.453061669634023, 6.168146834550604, 2.342797583454998, 3.575774829993706, 4.235056088087265, 3.816440203379768, 4.052473587767673, 2.556668500571749, 5.646291779109011, 5.419785772279435, 2.7747895119706643, 4.519076350964004, 3.2215278758801342)"
sigma_2 z2:180.0 z1:1410.0 norm:sum vel:poly data:pos,6.601405405587599,1.4145830241132864,"(4.440267947758454, 9.468085521296338, 8.710997050363472, 4.6290097771080525, 6.1513876693246505, 6.804524111545651, 5.873535196229461, 7.166185809015698, 5.820480762151273, 7.102903151587198, 5.328470122529298, 7.91476183062196, 5.801697426150403, 7.3272714991011885, 7.039892596316026, 5.876077116556315, 5.6035420870541115, 7.487326174319866, 4.7676067229369, 8.714085539785694)"
sigma_3 z2:180.0 z1:1410.0 norm:sum vel:poly data:pos,8.438288243294599,1.1175458924573642,"(9.064062004756648, 7.752962471152243, 6.634784714446648, 10.379527626141911, 8.073153800470418, 8.695252388082917, 9.078151990036979, 7.751677906445336, 7.034338422058197, 9.907018367759092, 7.624710908872818, 9.234331983543456, 10.53625351786428, 6.705020052010021, 7.613095636669862, 9.16390804766317, 8.589075652121776, 8.163475518890971, 8.941627062362342, 7.823336794542877)"
sigma_4 z2:180.0 z1:1410.0 norm:sum vel:poly data:pos,40.02274199033153,0.8465779568000302,"(40.35893714770959, 39.67426860579372, 40.23981054217602, 39.790877128301396, 40.91093881657169, 39.138197119434594, 41.15359785630536, 38.91009833505443, 40.490061991890016, 39.538765813722755, 39.583339136739504, 40.45057773072248, 40.210084941205075, 39.81587763078522, 41.94862738737105, 38.17172995620278, 40.734320315330045, 39.301328562312925, 40.26666219751397, 39.76673859148807)"
sigma_5 z2:180.0 z1:1410.0 norm:sum vel:poly data:pos,19.961382999084908,1.7165186114046735,"(20.110406856748437, 19.678020156964166, 17.09925140262042, 23.14426410931892, 16.98952402542607, 23.29342954945335, 19.577379830339535, 20.219383120141146, 21.964394231813294, 18.003861138839095, 19.503638831084125, 20.288302100582282, 18.401136166366204, 21.492669237574344, 19.354925027573632, 20.45008179929357, 18.81730146452247, 21.0109799877403, 20.765112625740517, 19.06359831955629)"
sigma_6 z2:180.0 z1:1410.0 norm:sum vel:poly data:pos,7.2560280482418795,2.674857368553619,"(9.04402543675182, 5.184095934923006, 8.288183574149265, 5.489757594102771, 5.792755926704366, 8.070032435956678, 11.081416481021806, 4.235222535458472, 5.425869490992895, 8.537524311280889, 6.4421305990662665, 7.295039644025135, 5.276080265271681, 8.957704311555252, 4.884557758829362, 9.488883022226247, 14.834043028578582, 3.15539137737425, 6.810940293354039, 6.826906943214786)"
sigma_7 z2:180.0 z1:1410.0 norm:sum vel:poly data:pos,10.00321465780102,1.5914050204846537,"(9.405322440165284, 10.403533630804915, 10.027598181310228, 9.67371566198068, 9.813101426619923, 9.970480888146811, 7.799372490003655, 12.55776553618595, 11.83594568479945, 8.23514904847164, 8.36993441657035, 11.701443614774393, 9.846353686708502, 9.957997517460965, 9.977292146376216, 9.779057012952366, 13.500068796800903, 7.235860763522821, 8.560405005083192, 11.413895207282128)"
sigma_8 z2:180.0 z1:1410.0 norm:sum vel:poly data:pos,13.452209975106861,2.094319011386363,"(14.795186098404981, 11.965155830085234, 10.567878235089282, 16.676402224937277, 17.21666859482133, 10.286879186361231, 13.208309322185697, 13.419770535782538, 17.551071658794285, 10.053199015289309, 11.847100933972213, 14.94991291980127, 13.409871894411095, 13.201957455175789, 14.541170835597171, 12.161901601162453, 13.426092571488223, 13.147153967899754, 13.567491659281796, 13.051024961596305)"
sigma_9 z2:180.0 z1:1410.0 norm:sum vel:poly data:pos,17.80181345342864,2.2126976406969074,"(15.48664425216802, 20.178261476734477, 16.906459527983316, 18.47153824420752, 17.50942269316784, 17.85172313422664, 14.983658663392204, 20.87880682869976, 19.52405966599317, 15.961386688224732, 13.812825318134843, 22.61967690373693, 16.927870198728133, 18.42661440844206, 17.23516702837971, 18.139029048882698, 17.48354898263407, 17.813851908703764, 15.077652977612727, 20.748071118520098)"
sigma_10 z2:180.0 z1:1410.0 norm:sum vel:poly data:pos,18.153714751073995,2.134912954051349,"(15.623436590274256, 20.852459264837293, 19.803887810715363, 16.421507282207656, 20.185928549801158, 16.15042250003995, 18.10456771695545, 18.048624045327784, 20.020040740760702, 16.152472204872616, 18.904548756383267, 17.225583850389945, 14.0119487619614, 23.136758040219732, 17.393299902374704, 18.75244998664162, 17.06585435886397, 18.91885342735088, 19.798499690316042, 16.503151541186156)"
sigma_11 z2:180.0 z1:1410.0 norm:sum vel:poly data:pos,17.15831305991574,1.5512870723778664,"(16.615848539736128, 17.629361148556615, 17.57624889574658, 16.599570174937295, 19.869730275139844, 14.761475834506909, 15.424430599070918, 19.088923024200273, 14.800128667221152, 19.542886069482368, 17.475547394697234, 16.75287524899905, 16.651692871441945, 17.455157057866302, 18.983753821020137, 15.45529114453083, 15.247132951075253, 18.923122499168237, 17.285773383867774, 17.027311597050012)"
sigma_12 z2:180.0 z1:1410.0 norm:sum vel:poly data:pos,15.783771474478634,3.3554667059518217,"(16.883420915902775, 14.243396460462703, 16.305617888648438, 14.476117462027627, 16.79672890914797, 14.373969679217828, 16.98935989270194, 14.336086065003082, 23.386103238322008, 9.96940594101054, 20.93051809491887, 11.494570935764, 10.90030110230497, 21.76311897669872, 14.23194212814205, 16.90455934504975, 16.101203925429225, 14.423720695805427, 15.65909733497128, 15.50619049804347)"
sigma_13 z2:180.0 z1:1410.0 norm:sum vel:poly data:pos,19.9629964858255,5.367025255046267,"(19.873029790129113, 18.771840103098857, 23.55998937098652, 15.831738810475022, 13.982742743253233, 26.6997427912772, 22.572056612740194, 16.615992072911123, 20.958229717238574, 17.554607285855965, 20.882484643584515, 17.836702244707528, 13.643154265290969, 27.041910085381947, 23.048658756660497, 16.239736066334874, 12.505008038857456, 29.319978443748145, 12.644530291739176, 29.677797582239066)"
sigma_14 z2:180.0 z1:1410.0 norm:sum vel:poly data:pos,39.73807785595483,5.279738425332565,"(43.84881365361587, 35.61026719151164, 49.62666138059636, 31.382065845753562, 42.49431306241706, 36.65839759972642, 40.85201031122223, 38.45515573993818, 32.32932443117564, 47.258626405453334, 38.486030285502316, 40.4409650790738, 37.105111961102196, 41.406473688824846, 32.01402099945537, 48.925172869411945, 43.509444611510354, 35.0772147016806, 38.08036616350813, 41.20112113761652)"
sigma_15 z2:180.0 z1:1410.0 norm:sum vel:poly data:pos,99.86183496390976,7.219192701681284,"(96.00244672069044, 103.37640404685284, 87.36521491468892, 113.57271804378186, 102.761053922543, 96.57221852933608, 108.94176834945952, 91.11068479600952, 101.11989355096621, 98.09477494021337, 91.02577429704732, 109.02285785878945, 95.44307553594683, 103.95229099705442, 109.46783018593996, 90.66103235584232, 96.10655245236349, 103.21400072581648, 95.51268322206546, 103.9134238327871)"
sigma_1 z2:600.0 z1:1410.0 norm:sum vel:poly data:pos,4.031197364359516,1.1348203681511682,"(3.508412591716666, 4.316929966598943, 4.179241518103431, 3.5752624205499366, 4.58820521189594, 3.2993643017034775, 2.6515481773036313, 5.726499710936136, 6.674576089366166, 2.242463873993261, 3.72639385120875, 4.073904106052803, 3.8779319790459055, 3.8960141175406, 2.60356353976001, 5.8009000941233655, 5.060936926440523, 2.9689112259532444, 4.453799210360829, 3.399088374536692)"
sigma_2 z2:600.0 z1:1410.0 norm:sum vel:poly data:pos,7.082346813958458,1.574009757527494,"(4.631888058463469, 10.360458374920128, 9.371623525362388, 5.073155356740606, 6.491168270931227, 7.390075030887383, 6.172328912703442, 7.788629827110557, 6.391801626999222, 7.4456690369776535, 5.715877613803701, 8.40877532279353, 6.194704046174263, 7.732101224666633, 7.516159692661167, 6.3724975049082815, 5.843053424127307, 8.167176907902233, 5.016513928742205, 9.563278592293743)"
sigma_3 z2:600.0 z1:1410.0 norm:sum vel:poly data:pos,8.979204042225806,1.1708682087196278,"(9.525109284584774, 8.3431068923103, 7.0960278056096024, 11.128029901488249, 8.527381441123097, 9.316703415158726, 9.596651126046998, 8.291090563082694, 7.564823557497259, 10.444888819242559, 8.081646213409, 9.843627254477765, 11.16519356740703, 7.107893371014674, 8.07681970178836, 9.826353038182813, 9.059849986757492, 8.73780111290031, 9.386027611501165, 8.465056180933239)"
sigma_4 z2:600.0 z1:1410.0 norm:sum vel:poly data:pos,39.9969113643063,0.8477659334029483,"(40.33882946327631, 39.64331917333504, 40.21181318677063, 39.76218823380738, 40.887890023565284, 39.11011640989169, 41.12810103443087, 38.88418137567064, 40.45772555328221, 39.51874034361517, 39.55709333449788, 40.427239997841816, 40.190992463574034, 39.78514191396378, 41.922361136130874, 38.14491717227908, 40.714912814755166, 39.271942367902746, 40.24886600456716, 39.73185528296825)"
sigma_5 z2:600.0 z1:1410.0 norm:sum vel:poly data:pos,19.968571515398637,1.7106680678614672,"(20.139983677471438, 19.666701825926268, 17.10639233004912, 23.135083298020223, 17.007962828643237, 23.28641269895988, 19.59823912606056, 20.21429098761598, 21.95463211851552, 18.024241821035737, 19.497541567526408, 20.31659605510147, 18.408726958277366, 21.507935396730776, 19.35993932863083, 20.456088747010458, 18.84754642419654, 21.002329814391015, 20.78133522682409, 19.059450076985776)"
sigma_6 z2:600.0 z1:1410.0 norm:sum vel:poly data:pos,7.6349475647439835,2.7486643613104618,"(9.359756755476917, 5.553575449499106, 8.77554318583524, 5.880309466384727, 6.040501530526047, 8.602677861553708, 11.53513246707738, 4.512532085069932, 5.823603615295909, 8.86781571282415, 6.793669713828033, 7.660592560585943, 5.549183523924957, 9.353234361147981, 5.135688447264136, 10.106224383486555, 15.359531423404627, 3.369451538334371, 7.085764406494201, 7.33416280686573)"
sigma_7 z2:600.0 z1:1410.0 norm:sum vel:poly data:pos,10.434977481869007,1.6754485072530363,"(9.761330467124129, 10.89643300029936, 10.489145154686849, 10.107300932975136, 10.211800667333863, 10.414213557178634, 8.120045626366242, 13.107231932271633, 12.390713785916823, 8.558633718863273, 8.7001802687121, 12.231977121279341, 10.235210879923008, 10.384355330490765, 10.391511816675823, 10.228834741095216, 14.050767087324843, 7.554859850407119, 8.856413462198152, 12.008590236257783)"
sigma_8 z2:600.0 z1:1410.0 norm:sum vel:poly data:pos,14.02804107177331,2.183903414087295,"(15.440874245766043, 12.469285020984687, 11.056239536940065, 17.347953707188402, 17.965145481603802, 10.71486125275933, 13.80314001829482, 13.959630307700031, 18.301146914643653, 10.48190479194991, 12.293394428550044, 15.670834667550423, 13.92530454282463, 13.811605215648356, 15.137537874067212, 12.709556370570743, 14.042142550409547, 13.677743219302599, 14.061654386375746, 13.690866902336133)"
sigma_9 z2:600.0 z1:1410.0 norm:sum vel:poly data:pos,18.0189089402675,2.2377826351196886,"(15.738538065075792, 20.353109225990217, 17.132622573925534, 18.633212695368194, 17.761426283947216, 18.029815840190178, 15.21053834638123, 21.07577722035241, 19.709897938350835, 16.192779830480863, 13.931633578677193, 23.002675920680225, 17.112568719499244, 18.69317928535676, 17.42627175078616, 18.37032642297901, 17.778877994433206, 17.973754230223264, 15.256324658037082, 20.994848224615296)"
sigma_10 z2:600.0 z1:1410.0 norm:sum vel:poly data:pos,18.411324059154914,2.148112413598481,"(16.060119019327477, 20.907334930369867, 20.196123213703206, 16.450057578143166, 20.518806404146677, 16.348739604155973, 18.503548403610303, 18.19040300142736, 20.144952046423157, 16.476393368570754, 18.97015442871547, 17.722855425223063, 14.179669936132841, 23.574313471086278, 17.537646023318306, 19.108858692124524, 17.53887285975363, 18.998906610994084, 20.08375562604709, 16.71497053982506)"
sigma_11 z2:600.0 z1:1410.0 norm:sum vel:poly data:pos,18.394879211621085,1.5923936067196764,"(18.30158606574859, 18.4789279909251, 19.117237791135523, 17.326548199444286, 21.24167142710393, 15.891572657539895, 16.756149131048264, 20.279185948253716, 15.64457433520259, 21.132718772716057, 18.3514723427898, 18.474814700839968, 17.798372253487674, 18.834731978134364, 20.039892780280347, 16.81224480830374, 16.73891028046552, 19.903620649827094, 18.538226369585335, 18.23512574958988)"
sigma_12 z2:600.0 z1:1410.0 norm:sum vel:poly data:pos,19.655225172854557,4.143036524034542,"(22.569463282687533, 16.68977576001486, 21.338941515302956, 16.764092308893563, 20.466129568602366, 18.310642239496293, 21.589216032591896, 17.661020217741417, 28.36054992757262, 12.528856001847961, 24.643397231696785, 15.372744377314662, 13.483477289771843, 27.269291407303953, 16.953873374875293, 22.01572377783006, 21.153764167408557, 17.135455043768808, 19.303530346649488, 19.494559585720143)"
sigma_13 z2:600.0 z1:1410.0 norm:sum vel:poly data:pos,19.95824647302204,5.276719417332193,"(20.31205288174057, 18.443674981191663, 23.633357663141616, 15.594511562998951, 14.169131033667021, 26.398744663088284, 22.899030321489352, 16.422258937294426, 20.657181748590965, 17.808638105441783, 20.594834830378282, 18.224710945780476, 13.637224803175595, 27.27068687820044, 22.985809753031997, 16.2504990047442, 12.81279795603837, 28.889989852577965, 12.722009902546331, 29.43778363532237)"
sigma_14 z2:600.0 z1:1410.0 norm:sum vel:poly data:pos,37.05281800783473,5.02860211088163,"(41.444281490150686, 32.7640598453126, 45.821882058416136, 29.114639575789784, 40.18993838304167, 33.70426676591559, 38.20362245498708, 35.710185331185, 29.59035412893982, 44.858952760434406, 35.83903472533669, 37.937470414618986, 35.26495580083264, 38.07480000507201, 30.030299111986867, 45.09227063052987, 41.38312910538499, 32.33379700631948, 36.346253302507186, 37.352167259933076)"
sigma_15 z2:600.0 z1:1410.0 norm:sum vel:poly data:pos,99.7617409075981,7.201765164445643,"(95.94649282455762, 103.23512869562738, 87.2800249819742, 113.42833330093026, 102.66311826693955, 96.47501134890656, 108.83835386656395, 91.01871189854897, 100.98608388892478, 98.02234327163083, 90.92330770569339, 108.94329691797768, 95.38536556999568, 103.81253866990504, 109.34943904713364, 90.5740881447343, 96.04910366528344, 103.08332395350179, 95.4568775334023, 103.76387459973053)"
sigma_1 z2:600.0 z1:1200.0 norm:sum vel:poly data:pos,4.047050641101469,1.1432397289735003,"(3.5738309929598224, 4.2727523216558545, 4.224727159649818, 3.5643240856738796, 4.575266822877941, 3.333431060300903, 2.6281801677768066, 5.818925622004795, 6.669335054840043, 2.2583977437038865, 3.770463737416934, 4.055660364550613, 3.943424057991274, 3.8568234011559537, 2.6007468161784093, 5.851989780138747, 5.083380312246479, 2.9762723711683705, 4.471119900494996, 3.4119610492438457)"
sigma_2 z2:600.0 z1:1200.0 norm:sum vel:poly data:pos,7.106218192262995,1.5693039232328805,"(4.684107675140305, 10.32305090483757, 9.435190258986793, 5.080653065842649, 6.50154158061495, 7.431522077360147, 6.145641697936244, 7.875556789394566, 6.403850005492223, 7.486132125860322, 5.767425269207475, 8.391199216078977, 6.264211146333709, 7.6992475493873735, 7.536293729076206, 6.403042315089764, 5.864568858567577, 8.197472332405955, 5.0341375354532785, 9.599519712193809)"
sigma_3 z2:600.0 z1:1200.0 norm:sum vel:poly data:pos,8.960607664840534,1.1742583784889877,"(9.55539599383176, 8.283349027746931, 7.097237781846959, 11.08301874309297, 8.491951699167908, 9.315330120232657, 9.526383614187617, 8.314315469392533, 7.538024906198574, 10.435063424766055, 8.092136285819715, 9.787102653235264, 11.197393466946828, 7.05530215706442, 8.049826980189078, 9.818129739481618, 9.041938757167857, 8.717085240691262, 9.365474993868503, 8.44769224188218)"
sigma_4 z2:600.0 z1:1200.0 norm:sum vel:poly data:pos,39.99620983495549,0.8484778361366992,"(40.333015604399385, 39.647972359380574, 40.20761599728651, 39.764112097650354, 40.88882244041412, 39.10807605399577, 41.130826536280686, 38.87994127535685, 40.45793232380743, 39.516965790744415, 39.554940514423414, 40.42831014836814, 40.18595261920277, 39.789564623076686, 41.922826415616285, 38.14282276375914, 40.71478595872773, 39.27048005219066, 40.247633561534435, 39.73159956289438)"
sigma_5 z2:600.0 z1:1200.0 norm:sum vel:poly data:pos,19.96874060377756,1.7119178666257453,"(20.136206262622714, 19.6712856635716, 17.10307687188711, 23.13919747156433, 17.007014103110315, 23.288211628295375, 19.598928642611167, 20.21287046139099, 21.956067057455513, 18.02298146625218, 19.498478153482672, 20.31588878811898, 18.40530869471247, 21.51314097468529, 19.361239754265746, 20.454508612258284, 18.848540418472712, 21.001139787867174, 20.780064367929835, 19.060662894996778)"
sigma_6 z2:600.0 z1:1200.0 norm:sum vel:poly data:pos,7.671661496093461,2.7586434865844387,"(9.464994482096168, 5.547888217958481, 8.842772362646617, 5.896751528836327, 6.057518890043051, 8.663168962033543, 11.520671689268331, 4.561476170313635, 5.843016395431701, 8.92451183873226, 6.855325270293793, 7.6651307095596755, 5.609992256443155, 9.340631282035025, 5.1547359362320355, 10.170000626090586, 15.437586505616643, 3.385542477916383, 7.12035329263612, 7.371161027685726)"
sigma_7 z2:600.0 z1:1200.0 norm:sum vel:poly data:pos,10.43331593019289,1.6759945106638212,"(9.784299911119405, 10.868700348261461, 10.49864829441825, 10.0969590573018, 10.199787493893448, 10.422869640780995, 8.097860321234872, 13.136857830230715, 12.380663128621189, 8.56200938361781, 8.713445903224724, 12.208146267149392, 10.258484014144745, 10.356104405925853, 10.383862570215829, 10.23345455311475, 14.049495248641236, 7.552848633583469, 8.854653658743564, 12.007167939634325)"
sigma_8 z2:600.0 z1:1200.0 norm:sum vel:poly data:pos,13.991519249618433,2.1726598902400878,"(15.430753684605323, 12.416121797912057, 11.035930683585462, 17.29463642360048, 17.89712651128496, 10.700983427940058, 13.736962423384506, 13.953226529351392, 18.24691212299882, 10.458699023371784, 12.280446156587887, 15.606436680947551, 13.916815360764542, 13.748955799743474, 15.090692468067065, 12.684633439356038, 14.008040956100542, 13.640930213299658, 14.024901625611244, 13.657179663855823)"
sigma_9 z2:600.0 z1:1200.0 norm:sum vel:poly data:pos,18.00355335133767,2.2358443050334498,"(15.7250651485516, 20.33886442515221, 17.111946085992205, 18.624134741277736, 17.73600278689078, 18.02553813664272, 15.188653607868554, 21.066512688528984, 19.69480683932315, 16.176848698696936, 13.927730297613236, 22.969536192246945, 17.098375700425308, 18.67889240262844, 17.411991204753733, 18.353409072846016, 17.7665079896709, 17.955055585098226, 15.240185192186093, 20.981010230359537)"
sigma_10 z2:600.0 z1:1200.0 norm:sum vel:poly data:pos,18.481181808550605,2.157111804583944,"(16.109669536260856, 21.011466182959165, 20.242325782692607, 16.536008839715006, 20.564670820895767, 16.43851570978139, 18.552268660072944, 18.270790452451802, 20.22958594529684, 16.529650005349424, 19.069174228832082, 17.764740460464353, 14.22393585107805, 23.68978104936367, 17.608911739872553, 19.17346743915235, 17.61491408531892, 19.058472403740534, 20.14585678211848, 16.78943019559531)"
sigma_11 z2:600.0 z1:1200.0 norm:sum vel:poly data:pos,18.24357806810954,1.5693456890847932,"(18.116924679918426, 18.378680624994825, 18.89723522442099, 17.242666627095158, 21.01829004288005, 15.802189501781982, 16.584051460493754, 20.132315991086234, 15.532018357354541, 20.93690441020069, 18.25310422682804, 18.269767711977817, 17.6242596339264, 18.727419607229926, 19.897363676596566, 16.651556072910697, 16.617395349698, 19.72002766693125, 18.358898326350324, 18.11049216951512)"
sigma_12 z2:600.0 z1:1200.0 norm:sum vel:poly data:pos,19.5762851912758,4.1706712735416325,"(22.150031286246854, 16.88529023882408, 20.940567325746386, 16.928386849944047, 20.390345586119835, 18.226227044797504, 21.536298105645344, 17.486428620151273, 28.355785654275824, 12.431470839702994, 24.64235319042038, 15.232856068983127, 13.258100009573106, 27.58263891007235, 16.997396637024515, 21.737223838556563, 21.10590520186654, 17.026007075832773, 19.114804003855287, 19.497587337877157)"
sigma_13 z2:600.0 z1:1200.0 norm:sum vel:poly data:pos,20.08353857415671,5.320496608206621,"(20.385951627941356, 18.618915289397993, 23.706021397070483, 15.73145004338693, 14.225889409490764, 26.625783249698394, 23.0333492663789, 16.51612802794865, 20.805414255325722, 17.892381361690976, 20.745073610023447, 18.31874215990117, 13.684598654525255, 27.533528475969057, 23.142171820657197, 16.335679187840125, 12.904645669257507, 29.029491935268283, 12.787443334160931, 29.64811270720103)"
sigma_14 z2:600.0 z1:1200.0 norm:sum vel:poly data:pos,37.02347148882583,4.921291895447715,"(40.80784195671314, 33.27280245349082, 45.32778863383644, 29.348281088777963, 40.40003438553758, 33.51940690444899, 38.55510730163807, 35.316835686884204, 29.65966477274048, 44.712391403884894, 35.684758249291974, 38.09324135480686, 34.809422734651804, 38.63458555171049, 30.143052062081775, 44.84005488366055, 41.42486752568389, 32.262691631848334, 36.26538265257049, 37.391218542257654)"
sigma_15 z2:600.0 z1:1200.0 norm:sum vel:poly data:pos,99.76878047609624,7.214157738864681,"(95.92382374893909, 103.2747941762908, 87.26635504622615, 113.45558350755418, 102.6801397087369, 96.47244945045428, 108.86315715305024, 91.00680715953894, 100.99751100711589, 98.0231495988131, 90.92425287631919, 108.95729589379783, 95.36880250056575, 103.84928871197482, 109.36509960378066, 90.57044053972659, 96.05859634393862, 103.08520978460704, 95.45893834727305, 103.77391436322104)"
sigma_1 z2:180.0 z1:1200.0 norm:sum vel:poly data:pos,4.392978549601983,1.10523547369106,"(3.8828936969008407, 4.802876607686253, 4.581830000564315, 3.594029114659489, 5.021526939262087, 3.6208181727058193, 3.4579647884803406, 5.469239332963291, 6.8297410256524165, 2.581066301780516, 4.109496934353614, 4.596828954324461, 4.256406477144058, 4.509884990516729, 2.8314513203795286, 6.219387665429275, 5.860442997251645, 3.174157820732543, 4.577483747718705, 3.8820441035337323)"
sigma_2 z2:180.0 z1:1200.0 norm:sum vel:poly data:pos,6.778774135313338,1.5220961776025745,"(4.4389185884719655, 9.954066616867971, 8.940335970773962, 4.726461592902652, 6.247603428863459, 7.024937630468612, 6.178917987440952, 7.19912722917356, 5.94699140068982, 7.278684676699261, 5.513328801031348, 8.061991274431014, 5.954772243653709, 7.498036070475191, 7.255492679115557, 5.97388162503449, 5.668724614080504, 7.774240872998201, 4.717746754125052, 9.22122264896944)"
sigma_3 z2:180.0 z1:1200.0 norm:sum vel:poly data:pos,8.490847211638805,1.1101082958618644,"(9.006275537704816, 7.901068708746829, 6.691269394326899, 10.446676324569092, 8.100668399800634, 8.771414564192895, 9.154860819326533, 7.800791096965574, 7.069106767432219, 9.979629211609982, 7.677887172438677, 9.29616876395738, 10.60833919986712, 6.734701497754657, 7.713117402305035, 9.161276785361096, 8.602761457029386, 8.253667928692686, 8.837109166910981, 8.010154033783634)"
sigma_4 z2:180.0 z1:1200.0 norm:sum vel:poly data:pos,40.00888150768171,0.8461087999423454,"(40.35204561737815, 39.65343036685658, 40.22252209352255, 39.778557865071534, 40.89988613745416, 39.12281764488074, 41.135075406213865, 38.90097801091436, 40.47310892970822, 39.52725881203515, 39.57210372535005, 40.435685363013, 40.19811878038649, 39.800805275029404, 41.93188605336499, 38.15946954241525, 40.72154213262835, 39.28692755551445, 40.26498565387421, 39.740425188022606)"
sigma_5 z2:180.0 z1:1200.0 norm:sum vel:poly data:pos,19.940793106602456,1.7158534805210974,"(20.121104668724367, 19.626452043370517, 17.07865831513329, 23.120859033190015, 16.97141646737457, 23.273230817216223, 19.53820948989958, 20.21847256608244, 21.930295139782917, 17.99276853530786, 19.474545127236365, 20.280185811875075, 18.379203928362088, 21.47387148647075, 19.329987578633432, 20.432562973944858, 18.8149602540029, 20.970805303645108, 20.765730347616856, 19.022542244179913)"
sigma_6 z2:180.0 z1:1200.0 norm:sum vel:poly data:pos,7.391428854427211,2.6950785773397863,"(9.04865382406882, 5.386668618802611, 8.459062424740507, 5.613757620308116, 5.87916679240769, 8.260748730415777, 11.41379664293549, 4.288212217329692, 5.5435740434064735, 8.68700823750719, 6.6100001000360455, 7.400911084042991, 5.385637053506156, 9.105728155963627, 5.011508833181713, 9.619019731737685, 14.956500937070686, 3.25314695876168, 6.786232841871931, 7.119242240449364)"
sigma_7 z2:180.0 z1:1200.0 norm:sum vel:poly data:pos,10.125916641931328,1.6250060648373175,"(9.476696531964457, 10.573085459143202, 10.164253685198773, 9.786649215775384, 9.917839166302775, 10.101822066905504, 7.879062194514059, 12.7410143142843, 11.960904183413465, 8.34435731470436, 8.45629268397815, 11.86664125534136, 9.963817124406386, 10.069854505819313, 10.135488757946884, 9.860543090437718, 13.662139779893755, 7.322365643473632, 8.588124813476279, 11.647381051646809)"
sigma_8 z2:180.0 z1:1200.0 norm:sum vel:poly data:pos,13.553934843393566,2.106314353673676,"(14.94273643470289, 12.025662842781072, 10.664227153968497, 16.78816860089425, 17.319493249878732, 10.383317364291395, 13.245177471104734, 13.592164553484286, 17.638993197324822, 10.15134682106933, 11.886343468975106, 15.13558954637388, 13.49595794813847, 13.30838666129827, 14.680784155299294, 12.23086413883623, 13.589878809640457, 13.185728899655118, 13.605302578748695, 13.208572971405799)"
sigma_9 z2:180.0 z1:1200.0 norm:sum vel:poly data:pos,17.73851269847831,2.209185205675595,"(15.51949384908528, 19.989805962164517, 16.8445211329624, 18.40198912386879, 17.436490119751486, 17.806084616067427, 14.869148823654404, 20.89210618771991, 19.41193870371446, 15.932958515915985, 13.725565197421368, 22.615040406579144, 16.85038313660768, 18.376336371615185, 17.1674628265631, 18.077231878224403, 17.495147704559642, 17.67654484507265, 15.0518835569513, 20.63012101106703)"
sigma_10 z2:180.0 z1:1200.0 norm:sum vel:poly data:pos,17.68490317691511,2.0344987361424525,"(15.481641380404307, 19.978935574213068, 19.309107283565922, 15.982640611442587, 19.5982232547369, 15.818083323386285, 17.427662827337464, 17.816381118164113, 19.39330213608743, 15.80951524668032, 18.280151533132393, 16.94685577273048, 13.619995757383608, 22.58415120224885, 16.90885374082996, 18.31219413228032, 16.821979566640874, 18.219299450708693, 19.408541569743523, 15.980548056584986)"
sigma_11 z2:180.0 z1:1200.0 norm:sum vel:poly data:pos,17.159380584640225,1.552047380840803,"(17.09278747034729, 17.13538491886864, 17.60582965289868, 16.55705878892344, 19.725365372201843, 14.907419997948056, 15.096820374023, 19.533304340178777, 14.64337406388768, 19.700345875460357, 17.23052406762269, 17.048233700189094, 16.582046406638906, 17.504670413152144, 18.91926382381697, 15.504710420230252, 15.56379456921388, 18.527199827960793, 17.42588512058209, 16.883592488659893)"
sigma_12 z2:180.0 z1:1200.0 norm:sum vel:poly data:pos,15.677948624512183,3.2324430100051993,"(17.792837230116398, 13.350811044382857, 16.330269108164558, 14.297790296361406, 16.435145309908577, 14.589682030224019, 16.047869922210346, 15.053993601697348, 22.658282357942248, 10.119101744739412, 20.012866503002456, 11.968145075545705, 10.701532301326917, 21.820750657692052, 14.156926504438022, 16.79828273406505, 16.86075600887348, 13.607357869096205, 15.545583649313924, 15.410988541142675)"
sigma_13 z2:180.0 z1:1200.0 norm:sum vel:poly data:pos,19.49748167327692,5.109049545041768,"(20.000000365976298, 17.84515693745161, 22.965561871716783, 15.501147715539636, 13.685599517607839, 26.173922962091883, 21.686017662328677, 16.55968134953954, 20.281221978859243, 17.339764060280032, 20.22296972067362, 17.688596506362618, 13.303686816112425, 26.557601605824136, 22.50264097716949, 15.89595511699572, 12.47433943194177, 28.16703166757049, 12.573972863150322, 28.524764338346166)"
sigma_14 z2:180.0 z1:1200.0 norm:sum vel:poly data:pos,38.10432431138584,5.12162414246232,"(42.90427072296534, 33.42641186303798, 47.05928746161168, 30.260271702945392, 41.14674146946927, 34.91431339281796, 38.6561355923523, 37.36960497934245, 30.726160796972493, 45.625898597247605, 37.179281367089295, 38.65160819228912, 35.77453724919359, 39.54232936417232, 30.521830038264273, 47.0060887543411, 41.880620475870344, 33.548550461019644, 37.88908497764224, 38.00345876907219)"
sigma_15 z2:180.0 z1:1200.0 norm:sum vel:poly data:pos,99.7898017721493,7.207478426356701,"(95.96552943205016, 103.26579670731117, 87.28411168605709, 113.50738366768398, 102.71158229759861, 96.48561152226175, 108.8367321407756, 91.0685179829233, 101.03127195810855, 98.03801441486944, 90.972358821395, 108.94006564602556, 95.38326142666081, 103.8709375749061, 109.3858649209697, 90.59275267084413, 96.0452253204643, 103.13669072942403, 95.497426020342, 103.77690050231438)"
sigma_1 z2:270.0 z1:1620.0 norm:sum vel:poly data:neg,3.555897088649144,0.9997743114412985,"(3.176458374864735, 3.70583445114344, 3.7295455325091855, 3.053171365538767, 4.187703354323576, 2.8235426830099035, 2.4475791593209353, 4.836794613275608, 5.860183512274247, 1.9860150988191845, 3.308511927007051, 3.5945275769855978, 3.5084897447106793, 3.4243207788565644, 2.2194237464471387, 5.235266323113189, 4.340185960530918, 2.6988305170031723, 4.1676765130871125, 2.8138805401618656)"
sigma_2 z2:270.0 z1:1620.0 norm:sum vel:poly data:neg,6.7834351932576205,1.4594400616310148,"(4.49123212557718, 9.819443220554806, 9.031139001032857, 4.803446735350466, 6.343904312726079, 6.967950590511193, 6.031423907636386, 7.3338313762851355, 6.142479861213504, 7.13700531863407, 5.517675623054039, 8.032723626551187, 6.02013522555807, 7.396841611877488, 7.116496663294813, 6.157405974039315, 5.538704791144346, 7.936834664171985, 4.943932951386336, 8.90609628455317)"
sigma_3 z2:270.0 z1:1620.0 norm:sum vel:poly data:neg,8.862077895011371,1.1628449878381135,"(9.459536403011892, 8.174977344227024, 7.028386268817566, 10.893686753665166, 8.500467658210892, 9.111596191733828, 9.55442925071966, 8.109767831038337, 7.499220213098822, 10.273412588932368, 8.026191936618341, 9.663724539194602, 11.11197265072404, 6.998339931756639, 7.912983883130441, 9.735145768224477, 8.909050221228016, 8.657336578741306, 9.400632722476175, 8.220699164677805)"
sigma_4 z2:270.0 z1:1620.0 norm:sum vel:poly data:neg,40.00531305429027,0.8473036694708088,"(40.33905713543919, 39.65962877946766, 40.218280338320504, 39.7787843312155, 40.89248387441544, 39.12189319700445, 41.130204178263085, 38.89781208773026, 40.46621976701744, 39.528024023930705, 39.5582241525254, 40.44023342120592, 40.19548312672971, 39.79329434844273, 41.93759420212541, 38.148368750041584, 40.72143754597119, 39.28127048650325, 40.248029059583615, 39.74993827987231)"
sigma_5 z2:270.0 z1:1620.0 norm:sum vel:poly data:neg,19.998576396842047,1.7164072740060194,"(20.162407482285523, 19.702437777877535, 17.12476908763835, 23.195209364376094, 17.024808110163907, 23.33267771775872, 19.607055108046506, 20.263672870254993, 21.996639627013092, 18.04698364348298, 19.524689876887223, 20.342319072068022, 18.433930736206996, 21.534144258032242, 19.40026701953836, 20.476355299379648, 18.888022705396914, 21.01544626435804, 20.78412038842551, 19.115571527650346)"
sigma_6 z2:270.0 z1:1620.0 norm:sum vel:poly data:neg,7.446535497152697,2.7006820430083645,"(9.274072567435494, 5.3162443811625915, 8.635613360608286, 5.592407391346828, 5.9692674629977684, 8.284016276049307, 11.541418569376221, 4.2880988632718, 5.671713872333271, 8.627689051136205, 6.653155868361203, 7.457022655597136, 5.4907266758050515, 9.088507165144298, 4.881295407110245, 10.019457458416044, 14.78780272166853, 3.3200436609636785, 7.145937536618248, 6.886218997651736)"
sigma_7 z2:270.0 z1:1620.0 norm:sum vel:poly data:neg,10.352077127112285,1.6445405251971021,"(9.742769329199115, 10.747802507571562, 10.453157323437535, 9.949767041774027, 10.164822094015022, 10.313420593223714, 8.104432962003276, 12.939431852933257, 12.340353829605768, 8.462233621744106, 8.672265007436136, 12.098405937428446, 10.217820459102208, 10.284234072492895, 10.23405109317253, 10.205202876923348, 13.950464337795552, 7.488536946958233, 8.869916078681486, 11.802454576747483)"
sigma_8 z2:270.0 z1:1620.0 norm:sum vel:poly data:neg,14.112317409231025,2.2037281525415926,"(15.58625993690722, 12.496085772828176, 11.141485285840496, 17.41156616717665, 18.082542306566562, 10.779004038309635, 13.879913987095245, 14.049158020928543, 18.495866923112956, 10.502410162916782, 12.421132814293555, 15.693539101352696, 14.068604220837203, 13.854607573646774, 15.184287891337654, 12.807604000244224, 14.183227677835529, 13.689874491694871, 14.168766998720566, 13.750410812975192)"
sigma_9 z2:270.0 z1:1620.0 norm:sum vel:poly data:neg,18.14301164486126,2.269110310891402,"(15.841530700670774, 20.49068028950427, 17.230379519579333, 18.81885635363262, 17.856090315534896, 18.180163358355514, 15.258414151655852, 21.289384574556696, 19.892639573433076, 16.275329132467622, 14.039867257207604, 23.11166548574006, 17.240884677661157, 18.78904380520113, 17.568346876856623, 18.470666086928826, 17.95869745212315, 18.01981227523782, 15.296891734201125, 21.23088927667701)"
sigma_10 z2:270.0 z1:1620.0 norm:sum vel:poly data:neg,18.88469200117447,2.1516943597764944,"(16.433429215743725, 21.492419680688787, 20.629650272499546, 17.083113381645877, 20.953099004846443, 16.854799018886244, 18.75346977101869, 18.872744834272986, 20.80753523189654, 16.83626358796541, 19.488885217944954, 18.093241059128015, 14.556683042520614, 24.08151462185956, 18.10694482369258, 19.495692505491625, 18.15797961002509, 19.26923003852876, 20.307838828813356, 17.419306276020645)"
sigma_11 z2:270.0 z1:1620.0 norm:sum vel:poly data:neg,19.640355341112098,1.681413471802681,"(19.409195677597143, 19.839315807306086, 20.224439262703605, 18.982509955097402, 22.441365597727764, 17.148702611710984, 17.434379362135722, 22.17218031952154, 16.905976238444307, 22.408727354415397, 19.597999316343184, 19.57291076708188, 19.00030754168137, 19.938415143774442, 21.705506067017073, 17.731986204773758, 18.164908558101466, 20.810699797514722, 19.201147653793452, 20.116433585500616)"
sigma_12 z2:270.0 z1:1620.0 norm:sum vel:poly data:neg,22.279492989077415,4.5556958740343365,"(24.890276877622885, 19.483238398556754, 23.728366085447433, 20.518322709600874, 21.83040619826304, 22.07935332574178, 22.46302340682103, 21.789138706968558, 32.694772764667455, 14.082541773403678, 27.006902408317462, 17.638932102128187, 15.074980174029854, 30.164596151958346, 20.108870583866896, 24.218877874381068, 24.741508307969614, 18.56739405083359, 19.80117442450872, 24.707183456461046)"
sigma_13 z2:270.0 z1:1620.0 norm:sum vel:poly data:neg,20.852113482041197,5.560517652390361,"(21.07933588012279, 19.3662128393973, 24.50549837282718, 16.635221813668863, 14.605290623134174, 27.926129337285726, 23.37592723891583, 17.518436532272762, 21.74500866405487, 18.50664892971255, 21.433206467597767, 18.972635216633645, 14.216424444492327, 28.27433924709324, 24.275379518986117, 16.818210742254642, 13.555674633700711, 29.64034296257694, 12.925788878057554, 31.6665572980389)"
sigma_14 z2:270.0 z1:1620.0 norm:sum vel:poly data:neg,38.019476958247914,4.922507322071138,"(41.588284465937654, 34.42385296105171, 46.79091666136728, 30.622272588592356, 40.75951468798042, 35.01838447439121, 38.493084699367394, 37.30143812680575, 30.37891435440298, 46.19547261367901, 36.02980197928437, 39.47641533205883, 35.79353367002061, 39.07228150817841, 31.38492757438297, 45.68831798726557, 42.27539550220066, 33.28676327166335, 36.3114417799777, 39.498524926350015)"
sigma_15 z2:270.0 z1:1620.0 norm:sum vel:poly data:neg,99.78970468847112,7.217703568888843,"(95.93136276868299, 103.30556660871885, 87.29747167401197, 113.50675812611196, 102.67348174992394, 96.5176973466046, 108.83513044309409, 91.06678950345014, 101.0189984961285, 98.05062376328817, 90.91242921636349, 108.9971490362467, 95.39855441967042, 103.83446168625316, 109.40858919223092, 90.57791998468652, 96.06232319154854, 103.11778773933176, 95.44156399444871, 103.83943482862688)"
sigma_1 z2:540.0 z1:1620.0 norm:sum vel:poly data:neg,3.903776124592357,1.1207221017137239,"(3.3731490149660783, 4.199197590810514, 4.087882838376984, 3.3985526319014814, 4.446068134346759, 3.188578209682638, 2.5596296007847834, 5.548853707131567, 6.5710261625728865, 2.1282808228687635, 3.614992019322967, 3.936409638989109, 3.800725055044732, 3.7364589554174015, 2.5088034224895845, 5.617197822495389, 4.887019141823581, 2.8727042503079634, 4.331455812494319, 3.2685376600196134)"
sigma_2 z2:540.0 z1:1620.0 norm:sum vel:poly data:neg,7.004821360029169,1.5606369565952758,"(4.561330787128683, 10.28664623318025, 9.316829612745313, 4.979999104679564, 6.44173580107926, 7.286897600016299, 6.091541855404748, 7.715207396823845, 6.390640129932296, 7.285873630069664, 5.668327187292798, 8.299229595872927, 6.173550578661844, 7.609251191208395, 7.435593986442925, 6.292033296517266, 5.7697376737669925, 8.088879585085005, 4.975738125611916, 9.42738382906338)"
sigma_3 z2:540.0 z1:1620.0 norm:sum vel:poly data:neg,8.896005070557349,1.1487575972740194,"(9.414925421671384, 8.287718663605087, 7.064619598573307, 10.950921639664957, 8.458180466032324, 9.227746344709892, 9.502039111894183, 8.222222291230956, 7.552734967499168, 10.26921572371523, 8.02016254714732, 9.747923969038613, 11.126222119070004, 7.018223195897935, 7.993167924084192, 9.740564773993112, 8.97012827573988, 8.662497176619418, 9.32391913274156, 8.366968068218464)"
sigma_4 z2:540.0 z1:1620.0 norm:sum vel:poly data:neg,40.00092290029576,0.8472820060425833,"(40.34317655270193, 39.64696822880414, 40.21126814679155, 39.771890080581734, 40.89095503677608, 39.114797878812155, 41.13206506099005, 38.88829106106892, 40.45602128968815, 39.52800961957382, 39.56016119174695, 40.431684508262556, 40.18898640060592, 39.794529026562756, 41.92838804650597, 38.14767958403604, 40.71722999709526, 39.27747306823898, 40.250540317643065, 39.73834290942926)"
sigma_5 z2:540.0 z1:1620.0 norm:sum vel:poly data:neg,19.94966299233228,1.709632224928963,"(20.11944698431112, 19.649374668644285, 17.09195712269776, 23.11053974435939, 16.989932633263106, 23.267022391868213, 19.580163617085745, 20.194693843622325, 21.935967701255482, 18.004623526825608, 19.480863749933928, 20.295339102015816, 18.391295830419082, 21.4885286530237, 19.34038022432173, 20.437993085897585, 18.827133332107515, 20.984565927399338, 20.763717045515715, 19.039720662078093)"
sigma_6 z2:540.0 z1:1620.0 norm:sum vel:poly data:neg,7.661931167442038,2.750281173540761,"(9.36801088670988, 5.59203337629335, 8.856167521207354, 5.858092423871287, 6.07325105222511, 8.628773046133247, 11.568173161635917, 4.534912831627293, 5.898266461834202, 8.822469878076685, 6.832678055602518, 7.684214855648299, 5.607170531910373, 9.352004340525733, 5.149839873580261, 10.146949940581619, 15.405336638195072, 3.3847719918227215, 7.133101940212985, 7.342404541146828)"
sigma_7 z2:540.0 z1:1620.0 norm:sum vel:poly data:neg,10.40217225989085,1.6733549007159614,"(9.718338030712953, 10.874861373254834, 10.480808355557887, 10.040389873095222, 10.183911346950731, 10.378961291984728, 8.091360389979373, 13.070121544590982, 12.39788709706811, 8.498112277217258, 8.679190454205576, 12.188591368495652, 10.232154613573654, 10.331874334871133, 10.351617251773472, 10.198455697439375, 13.99957282350137, 7.533020857834787, 8.840100974293456, 11.954115241416424)"
sigma_8 z2:540.0 z1:1620.0 norm:sum vel:poly data:neg,13.90411499902837,2.1666742707826003,"(15.287485689336892, 12.372211332359683, 10.986173687338, 17.136118352283326, 17.809499273528388, 10.620364274117824, 13.679538395284776, 13.837549232258787, 18.207245182104806, 10.348936330215667, 12.195439324431202, 15.523472237628596, 13.844092020212674, 13.66036154774816, 14.991300226289146, 12.602689992038055, 13.909203237473546, 13.562908377765343, 13.961308263416324, 13.546403004736217)"
sigma_9 z2:540.0 z1:1620.0 norm:sum vel:poly data:neg,17.919421221377913,2.223212343384767,"(15.643035241748894, 20.251978924027444, 17.057399701051587, 18.505311110086996, 17.660388586482725, 17.93511683496898, 15.128438694620971, 20.95732913244067, 19.631877062040576, 16.076816192340743, 13.863167855003011, 22.86405347153867, 17.036253587063946, 18.578390249341535, 17.32307558314669, 18.274799317901106, 17.671225081801413, 17.88260470792807, 15.1859072989457, 20.861255795078502)"
sigma_10 z2:540.0 z1:1620.0 norm:sum vel:poly data:neg,18.32401334152995,2.152224411309463,"(15.95202883789289, 20.84355968400564, 20.15169188539462, 16.31971178291979, 20.414320589932338, 16.276498507185206, 18.422099804388075, 18.092951683294984, 20.12897987464065, 16.327187838474373, 18.912949327714134, 17.606661761530205, 14.143607767105022, 23.434037403871308, 17.43904092601717, 19.026388893300926, 17.42337005595171, 18.93545798289719, 20.031845224775786, 16.597876999307005)"
sigma_11 z2:540.0 z1:1620.0 norm:sum vel:poly data:neg,17.79890513416052,1.5436224454930516,"(17.572702094360675, 18.000619229230114, 18.534153108418852, 16.73556260905041, 20.661596402931615, 15.293489166254082, 16.232136463677367, 19.570119734767548, 15.283850419341386, 20.282198906744544, 17.846574595087823, 17.774337092296346, 17.280067606900893, 18.21293145667869, 19.442769039068047, 16.206681219310934, 16.128736808558703, 19.348102331237396, 17.988708865945366, 17.582765533349637)"
sigma_12 z2:540.0 z1:1620.0 norm:sum vel:poly data:neg,18.803266252570975,4.028430965796312,"(21.25383257356612, 16.172811467774363, 20.4459577844054, 16.000996323676105, 19.68958227362734, 17.392777070950878, 20.73805648986647, 16.76774937819284, 27.47488113831083, 11.839780679706283, 23.779321729479012, 14.543071621726952, 12.893150013388722, 26.207518977747895, 16.262005128057304, 20.949930334467524, 20.03505614407594, 16.538898621665254, 18.536491610974622, 18.54345568975972)"
sigma_13 z2:540.0 z1:1620.0 norm:sum vel:poly data:neg,19.54313535580841,5.175788124973761,"(19.88239864289483, 18.06485490906217, 23.222717253127257, 15.205240347641135, 13.821889460096378, 25.948277384003838, 22.422785716505516, 16.084188475364815, 20.27537598919704, 17.370568046359164, 20.197591910316504, 17.817376019007817, 13.370963997041994, 26.686732093606516, 22.450486906898163, 15.951419958851526, 12.51380408693955, 28.331275763002893, 12.49220215836518, 28.752557997885898)"
sigma_14 z2:540.0 z1:1620.0 norm:sum vel:poly data:neg,37.68542831993397,5.1272711163002604,"(42.26863727309297, 33.23362747931619, 46.05101802447377, 30.053625679626254, 40.66110852595938, 34.43792959012475, 38.830439380298884, 36.36371881014213, 29.57997447576377, 46.33358118722683, 36.33201426170302, 38.659587279492115, 35.25805929754388, 39.309807645925154, 30.64230063029815, 45.79933376170285, 41.88978441321655, 33.014339716254064, 36.730399164467215, 38.2592798020514)"
sigma_15 z2:540.0 z1:1620.0 norm:sum vel:poly data:neg,99.80249917553535,7.215686263853069,"(95.98032666304813, 103.28033040856126, 87.29096388655066, 113.51304169423561, 102.70407393035882, 96.51231245060971, 108.88060905246199, 91.05539503229797, 100.99907436889816, 98.08781177188159, 90.95733367167338, 108.98590974462473, 95.39172893883052, 103.88743506424711, 109.40863866007469, 90.60006600005438, 96.07477114762338, 103.13819486730054, 95.4826916517961, 103.81927450557843)"
sigma_1 z2:180.0 z1:1410.0 norm:sum vel:poly data:neg,3.1236961080203383,0.8965895485622699,"(2.7790606765888146, 3.254161427946058, 3.3035452718503935, 2.6808825836777714, 3.643099449163594, 2.4883812759946187, 2.0414900571083345, 4.428581833510073, 5.136199611326998, 1.7340048039449512, 2.817874344598194, 3.233332360564794, 2.966260119969831, 3.0903311772724114, 2.0003185253014286, 4.490857332072678, 4.067253032060092, 2.2407076054636614, 3.504464999316794, 2.5731156726752658)"
sigma_2 z2:180.0 z1:1410.0 norm:sum vel:poly data:neg,6.573651165676664,1.4395524253236536,"(4.340895163618673, 9.517264371090187, 8.753386341474863, 4.67867682627842, 6.1302918160262765, 6.750324076293911, 5.710117219860488, 7.2374871551544295, 5.939400719443085, 6.91261951121595, 5.2906150324046255, 7.835264443763221, 5.74322840223204, 7.235057794667481, 7.004945125591052, 5.882425086499736, 5.495752357321797, 7.535232195112879, 4.705348029255608, 8.774691646228549)"
sigma_3 z2:180.0 z1:1410.0 norm:sum vel:poly data:neg,8.902094332862864,1.1585301884848522,"(9.487076333056342, 8.221083420384213, 7.041030877851166, 11.024697069586509, 8.53431978278809, 9.152716321127109, 9.48065262367123, 8.231824328087882, 7.511319887184603, 10.349673835749412, 8.020742567750409, 9.744336915061862, 11.086320961767768, 7.057859086043282, 8.032090100905169, 9.698108030999427, 9.019403468765397, 8.650558141708503, 9.389157220183876, 8.308915684585005)"
sigma_4 z2:180.0 z1:1410.0 norm:sum vel:poly data:neg,40.008867304638066,0.8472818891492871,"(40.3441380632163, 39.661215365403386, 40.22211900771207, 39.78114786345771, 40.89716856057018, 39.12481330755931, 41.140859327386195, 38.8946942533673, 40.47382564401888, 39.528997470713406, 39.565036020611274, 40.44016799562191, 40.20386033709689, 39.794816990407014, 41.935620444804485, 38.15588069748623, 40.72197784750757, 39.2860787416883, 40.253013349157214, 39.75191480497574)"
sigma_5 z2:180.0 z1:1410.0 norm:sum vel:poly data:neg,20.099879659419425,1.72776206581582,"(20.24421592502918, 19.820335630522447, 17.206794689635355, 23.322449033859684, 17.10915626832011, 23.45334281746984, 19.717570891894848, 20.35429495589258, 22.11343389348369, 18.137904717215076, 19.632956132484008, 20.43248257749505, 18.547015950428946, 21.62097325203281, 19.496476415366747, 20.58148779464331, 18.947064418469395, 21.15698305772176, 20.905278704988866, 19.197376061434873)"
sigma_6 z2:180.0 z1:1410.0 norm:sum vel:poly data:neg,7.024357789022519,2.6191986414628805,"(8.791388703581044, 4.960771105760905, 8.20007738626586, 5.23306352996955, 5.604278024178138, 7.805655136296879, 10.591840707347364, 4.119987207658096, 5.301940718916455, 8.131164022312491, 6.142664115742759, 7.144500613299715, 5.059469275592938, 8.712635351123453, 4.651583111634648, 9.330590093779572, 14.479872763909524, 3.0252357729037938, 6.629989691275918, 6.570448448901271)"
sigma_7 z2:180.0 z1:1410.0 norm:sum vel:poly data:neg,10.481710649829655,1.6791958098389697,"(9.857174619742102, 10.880091759515457, 10.557002071405917, 10.118736961771896, 10.272571102962418, 10.457672435129627, 8.142263557410502, 13.183359287635902, 12.44594044400693, 8.59269542544721, 8.74219289501207, 12.290219055952775, 10.315205778654143, 10.42370383617371, 10.412894924975104, 10.28949249811649, 14.152808286459067, 7.573131735441478, 8.990700648756999, 11.936355672023302)"
sigma_8 z2:180.0 z1:1410.0 norm:sum vel:poly data:neg,14.363970435738736,2.2404536966784185,"(15.772461189817877, 12.787472917044692, 11.295682273568593, 17.835043048681218, 18.364888828689267, 10.99504481554916, 14.079871772080594, 14.340597770385857, 18.78147793003494, 10.720042441636984, 12.625637712991157, 15.980167123086462, 14.352866893983407, 14.048861088499878, 15.513316719651888, 12.99875564791788, 14.324425483506108, 14.039284279905413, 14.475197176839014, 13.948313600904305)"
sigma_9 z2:180.0 z1:1410.0 norm:sum vel:poly data:neg,18.503052296494054,2.30517691512573,"(16.07825943630965, 20.99415238295719, 17.54329394518111, 19.24762851118888, 18.195567407973954, 18.558160902749176, 15.579386577233011, 21.686468453377675, 20.29330175722099, 16.609395336902324, 14.336328390241896, 23.527982226373002, 17.654079484394124, 19.08187529096359, 17.929679762971954, 18.829160938307357, 18.16428397515758, 18.5159740010595, 15.652566220225205, 21.583500929092907)"
sigma_10 z2:180.0 z1:1410.0 norm:sum vel:poly data:neg,20.22225932729756,2.3048428373068734,"(17.362595752304344, 23.305380091170864, 22.000981639764586, 18.420896592312214, 22.408244063962087, 18.070080218257914, 20.190242361973734, 20.0948094482809, 22.324884817366634, 18.043877803611498, 20.958975436319626, 19.254130137501203, 15.770894466199207, 25.48151868269158, 19.407857027838126, 20.860827815188284, 18.976320989691192, 21.086858867293355, 21.933662744948357, 18.492147589275465)"
sigma_11 z2:180.0 z1:1410.0 norm:sum vel:poly data:neg,20.75269304052165,1.8240436003551048,"(20.026424467926457, 21.424585835476716, 21.22851683805646, 20.2822509034735, 23.719604405080997, 18.10142750242063, 18.665265202598864, 23.09915180327617, 17.955476146410742, 23.68494487762372, 20.88918682581497, 20.420805837986563, 20.501694558328374, 20.63475343657787, 22.951986934447337, 18.71443489886737, 18.34075419029852, 22.896964556618627, 20.586153718783507, 20.92947787036567)"
sigma_12 z2:180.0 z1:1410.0 norm:sum vel:poly data:neg,26.24839062275208,5.299820720508463,"(28.648986196145422, 23.505564889334885, 28.32693674856924, 24.048295838263012, 25.283037440392693, 26.572812016999617, 28.140091872300626, 24.304972537713898, 39.835621708692265, 16.2676981973886, 32.49684978618605, 20.218881935949877, 19.02784058100784, 33.47053401963348, 22.797281623564363, 29.625095789058722, 26.16480180351343, 23.85250802948893, 23.971073978464382, 28.408927462374244)"
sigma_13 z2:180.0 z1:1410.0 norm:sum vel:poly data:neg,22.5934862826016,6.066910172131479,"(22.43212832155596, 21.326162179226802, 26.481828174168147, 18.13239040613226, 15.718239078604379, 30.443637721943194, 25.635185239878407, 18.749821659759007, 23.70224138751571, 19.998777881018434, 23.377970674051127, 20.336181728140133, 15.736768890380526, 29.954341000403545, 26.1673274627259, 18.302349962904266, 14.114200375192498, 33.171682958179886, 14.152160316583176, 33.93633023366859)"
sigma_14 z2:180.0 z1:1410.0 norm:sum vel:poly data:neg,38.264498774677904,4.967827586560923,"(42.00900144047686, 34.46787248594101, 47.10849700253454, 30.717631852198238, 41.19990509081388, 35.132305177030275, 39.53861996553713, 36.783492676932, 30.93008438860508, 46.15271892231402, 36.64960268604846, 39.27777509270632, 36.52922096111088, 39.09599548299269, 31.10830867831431, 46.52903198287607, 42.1387787346656, 33.66606222449572, 36.7143603393739, 39.54071030859105)"
sigma_15 z2:180.0 z1:1410.0 norm:sum vel:poly data:neg,99.80020595199179,7.216867219872753,"(95.94573662503889, 103.3071815978694, 87.30551038923048, 113.51632672127504, 102.69463589321155, 96.52058027005866, 108.87909598222068, 91.04627082400478, 101.04817390946162, 98.05070106299534, 90.93316372827721, 108.99257068909273, 95.42882790498462, 103.8419822658141, 109.39471087903931, 90.60296000136627, 96.06538182807586, 103.1310501036131, 95.46250331582878, 103.83675504837714)"
sigma_1 z2:600.0 z1:1410.0 norm:sum vel:poly data:neg,3.971096361926124,1.1169053071045993,"(3.4515440455031725, 4.257346207031456, 4.112914724661048, 3.5277600905366024, 4.521226918732026, 3.2501554476394583, 2.6112523639046707, 5.6413987232267635, 6.573871945713404, 2.2106797705599655, 3.6719183794135914, 4.011681924599776, 3.820447985574885, 3.8380221167954476, 2.5682647876814637, 5.707346910651429, 4.985712377197185, 2.924500447480066, 4.386783443307494, 3.349098628312563)"
sigma_2 z2:600.0 z1:1410.0 norm:sum vel:poly data:neg,7.022216545253878,1.5610263331419318,"(4.589002464514896, 10.278204273164908, 9.286590148061457, 5.034622686917614, 6.435619729175386, 7.3287356470368135, 6.118000904447149, 7.7231675019145705, 6.33640383616892, 7.3852548794700645, 5.667891909793647, 8.33548414355386, 6.142924468322487, 7.664914517784095, 7.4578367856622085, 6.313740792163909, 5.793502511225067, 8.096430861984802, 4.973552637456689, 9.482450206258983)"
sigma_3 z2:600.0 z1:1410.0 norm:sum vel:poly data:neg,8.925243441572333,1.164563515685076,"(9.463754066226716, 8.295442863213236, 7.051103536947774, 11.066666354725388, 8.474581967628604, 9.263303628708181, 9.536955904676454, 8.241964005778955, 7.5182509252692675, 10.384545409536733, 8.033254233314963, 9.783582293246623, 11.09951922168082, 7.06383957314381, 8.031427261486325, 9.763525591439254, 9.005713721324852, 8.683730738026163, 9.329438740334652, 8.41426879473792)"
sigma_4 z2:600.0 z1:1410.0 norm:sum vel:poly data:neg,39.9956496064747,0.8474757018382527,"(40.33852145145754, 39.641232750149314, 40.211167597030915, 39.76013830608633, 40.885257538861, 39.11048789004551, 41.126925617581435, 38.883152481987594, 40.45676992772561, 39.51669397802477, 39.55565539956175, 40.426411264283935, 40.190346280843094, 39.78313689204778, 41.92004084627519, 38.144764341819645, 40.71356277801694, 39.27027547586436, 40.2477741574676, 39.730677154363725)"
sigma_5 z2:600.0 z1:1410.0 norm:sum vel:poly data:neg,19.959569929628756,1.7105175757139217,"(20.133059872604566, 19.65583184336163, 17.09989703471877, 23.122731372863942, 16.996103967824453, 23.282387552364423, 19.588357105948994, 20.206802340772306, 21.94436756634665, 18.01537912811201, 19.48804098148607, 20.308550593047446, 18.402519706187658, 21.49499983826142, 19.349622053281283, 20.448873352104147, 18.839626896867735, 20.990855841612845, 20.77322167737556, 19.050169867433127)"
sigma_6 z2:600.0 z1:1410.0 norm:sum vel:poly data:neg,7.576792126231169,2.7289565996313354,"(9.285516348763618, 5.512122794055425, 8.70764693308253, 5.835193923186333, 5.9886634277427255, 8.546337923263247, 11.448360202786398, 4.477366390343267, 5.77613854512621, 8.803013985943233, 6.739910848670512, 7.604400946660602, 5.506866608173964, 9.280823004151266, 5.095171270042001, 10.031254951652702, 15.245274054806139, 3.3418696816811444, 7.031853585101608, 7.2780570993904385)"
sigma_7 z2:600.0 z1:1410.0 norm:sum vel:poly data:neg,10.401664407742032,1.6704659613154629,"(9.730164708713632, 10.861558830352577, 10.456403557869471, 10.073505158251374, 10.173306544028215, 10.388096316643294, 8.094602530058523, 13.06521499269599, 12.348021738480778, 8.532470918811079, 8.670944926014249, 12.195793364039506, 10.203274435986692, 10.350122998614983, 10.355862588799008, 10.198829039488045, 14.007885718675952, 7.528398718635841, 8.828751034800172, 11.97008003388128)"
sigma_8 z2:600.0 z1:1410.0 norm:sum vel:poly data:neg,13.982281671109417,2.1739380380587603,"(15.393540516650646, 12.427103774263921, 11.022588230430964, 17.28762805384257, 17.89258738111266, 10.690415368713486, 13.757051616587647, 13.917262731943227, 18.23786712344911, 10.44868277880683, 12.251248740251082, 15.624676384851911, 13.88445504330124, 13.76180469717069, 15.084052628467875, 12.673044547717518, 13.999274039663113, 13.628161496918098, 14.018798714683747, 13.645389553362032)"
sigma_9 z2:600.0 z1:1410.0 norm:sum vel:poly data:neg,17.978857368374857,2.232950838270804,"(15.708834523675867, 20.301615238916167, 17.09871775819619, 18.58690043550581, 17.70603590832345, 18.00838805314796, 15.173547689220236, 21.03557731055132, 19.664225211322066, 16.155381349317615, 13.898723060485828, 22.95663778088205, 17.08195952514219, 18.641361683100545, 17.382789099198746, 18.33587910063403, 17.741870280065058, 17.92728441167918, 15.22607082957035, 20.94534811856236)"
sigma_10 z2:600.0 z1:1410.0 norm:sum vel:poly data:neg,18.288418072128735,2.1227606995895916,"(15.965511432228181, 20.75453958342977, 20.071574496556416, 16.335208115202196, 20.336573596136176, 16.284048390604507, 18.36985406930249, 18.085257744847194, 20.008944886036403, 16.363220891367515, 18.83981309620916, 17.613230748723186, 14.102712283603422, 23.382991255057064, 17.414087757842303, 18.994634071045937, 17.42850696834725, 18.855880228251763, 19.962757944031544, 16.599013883752292)"
sigma_11 z2:600.0 z1:1410.0 norm:sum vel:poly data:neg,18.179205405074608,1.5617774180231525,"(18.096594718506868, 18.252282066139905, 18.895262378425667, 17.13100034147872, 20.928015782119925, 15.765146027366908, 16.542346908161473, 20.067146365128554, 15.461867248892567, 20.87884400761358, 18.134927775414347, 18.26352519242307, 17.623401875739827, 18.570633816604243, 19.809044795181986, 16.618358117010143, 16.549654511283364, 19.64555830265208, 18.335659261654428, 18.014838609694507)"
sigma_12 z2:600.0 z1:1410.0 norm:sum vel:poly data:neg,19.15581724928265,4.0190695089559485,"(22.016009747468498, 16.252497427669464, 20.79773639561569, 16.355277124645845, 19.792428888339867, 18.02048906132059, 21.017339124705256, 17.244919669906523, 27.63844909323651, 12.203129226437254, 24.00806776400233, 15.000234680477904, 13.191521617249235, 26.45570733804115, 16.522388298531453, 21.479065049431, 20.641838502671057, 16.64367327603102, 18.842483491302616, 18.993089208569675)"
sigma_13 z2:600.0 z1:1410.0 norm:sum vel:poly data:neg,19.788018357633298,5.22862054251619,"(20.169464884864915, 18.26169438439438, 23.455449946668644, 15.446407126734844, 13.991618030071795, 26.298414026582716, 22.685392474556657, 16.30398066666113, 20.475758857804962, 17.648208467252342, 20.408694386025974, 18.086223348685415, 13.547450796879133, 26.97252734805916, 22.765260850489394, 16.135806144492133, 12.711336055644335, 28.597861829279125, 12.626603310326644, 29.172214217192266)"
sigma_14 z2:600.0 z1:1410.0 norm:sum vel:poly data:neg,36.952559507922295,5.034517629542956,"(41.44436369614334, 32.592223470305775, 45.77647396495029, 28.966320805332167, 39.91851024939735, 33.775564470286845, 38.1069240571745, 35.6341590706331, 29.530760833683583, 44.63600398897591, 35.71815582836363, 37.88067019285464, 35.23003404118802, 37.88418872034219, 29.866246899054797, 45.10682828275908, 41.2646643572586, 32.19997861265766, 36.265849834057896, 37.25326878302633)"
sigma_15 z2:600.0 z1:1410.0 norm:sum vel:poly data:neg,99.75068600371803,7.204107847886103,"(95.9296311058226, 103.22834998986963, 87.26481181816084, 113.42563173657767, 102.65906449830293, 96.45762626567503, 108.82683466161814, 91.00623007889823, 100.97980127778291, 98.00825973029043, 90.91585248369992, 108.9262714694189, 95.37400333137647, 103.80188753318856, 109.34393528667049, 90.55795909521824, 96.03493530023103, 103.07465192347541, 95.44295419727744, 103.75502829080543)"
sigma_1 z2:600.0 z1:1200.0 norm:sum vel:poly data:neg,3.989107938976554,1.1260926320635025,"(3.5166264595067416, 4.217916610863808, 4.156945291597394, 3.5211988167723467, 4.509351192553204, 3.2869154943960517, 2.589569772917508, 5.736750951720261, 6.573909970685126, 2.2272621793402014, 3.718044577652431, 3.9955796174229565, 3.88679644879605, 3.802108474593523, 2.5671427890626277, 5.76097485123956, 5.012407613249086, 2.9323688810981543, 4.406204533551402, 3.3640842525126615)"
sigma_2 z2:600.0 z1:1200.0 norm:sum vel:poly data:neg,7.048459811232409,1.5567818883318927,"(4.641978102497809, 10.246505199736836, 9.349700113672869, 5.044705706542853, 6.44570319882748, 7.375554133085583, 6.094197968079003, 7.812589935382305, 6.351140469421201, 7.427044581902408, 5.72126782238225, 8.321439744542841, 6.213383674076407, 7.636285046052067, 7.4791036624060485, 6.347807951164654, 5.8184293215564535, 8.127060252856372, 4.9928103054740465, 9.522489034988658)"
sigma_3 z2:600.0 z1:1200.0 norm:sum vel:poly data:neg,8.913250541320954,1.1689039713654217,"(9.499134583039819, 8.243627716106385, 7.055131614690326, 11.032200899337482, 8.443567609487076, 9.270810439423451, 9.474349984862897, 8.27121681463258, 7.497669453265914, 10.381175552403487, 8.049701097312155, 9.734541848946016, 11.138332537226606, 7.017615056002071, 8.009896873294041, 9.763253691702483, 8.995905437770102, 8.667787186617439, 9.315589449272426, 8.403502981026364)"
sigma_4 z2:600.0 z1:1200.0 norm:sum vel:poly data:neg,39.994647175686445,0.8481951497166584,"(40.33213524309182, 39.64583597182592, 40.20631067366739, 39.7620086164281, 40.88617400536452, 39.10787424398371, 41.129275130074426, 38.87866703137928, 40.45670049201326, 39.514644125668184, 39.55334394237049, 40.427028935245154, 40.184954826315455, 39.78736462041476, 41.92027167485093, 38.142295661675284, 40.71317005874221, 39.26853783566175, 40.24623115171119, 39.73011927324501)"
sigma_5 z2:600.0 z1:1200.0 norm:sum vel:poly data:neg,19.96051443772081,1.7120331133486384,"(20.128125542939557, 19.663078920827203, 17.095669871669525, 23.129250084584395, 16.99675157850599, 23.28379531632104, 19.590941816551755, 20.204951384414407, 21.947094837329367, 18.014485981949356, 19.489397603222656, 20.309026307598103, 18.39823203949498, 21.50324703202872, 19.352284989205213, 20.447326892866222, 18.841613591335395, 20.99020325162851, 20.772476441037277, 19.05233527090664)"
sigma_6 z2:600.0 z1:1200.0 norm:sum vel:poly data:neg,7.6187809870890435,2.740982760110974,"(9.398222502524805, 5.509863878279072, 8.778600985567127, 5.856722097521431, 6.00802881290193, 8.61532195542077, 11.438556623617872, 4.530903821470265, 5.799789118814427, 8.865295661681346, 6.807982684362614, 7.612341212570735, 5.572457310294283, 9.273107944263336, 5.117372228975685, 10.103070037618947, 15.336743444470072, 3.3595920015212846, 7.071093287568366, 7.3205541323365)"
sigma_7 z2:600.0 z1:1200.0 norm:sum vel:poly data:neg,10.40400479021428,1.6720106875173175,"(9.757016188158312, 10.837952192905412, 10.468384642393413, 10.068002852873578, 10.163610310766417, 10.402251180973579, 8.074423302668622, 13.101697681055203, 12.343006567816634, 8.53876918951747, 8.68851965738831, 12.175200266662177, 10.23104594439898, 10.325241909780514, 10.35177573380383, 10.2078045422008, 14.013106797099217, 7.5285493055564165, 8.83017014519695, 11.973567393069755)"
sigma_8 z2:600.0 z1:1200.0 norm:sum vel:poly data:neg,13.948814400109931,2.163589594824248,"(15.383607485070652, 12.379350120968812, 11.001400393995993, 17.241796693253544, 17.82731140891692, 10.679489657737236, 13.694665848884043, 13.913129471337756, 18.18917230986639, 10.426729991229536, 12.241300772368872, 15.563286940757646, 13.876359571336708, 13.70513980398436, 15.041128377429875, 12.650285273998199, 13.969477004000822, 13.592901845965034, 13.984406035146762, 13.615348995949454)"
sigma_9 z2:600.0 z1:1200.0 norm:sum vel:poly data:neg,17.96809717208968,2.232605878783307,"(15.69380209096782, 20.299715645450405, 17.076245913272466, 18.58725484593041, 17.687853920503375, 18.005773861279486, 15.158781108085341, 21.02696443913217, 19.655829189517842, 16.14212239709213, 13.897496477405996, 22.930834582311405, 17.06625503673817, 18.639192913728657, 17.374946658580143, 18.32108804107215, 17.735134605704733, 17.911896809596097, 15.212877747434465, 20.93787715799038)"
sigma_10 z2:600.0 z1:1200.0 norm:sum vel:poly data:neg,18.37121521874914,2.139303084020168,"(16.010237507811006, 20.893367239011823, 20.111277158117456, 16.443663144004383, 20.406428345415993, 16.3767705513002, 18.442609692025798, 18.16673510497362, 20.111753288314116, 16.42399102419035, 18.948099792250122, 17.670950520804034, 14.143405059109902, 23.54008401423186, 17.502731255045727, 19.065291374410187, 17.51969265883216, 18.92469151426832, 20.035575865235003, 16.686949265630744)"
sigma_11 z2:600.0 z1:1200.0 norm:sum vel:poly data:neg,18.04339721981454,1.5394604648752375,"(17.90114035852455, 18.195113245678566, 18.662145360935014, 17.078604078273457, 20.739387313062988, 15.676900078354887, 16.402091693277754, 19.91822136479957, 15.367756994390463, 20.69364623053259, 18.045551467074052, 18.08258824900845, 17.438539091583685, 18.511796941053884, 19.690925821623818, 16.465119813233233, 16.448264968993318, 19.472077605143404, 18.16902934450233, 17.90904437624476)"
sigma_12 z2:600.0 z1:1200.0 norm:sum vel:poly data:neg,19.10232650290873,4.057641930900289,"(21.582514567940446, 16.501668924453508, 20.36969404467674, 16.56650363756667, 19.77597079761625, 17.926815298348483, 21.012467155479733, 17.07931280081625, 27.679699374803192, 12.117289587837247, 24.035538102584653, 14.883052139898734, 12.959297343624286, 26.863337411800973, 16.59503521153436, 21.217297898082048, 20.634635773083833, 16.547161074725352, 18.674557888247943, 19.02468102505387)"
sigma_13 z2:600.0 z1:1200.0 norm:sum vel:poly data:neg,19.91373139319487,5.273847083617459,"(20.213718388166317, 18.46468373998094, 23.49202501618803, 15.600336424258069, 14.06030409438695, 26.504420004685098, 22.84049685786612, 16.383541088903183, 20.631522290447194, 17.72639117355073, 20.55454394667687, 18.18561987699076, 13.57678230285488, 27.2794196727765, 22.933275683892475, 16.212173645805795, 12.80682703346806, 28.730232954530386, 12.689593736995466, 29.388719931473563)"
sigma_14 z2:600.0 z1:1200.0 norm:sum vel:poly data:neg,36.87347485581201,4.90971844172565,"(40.71687601759994, 33.08406699253557, 45.174276875697956, 29.18317853527313, 40.11224061970842, 33.51433887878279, 38.403933260323406, 35.196090312956436, 29.563331059663213, 44.43593615198721, 35.5297353842956, 37.972782091221774, 34.71998150868949, 38.40877311124095, 29.947946204438452, 44.7800859509015, 41.25699455944917, 32.08945133359421, 36.136642051864506, 37.24283621601649)"
sigma_15 z2:600.0 z1:1200.0 norm:sum vel:poly data:neg,99.75544863531256,7.215370931947146,"(95.90666835101128, 103.26347838548554, 87.24962707431422, 113.44938663803735, 102.67358918521263, 96.45304126004208, 108.84717868817737, 90.99442442472757, 100.98854508144763, 98.00744378344953, 90.91571589158521, 108.93668609150096, 95.3572379947879, 103.83376961060358, 109.35624598691288, 90.55327399053, 96.0424603057012, 103.07447289323181, 95.44344988781882, 103.76227718167372)"
sigma_1 z2:180.0 z1:1200.0 norm:sum vel:poly data:neg,3.0997868570227816,0.871057388198187,"(2.6352732936543735, 3.388303870983463, 3.2945419009340027, 2.671324665620891, 3.5701871863230985, 2.5047769826381625, 2.1339872465167717, 4.211872296630326, 5.201061454134908, 1.69342190548488, 2.8602038551216644, 3.1473761713467012, 2.9669390759942695, 3.0419526917177895, 1.9894349935891762, 4.475417285597451, 3.9184193740831073, 2.292632698190498, 3.3231662850465007, 2.6754439068475966)"
sigma_2 z2:180.0 z1:1200.0 norm:sum vel:poly data:neg,6.554196790106674,1.482923617120727,"(4.230137517008167, 9.675727145727048, 8.738084734916331, 4.654312062929874, 6.070155459720561, 6.75106026809794, 5.782080730695275, 7.102125276142228, 5.94486811875717, 6.843334050976134, 5.297018327260599, 7.756521059695938, 5.727377354202006, 7.180251274448964, 6.984347179023433, 5.853836082689161, 5.404733451484833, 7.587540063621294, 4.583344840180439, 8.917080804556086)"
sigma_3 z2:180.0 z1:1200.0 norm:sum vel:poly data:neg,8.788174278518282,1.1323744269651155,"(9.262112690838862, 8.207742707677264, 6.96358321834396, 10.88425493464855, 8.41025403426706, 9.048828042346319, 9.400720120438839, 8.102339426921759, 7.424167381892169, 10.20970964788509, 7.922260192577598, 9.614953991329767, 10.953603385352164, 6.955549193318069, 7.9613860860482815, 9.545056239562077, 8.8646829974341, 8.577076202017714, 9.143633592927102, 8.311571484538868)"
sigma_4 z2:180.0 z1:1200.0 norm:sum vel:poly data:neg,40.02159884121511,0.8478043756989923,"(40.36081539485544, 39.66928612732109, 40.23217076118352, 39.795717448399635, 40.9156430464174, 39.13225843254461, 41.14954166818618, 38.91057814227605, 40.48503799839844, 39.5439922197741, 39.58020544393861, 40.45101318374652, 40.21584910519396, 39.8093435402646, 41.94859259322774, 38.167609396836866, 40.73636865905708, 39.29814985298977, 40.27510799933092, 39.7546958103594)"
sigma_5 z2:180.0 z1:1200.0 norm:sum vel:poly data:neg,20.106060179489898,1.7287095979466802,"(20.28647156489231, 19.79039659127125, 17.207985115926963, 23.334255154747602, 17.120121362373123, 23.453824006085295, 19.69547986882349, 20.38741556483091, 22.109489305284036, 18.153562795407865, 19.627224617839673, 20.45153119518766, 18.545728559891167, 21.636675877969466, 19.50029634212581, 20.58870888284804, 18.972342753064158, 21.143179648101537, 20.93561334061548, 19.180901042512076)"
sigma_6 z2:180.0 z1:1200.0 norm:sum vel:poly data:neg,6.830524491175201,2.5122291736526647,"(8.224099217039617, 5.023669879200277, 8.03216558499293, 5.081298301190786, 5.400696221776823, 7.667538657154575, 10.66238448450616, 3.899291844932276, 5.215050924117039, 7.830924002678806, 6.042800872364723, 6.887181696737205, 4.940268425829828, 8.439153047402968, 4.53755868611605, 9.086048054972238, 13.787179884349879, 3.0079520359741725, 6.194769328499521, 6.650458673668138)"
sigma_7 z2:180.0 z1:1200.0 norm:sum vel:poly data:neg,10.404846290553035,1.6819707921962024,"(9.705618604128583, 10.88196099988765, 10.505865847868396, 10.026416793723863, 10.174993594580025, 10.394396396677976, 8.090427719938793, 13.081652322608628, 12.343331018302633, 8.532350395530601, 8.65481229973583, 12.225846862065127, 10.240562469347568, 10.331583177356709, 10.375910873676702, 10.176361710844326, 14.033509089085934, 7.520273448186158, 8.80510520670787, 11.995946980807302)"
sigma_8 z2:180.0 z1:1200.0 norm:sum vel:poly data:neg,14.30628274983916,2.233515961760671,"(15.76273848316701, 12.691471871913766, 11.259563525319209, 17.759616565667816, 18.28188578871126, 10.954878023872494, 13.948616434398295, 14.360320846558729, 18.65941047715893, 10.704651247212857, 12.510557472074277, 15.995004923785764, 14.272918739450953, 14.005829854985738, 15.48332100229341, 12.921217951678399, 14.339219162966549, 13.911837821090236, 14.351803692589714, 13.95079111188778)"
sigma_9 z2:180.0 z1:1200.0 norm:sum vel:poly data:neg,18.451067950969243,2.3023506045917013,"(16.141419916991996, 20.791290242650366, 17.48215337493341, 19.205679467814043, 18.16381199029535, 18.48788917829369, 15.447557556793765, 21.739906732625236, 20.194026799134456, 16.601271956402957, 14.251493934799303, 23.53560527171816, 17.573406746058673, 19.062299449212002, 17.8805612546682, 18.77079570834088, 18.1961420080059, 18.38438233268169, 15.652109280889936, 21.459555817074865)"
sigma_10 z2:180.0 z1:1200.0 norm:sum vel:poly data:neg,19.808649712473674,2.2294162570112266,"(17.365841958580642, 22.35533714629019, 21.497972865376397, 18.08840090425742, 22.044094038396697, 17.639368546932747, 19.457228237058327, 19.988767155464775, 21.749004817090217, 17.793056102090425, 20.38424476146883, 19.006987980416675, 15.376861934617231, 25.096253153926714, 18.995850799290757, 20.442210055357823, 18.81936106261861, 20.426990118805126, 21.75728899838542, 17.887873613048423)"
sigma_11 z2:180.0 z1:1200.0 norm:sum vel:poly data:neg,21.06013509138346,1.9385786509469793,"(21.11657300389501, 20.891367862699767, 21.415529473818324, 20.667057001703604, 24.28163153684755, 18.217895348893265, 18.378476459682922, 24.082422691822757, 18.038010964104515, 24.303919372603048, 20.965439901114642, 20.955436089533364, 20.628489540068593, 21.134320997093063, 23.205566628097145, 19.018380858505644, 18.991629111527843, 22.79767032138198, 21.488160381767894, 20.624724282508254)"
sigma_12 z2:180.0 z1:1200.0 norm:sum vel:poly data:neg,27.73619997860433,5.688730218402739,"(33.68002614708748, 22.185256263530768, 29.30550502561058, 25.679004732900193, 27.766829096413627, 27.131273818282025, 27.40118348670208, 27.623005480849095, 41.0324351085484, 17.689830952116317, 34.205574671127735, 21.542304972044484, 19.842110239960952, 36.12640643110969, 23.478052746345057, 31.825089014550738, 28.757632044848908, 24.339151095292255, 28.85960627280357, 26.253721971962545)"
sigma_13 z2:180.0 z1:1200.0 norm:sum vel:poly data:neg,22.88673804690123,5.903765097557659,"(23.649576041723655, 20.84409809020566, 26.729130312725538, 18.502099461829463, 16.11850593447317, 30.662391010971223, 25.291309457429858, 19.553908263441674, 23.848352956374267, 20.537478934604454, 23.54529897568093, 20.848385330021504, 15.871329922233597, 30.690382673554307, 26.468202499909456, 18.630970156713904, 14.607102366694747, 33.12191011288707, 14.834676989644816, 33.37965144690523)"
sigma_14 z2:180.0 z1:1200.0 norm:sum vel:poly data:neg,39.344672859827604,5.202020614683849,"(43.86298984826508, 34.816338380342835, 48.18526772647432, 31.657036739807307, 42.785271013257464, 35.794897259253915, 40.073014727767365, 38.30853790894764, 31.640444902768735, 47.728511933524, 37.86455074406539, 40.247852455647305, 37.541627827263, 40.29877265681621, 31.788779381182245, 48.014417615518845, 43.49484318221933, 34.50717892792746, 38.85487889361993, 39.42824507188355)"
sigma_15 z2:180.0 z1:1200.0 norm:sum vel:poly data:neg,99.8374355478771,7.2129801008363685,"(95.99730181805647, 103.32507775113247, 87.33433421764668, 113.56200558624376, 102.746094137204, 96.54720816785614, 108.90120515223467, 91.09764995649962, 101.07802714812597, 98.09765161910587, 90.97569261122385, 109.02855889307288, 95.46504951469241, 103.88416934991722, 109.42480720636068, 90.64384562183307, 96.10535106903009, 103.16740984048235, 95.52911978194018, 103.838151514884)"
