2.7582813758588185,0.7757448635022002,"(2.457550478963897, 2.883701251606172, 2.881453941632377, 2.4336345083720414, 3.2169453603926654, 2.1997151642464376, 1.8388996850831019, 3.857628986577303, 4.5571101809163554, 1.5307022029879949, 2.795129954222908, 2.5250964033602354, 2.686565272808359, 2.6502365377098287, 1.7830009418502302, 3.9563310897273887, 3.5483233466833806, 2.0124211195078536, 3.018343153576932, 2.332837936950895)"
6.348991270717907,1.385182707247974,"(4.179751073909426, 9.225367204535623, 8.408268439508245, 4.5717768394978355, 5.914588641071769, 6.522083735395859, 5.549646655392362, 6.952100479410096, 5.7457894133490175, 6.683622246724558, 5.258470448339798, 7.330676108180491, 5.590273578916615, 6.910601574517002, 6.790247397640445, 5.672752046656186, 5.265564190915464, 7.330447802954256, 4.4803507314916695, 8.597446805951423)"
8.678201551384525,1.1256483569686155,"(9.221615710153753, 8.038503110638729, 6.851822820202094, 10.80618397487906, 8.322735521282514, 8.9116399245563, 9.265075029132934, 8.004221205398315, 7.332013409578258, 10.097201576096518, 7.875004187118257, 9.415515652547954, 10.810781681975062, 6.863098426824472, 7.854349367936767, 9.435072406358586, 8.752121227196524, 8.46675808112718, 9.045049350830313, 8.195268363856952)"
40.04657807381534,0.8505970528212793,"(40.3744815793431, 39.70431752047517, 40.25268838109664, 39.82509407841581, 40.94720595061601, 39.14921517269064, 41.17609571477496, 38.93179904236141, 40.512619090920296, 39.57042506369134, 39.59903713415132, 40.48216811159865, 40.23779229084074, 39.83831606723058, 41.982683707206405, 38.18354228628115, 40.76060256428022, 39.32523321670716, 40.2961120079984, 39.78213249562661)"
20.239400827053643,1.7421968504941314,"(20.381020975122308, 19.95713151270155, 17.334937563313705, 23.47011133942421, 17.230088414682307, 23.610483147758295, 19.83436851265299, 20.510406897127094, 22.27443766642431, 18.27101988574506, 19.68432312257594, 20.667372365900523, 18.656448638540546, 21.797054687828183, 19.629402738783448, 20.723207365183583, 19.076786436367673, 21.30032397167298, 21.058857182898777, 19.32023411636945)"
5.805411989857596,2.168290402674293,"(7.304214108082458, 4.0818306035831915, 6.751039513600719, 4.374763037139062, 4.620534863084225, 6.455346547812567, 8.949725843942613, 3.3359580212365674, 4.366059746556153, 6.7406488511044484, 5.50441184183622, 5.407130415384544, 4.263431513710957, 7.029933496822036, 3.8348228749270894, 7.747835919374247, 11.928172255226471, 2.510403649786207, 5.3219807216207835, 5.579995972321361)"
10.068677089041561,1.6107953239933914,"(9.492186302602063, 10.425065983290937, 10.175356521433427, 9.711592575583575, 9.862275110062058, 10.04578342924598, 7.857727206724532, 12.604093312721714, 11.953281192853769, 8.268657308841181, 8.409555258829412, 11.776272729331772, 9.88185259972598, 10.027045792924069, 9.994841949510764, 9.898309765126378, 13.566383996920289, 7.28284196783918, 8.518719150578649, 11.621699626685444)"
14.498444355256916,2.2747840106457966,"(15.93685339105475, 12.883520247645817, 11.447721519631596, 17.942777868475495, 18.554855857610132, 11.077602002460846, 14.202374623363122, 14.468256186659655, 18.965948869370997, 10.841129726779029, 12.547771009043151, 16.379904337116148, 14.380675451733808, 14.277272982837703, 15.660579537189154, 13.114523689312442, 14.445504679208906, 14.164373565509361, 14.499890340744528, 14.177351219391635)"
18.856798043554754,2.4257067353776023,"(16.37492006020312, 21.37399719700419, 17.91190072788978, 19.557750178302513, 18.557915749588457, 18.872065378918112, 15.820702958813145, 22.136049760689097, 20.694995267731766, 16.946332457381654, 14.368475319659286, 24.376907286478115, 17.89318333141827, 19.54648914357492, 18.264736971442005, 19.169068053404803, 18.500922798339726, 18.8495614112241, 15.942532749332928, 21.977454069698982)"
20.92318712731567,2.4650233987751218,"(17.929315321987197, 24.088518489226356, 22.83810036607292, 18.958705863626744, 23.32439400764715, 18.542840701829622, 20.692852795183207, 20.90248315296802, 23.166261766831887, 18.74450478147956, 20.814857550482444, 20.78493392950728, 16.105706135193408, 26.755623783573906, 20.09909239079613, 21.506623053394662, 19.64700044555071, 21.773966626150777, 22.771269443306444, 19.016691941504956)"
23.30493998729029,2.214650581443464,"(22.38812587296922, 24.038184962269202, 23.900268623527865, 22.617443202494588, 26.996626461113554, 19.97650145915535, 20.592757169896068, 26.200006683774536, 20.2767474475973, 26.794798746121824, 21.924778952286278, 24.61249030066188, 22.549809313920395, 23.76097045261199, 25.830429136753057, 20.864069888296665, 20.65270494328191, 25.623571802506635, 23.3990457885276, 23.09946853803976)"
39.83981346956458,7.732568733368699,"(42.4456914339207, 36.13878687860553, 42.39787931487813, 36.62917250421852, 39.962403957232, 38.56319738993244, 40.08351281677721, 38.59891815878054, 61.98567684809643, 25.466116244008838, 41.860808379264824, 36.88299950451411, 28.22737136896578, 53.44253074297924, 34.54096752388844, 44.54527039030956, 40.213962722923526, 36.0251555157299, 39.84746312387751, 38.93838457238842)"
26.42495828245646,6.986211351440382,"(26.10959907757221, 25.00265525035986, 31.174982576495804, 21.05553297545109, 18.434750460244075, 35.49722749663547, 29.284022540589287, 22.362469735948522, 28.002752223323952, 23.589681524446867, 25.202178115814792, 25.985408755243704, 18.167855219393076, 35.72580583749661, 30.50055459067078, 21.439050900246837, 16.513653395523633, 38.70390108244862, 16.88679226477975, 38.860291626444265)"
41.89136972472442,5.271853212828082,"(45.10715973513824, 38.32487291766584, 50.662300628475606, 34.19344575882628, 46.38694730154498, 37.29673189451837, 42.81730593985487, 40.43470743855564, 33.97234246272397, 51.13489515918321, 39.55567582706249, 43.751577377370964, 39.639537320121875, 43.48581007554635, 34.647825800958316, 49.9192798696488, 46.1805685899884, 37.066854014459, 40.88534888109981, 42.364207501745184)"
99.81002263246164,7.251671636458534,"(95.88926014471625, 103.37160427826241, 87.24750604520246, 113.6113767046482, 102.82038522416649, 96.40365826131445, 108.88452865304416, 91.03499260350065, 101.0532382792702, 98.09126782210471, 90.97950152360997, 108.95062234498386, 95.3941181982652, 103.90672031683886, 109.50297282331442, 90.52031070317229, 96.0727039334904, 103.16924909505867, 95.46997795284736, 103.82645774142179)"
2.5388841180196464,0.7137322574790057,"(2.2431234309149075, 2.6771450039163156, 2.6436150236576395, 2.2605612115029934, 2.9427717366063364, 2.034885329564453, 1.677940845086824, 3.5760894755240487, 4.1943645439313855, 1.4059330091952476, 2.5437531412177496, 2.3546928040582533, 2.4700215963114793, 2.429550378373708, 1.6490239584171233, 3.6341165235801327, 3.251792300558709, 1.857047554232369, 2.781525090461388, 2.149729403281862)"
6.383535642913858,1.4021247319843626,"(4.184284607167263, 9.31343971355427, 8.434624950975058, 4.615621471223332, 5.931514622130486, 6.570485291319346, 5.556437378364964, 7.012383798946316, 5.78001190171437, 6.695546185759668, 5.246249852602326, 7.427118730153043, 5.611661661765696, 6.940803936588758, 6.8468132297477045, 5.690782411950614, 5.280465738718586, 7.381396675694853, 4.507974993884578, 8.643095706015917)"
8.807382892910418,1.1435876623378431,"(9.333316510028915, 8.18285438134704, 6.944533930451901, 10.995804383937386, 8.437399452301726, 9.056014727312421, 9.383361365490119, 8.139263013108916, 7.444780247659216, 10.218587782948163, 7.95753015808046, 9.598904373645084, 10.967007949468695, 6.960522238414295, 7.9884388807881255, 9.561508645561913, 8.875474871276532, 8.598697204036982, 9.187509252980988, 8.316148489369484)"
40.05301136014596,0.8514177939962575,"(40.38115682165673, 39.71026327129123, 40.25897893957179, 39.831223082155056, 40.95642323021552, 39.153282268270004, 41.184383471874824, 38.936378435192445, 40.519388489493394, 39.57602422304929, 39.60709672536092, 40.486660057569516, 40.24353606387806, 39.84623653383662, 41.99032368244383, 38.18853460939846, 40.767879387090424, 39.33145420685814, 40.302221418451516, 39.78878228526145)"
20.426441730286342,1.7615007757026775,"(20.569283576223956, 20.141953499166338, 17.49626540110095, 23.685967325666276, 17.38623932032517, 23.839337569124687, 20.01952767332984, 20.698898684615077, 22.4886667633663, 18.41814778090117, 19.848422179692246, 20.876162090432448, 18.834106347932728, 21.994292055462527, 19.80840509546742, 20.917450100391374, 19.257311860709972, 21.49228086790183, 21.262891501075295, 19.493224912841267)"
5.106880321812044,1.9065225802288177,"(6.4039506822868, 3.6095676783593693, 5.936664577092837, 3.8741653973900108, 4.033505522460089, 5.721684750960899, 7.841443936395186, 2.9452658332485577, 3.829859419904341, 5.890347489269862, 4.860831970859564, 4.7473872790162, 3.7539306695597783, 6.149627078981851, 3.381559412377247, 6.825184262939186, 10.523013819144895, 2.205119906172585, 4.68616353763861, 4.918333212183015)"
10.45798462967509,1.69437442234539,"(9.821854889405081, 10.871392840654025, 10.559947644673757, 10.113611179707272, 10.200399874484017, 10.484720467612819, 8.136083479129718, 13.126159752299147, 12.42035692847145, 8.52358021882742, 8.63904072185062, 12.366168440270227, 10.259825688747274, 10.393086564186522, 10.401798983684362, 10.269998826204445, 14.07994029487665, 7.562022984606612, 8.862445272862148, 12.067257540948235)"
15.319325510401644,2.41894886890799,"(16.792488553698366, 13.654344204421662, 12.089079978242365, 18.987860106283286, 19.550023942106474, 11.751214650579893, 14.977063434186231, 15.317577892861628, 20.077669672782314, 11.370360723588725, 13.142437397563583, 17.45674921009656, 15.218639117453218, 15.047609002260511, 16.561354617363552, 13.852363057062743, 15.266006901300992, 14.95503774477702, 15.363841250348006, 14.95478875105571)"
19.500184463929926,2.5237227477356647,"(16.92772838242958, 22.111664146814437, 18.52188119044253, 20.228327409364947, 19.175502918274226, 19.549383533294055, 16.36177199955028, 22.89100553056889, 21.43081175731239, 17.442350460615252, 14.808945728883902, 25.287078577851165, 18.525349333523813, 20.191846185828243, 18.88271900683963, 19.829062771742468, 19.147382310700543, 19.476167562523287, 16.516191975351067, 22.698518496687683)"
22.326391875547994,2.6362590658348775,"(19.146052904084797, 25.688125730513413, 24.367217542209353, 20.229150176025176, 24.906277489750412, 19.81591689704841, 22.126583238479192, 22.266938638202653, 24.796971072656174, 19.821155891052918, 22.151962281246423, 22.227346836651435, 17.2274998249243, 28.522354252292192, 21.431606832936534, 22.96350420498484, 21.021037695768808, 23.191997617570884, 24.386404129737812, 20.239734254824146)"
24.984399734231467,2.3238934395808943,"(24.06931126554516, 25.70447257971943, 25.61093395099683, 24.23947302369297, 29.126625831266974, 21.356126821165923, 22.22519506961416, 27.92312040801254, 21.823922688505455, 28.393764212298706, 23.59646875661491, 26.26744980241034, 24.22554123285105, 25.51865509296056, 27.702133206072425, 22.3527097128616, 22.264259593644457, 27.404375802016897, 25.183479594221023, 24.699976040157875)"
42.332393423037445,8.590022162638824,"(45.24674129037348, 37.99785196291011, 44.744950765694156, 38.73262141163061, 44.74277482386969, 38.98095216341866, 43.99282789362489, 39.514885419985724, 65.95541169724335, 26.67887816238087, 46.40898943446154, 37.2590897323574, 29.509687741628355, 58.462018638823075, 37.34042788759225, 46.093706926542154, 43.331352461231226, 38.16963294850244, 41.930213994020306, 41.554853104458644)"
29.488971846415104,7.76580759710785,"(29.270970983076655, 27.772141124432643, 34.844598828018576, 23.43119443694489, 20.681842465996226, 39.58493757087408, 32.91631936208236, 24.80741293842234, 31.447276579997876, 25.98232815720861, 28.14085179006204, 28.960227049261928, 20.347037717807847, 39.94456082532154, 33.93833412676912, 23.975292636000706, 18.537132038202436, 43.04606292578182, 18.946490073715868, 43.2044252983246)"
42.67925719624617,5.379020355918155,"(45.98511333344335, 38.988099487889315, 51.59480003456261, 34.800019311427896, 47.64763557425719, 37.72709806551295, 43.84794358021092, 40.97208524732777, 34.645503174574074, 51.97478489192103, 40.5088478924584, 44.30564362033942, 40.294633845842455, 44.52342335355379, 35.389006249616486, 50.67173197144824, 47.1534742462616, 37.751903499955496, 41.60745638313496, 43.195940161185526)"
99.81736876181924,7.2528111162586395,"(95.89611407036817, 103.37880712534144, 87.25362419385415, 113.6191968244977, 102.83277808190701, 96.40648537728711, 108.89518212020418, 91.03921375123147, 101.06107378383778, 98.09812128063813, 90.9886234260217, 108.95514758766603, 95.3995761164475, 103.91745338448331, 109.51300510234174, 90.52468060439281, 96.08048182699088, 103.17698648465495, 95.47598638431522, 103.83483770990371)"
2.7582813758588185,0.7757448635022002,"(2.457550478963897, 2.883701251606172, 2.881453941632377, 2.4336345083720414, 3.2169453603926654, 2.1997151642464376, 1.8388996850831019, 3.857628986577303, 4.5571101809163554, 1.5307022029879949, 2.795129954222908, 2.5250964033602354, 2.686565272808359, 2.6502365377098287, 1.7830009418502302, 3.9563310897273887, 3.5483233466833806, 2.0124211195078536, 3.018343153576932, 2.332837936950895)"
6.348991270717907,1.385182707247974,"(4.179751073909426, 9.225367204535623, 8.408268439508245, 4.5717768394978355, 5.914588641071769, 6.522083735395859, 5.549646655392362, 6.952100479410096, 5.7457894133490175, 6.683622246724558, 5.258470448339798, 7.330676108180491, 5.590273578916615, 6.910601574517002, 6.790247397640445, 5.672752046656186, 5.265564190915464, 7.330447802954256, 4.4803507314916695, 8.597446805951423)"
8.678201551384525,1.1256483569686155,"(9.221615710153753, 8.038503110638729, 6.851822820202094, 10.80618397487906, 8.322735521282514, 8.9116399245563, 9.265075029132934, 8.004221205398315, 7.332013409578258, 10.097201576096518, 7.875004187118257, 9.415515652547954, 10.810781681975062, 6.863098426824472, 7.854349367936767, 9.435072406358586, 8.752121227196524, 8.46675808112718, 9.045049350830313, 8.195268363856952)"
40.04657807381534,0.8505970528212793,"(40.3744815793431, 39.70431752047517, 40.25268838109664, 39.82509407841581, 40.94720595061601, 39.14921517269064, 41.17609571477496, 38.93179904236141, 40.512619090920296, 39.57042506369134, 39.59903713415132, 40.48216811159865, 40.23779229084074, 39.83831606723058, 41.982683707206405, 38.18354228628115, 40.76060256428022, 39.32523321670716, 40.2961120079984, 39.78213249562661)"
20.239400827053643,1.7421968504941314,"(20.381020975122308, 19.95713151270155, 17.334937563313705, 23.47011133942421, 17.230088414682307, 23.610483147758295, 19.83436851265299, 20.510406897127094, 22.27443766642431, 18.27101988574506, 19.68432312257594, 20.667372365900523, 18.656448638540546, 21.797054687828183, 19.629402738783448, 20.723207365183583, 19.076786436367673, 21.30032397167298, 21.058857182898777, 19.32023411636945)"
5.805411989857596,2.168290402674293,"(7.304214108082458, 4.0818306035831915, 6.751039513600719, 4.374763037139062, 4.620534863084225, 6.455346547812567, 8.949725843942613, 3.3359580212365674, 4.366059746556153, 6.7406488511044484, 5.50441184183622, 5.407130415384544, 4.263431513710957, 7.029933496822036, 3.8348228749270894, 7.747835919374247, 11.928172255226471, 2.510403649786207, 5.3219807216207835, 5.579995972321361)"
10.068677089041561,1.6107953239933914,"(9.492186302602063, 10.425065983290937, 10.175356521433427, 9.711592575583575, 9.862275110062058, 10.04578342924598, 7.857727206724532, 12.604093312721714, 11.953281192853769, 8.268657308841181, 8.409555258829412, 11.776272729331772, 9.88185259972598, 10.027045792924069, 9.994841949510764, 9.898309765126378, 13.566383996920289, 7.28284196783918, 8.518719150578649, 11.621699626685444)"
14.498444355256916,2.2747840106457966,"(15.93685339105475, 12.883520247645817, 11.447721519631596, 17.942777868475495, 18.554855857610132, 11.077602002460846, 14.202374623363122, 14.468256186659655, 18.965948869370997, 10.841129726779029, 12.547771009043151, 16.379904337116148, 14.380675451733808, 14.277272982837703, 15.660579537189154, 13.114523689312442, 14.445504679208906, 14.164373565509361, 14.499890340744528, 14.177351219391635)"
18.856798043554754,2.4257067353776023,"(16.37492006020312, 21.37399719700419, 17.91190072788978, 19.557750178302513, 18.557915749588457, 18.872065378918112, 15.820702958813145, 22.136049760689097, 20.694995267731766, 16.946332457381654, 14.368475319659286, 24.376907286478115, 17.89318333141827, 19.54648914357492, 18.264736971442005, 19.169068053404803, 18.500922798339726, 18.8495614112241, 15.942532749332928, 21.977454069698982)"
20.92318712731567,2.4650233987751218,"(17.929315321987197, 24.088518489226356, 22.83810036607292, 18.958705863626744, 23.32439400764715, 18.542840701829622, 20.692852795183207, 20.90248315296802, 23.166261766831887, 18.74450478147956, 20.814857550482444, 20.78493392950728, 16.105706135193408, 26.755623783573906, 20.09909239079613, 21.506623053394662, 19.64700044555071, 21.773966626150777, 22.771269443306444, 19.016691941504956)"
23.30493998729029,2.214650581443464,"(22.38812587296922, 24.038184962269202, 23.900268623527865, 22.617443202494588, 26.996626461113554, 19.97650145915535, 20.592757169896068, 26.200006683774536, 20.2767474475973, 26.794798746121824, 21.924778952286278, 24.61249030066188, 22.549809313920395, 23.76097045261199, 25.830429136753057, 20.864069888296665, 20.65270494328191, 25.623571802506635, 23.3990457885276, 23.09946853803976)"
39.83981346956458,7.732568733368699,"(42.4456914339207, 36.13878687860553, 42.39787931487813, 36.62917250421852, 39.962403957232, 38.56319738993244, 40.08351281677721, 38.59891815878054, 61.98567684809643, 25.466116244008838, 41.860808379264824, 36.88299950451411, 28.22737136896578, 53.44253074297924, 34.54096752388844, 44.54527039030956, 40.213962722923526, 36.0251555157299, 39.84746312387751, 38.93838457238842)"
26.42495828245646,6.986211351440382,"(26.10959907757221, 25.00265525035986, 31.174982576495804, 21.05553297545109, 18.434750460244075, 35.49722749663547, 29.284022540589287, 22.362469735948522, 28.002752223323952, 23.589681524446867, 25.202178115814792, 25.985408755243704, 18.167855219393076, 35.72580583749661, 30.50055459067078, 21.439050900246837, 16.513653395523633, 38.70390108244862, 16.88679226477975, 38.860291626444265)"
41.89136972472442,5.271853212828082,"(45.10715973513824, 38.32487291766584, 50.662300628475606, 34.19344575882628, 46.38694730154498, 37.29673189451837, 42.81730593985487, 40.43470743855564, 33.97234246272397, 51.13489515918321, 39.55567582706249, 43.751577377370964, 39.639537320121875, 43.48581007554635, 34.647825800958316, 49.9192798696488, 46.1805685899884, 37.066854014459, 40.88534888109981, 42.364207501745184)"
99.81002263246164,7.251671636458534,"(95.88926014471625, 103.37160427826241, 87.24750604520246, 113.6113767046482, 102.82038522416649, 96.40365826131445, 108.88452865304416, 91.03499260350065, 101.0532382792702, 98.09126782210471, 90.97950152360997, 108.95062234498386, 95.3941181982652, 103.90672031683886, 109.50297282331442, 90.52031070317229, 96.0727039334904, 103.16924909505867, 95.46997795284736, 103.82645774142179)"
1.6616117704439024,0.46176837395855824,"(1.5640279331801195, 1.6321972077776947, 1.768171717574251, 1.4475082194304736, 1.885697583409505, 1.3818206970406333, 1.132324879743952, 2.2438513053663094, 2.7026165479153073, 0.9128419999577413, 1.8543504563475015, 1.4192343161309573, 1.6136372441733453, 1.5673823627212617, 1.0712242534397367, 2.415498204292727, 2.169322461064289, 1.1955321274766146, 1.8402060660347543, 1.4147898258008704)"
4.4214151438423945,0.9094560877291653,"(3.026240108881967, 6.172032435733722, 5.954193516582597, 3.1537359491244557, 4.0656162356395, 4.672830471160443, 3.9664524495945233, 4.700250587381442, 3.931349411362503, 4.658856092528598, 3.9503812779847265, 4.8370834592768075, 3.9290243212906786, 4.721523399241016, 4.706827472798526, 4.020358249644356, 3.7678558106667603, 5.012518543050049, 3.1460861381142724, 6.0350869467909405)"
7.140916367509646,0.9512691252064626,"(7.765995243975425, 6.422116682283983, 5.693919763628573, 8.816151820704142, 6.75665619940946, 7.483496308882196, 7.74221814880297, 6.438232624281331, 5.9506365665851755, 8.284492917245034, 6.710931509791102, 7.559448060264766, 8.946249329020644, 5.543850748200324, 6.425325616337338, 7.852707076446144, 7.321997603856677, 6.866881604607225, 7.46732975712739, 6.769689768742968)"
40.03935137714105,0.8498716511996961,"(40.367995265887174, 39.695717474979574, 40.245499173290185, 39.818398143474404, 40.93548713933221, 39.146994257437626, 41.16824510153133, 38.924155746535696, 40.50247606243562, 39.563680866432954, 39.59121160533337, 40.476199456189036, 40.23350164863319, 39.82682566521304, 41.97401266592347, 38.17870359328813, 40.75626529324669, 39.31743187665126, 40.29007348972228, 39.7741530172837)"
20.198922878985538,1.7415558035859153,"(20.35197312932502, 19.892185666396013, 17.3008807323279, 23.43457194783979, 17.170507607222145, 23.614838760818987, 19.80629811296622, 20.441101159922553, 22.205052169082013, 18.22039086426961, 19.653258764587008, 20.63365314065055, 18.638570239389953, 21.698821717287277, 19.59545224859388, 20.694276795098745, 19.075343719523953, 21.238694793282317, 21.02868127880734, 19.28390473231943)"
4.605159754650457,1.7493025025338016,"(5.903458415191777, 3.135947410037515, 5.361482325389525, 3.4738357073512844, 3.5968440059864166, 5.247887556699338, 7.141443304819023, 2.586715138510162, 3.408780787474078, 5.309770688030442, 4.550259176666097, 4.176070065577787, 3.370879748395574, 5.4492702842894944, 3.05766642397449, 6.145276482232503, 9.532501228665135, 1.9669476608892074, 4.255728626319406, 4.432430056509876)"
9.144128059706421,1.4492454399602093,"(8.722944713692359, 9.3148737394469, 9.275170677111085, 8.822226356038541, 8.875710724472476, 9.26774214776516, 7.194942790491328, 11.29118647202309, 10.767430792323651, 7.480578100104294, 7.785078814180487, 10.590763932235163, 9.014447915559494, 8.965844024947168, 9.092649369663555, 9.034451147547099, 12.468514669749409, 6.56211164501936, 7.771554617605266, 10.584338544152537)"
13.825446734763245,2.1395730186692865,"(15.317514181755781, 12.137604393456876, 10.946075922481683, 17.135805091001707, 17.529954255901984, 10.729154082819653, 13.627038400386237, 13.645668835089271, 17.960645153824903, 10.287623019316877, 12.055993605144517, 15.621368285928524, 13.781803258508306, 13.408944494138163, 14.960253534736012, 12.568340452712933, 13.942425365535794, 13.417053533134263, 13.878758130635322, 13.556910698756122)"
18.73305062527327,2.392733691820217,"(16.316425943956254, 21.11010164898109, 17.811499043504817, 19.465495383404182, 18.303812302388938, 18.954994080060168, 15.756802757712803, 21.863900857851423, 20.466310334622147, 16.776644955942135, 14.28368547726303, 24.30245942475421, 17.85866722742117, 19.200557169774747, 18.163177270855417, 19.107212557243077, 18.533566304850712, 18.649780620657292, 15.882118764772724, 21.85380037944904)"
21.460703379582615,2.308651580205866,"(18.510635318451303, 24.409640299945895, 23.524786495702767, 19.538145679579557, 23.34086587907139, 19.705223978183305, 21.279076766623316, 21.244757833030665, 23.51453432911474, 19.082130124285513, 21.159973479896184, 21.75773780648655, 16.78829840062431, 26.59360163258079, 20.6054990137343, 22.348151902487594, 20.579526896462127, 22.125341379843597, 23.58145643766978, 19.524683937878663)"
25.380383948436503,2.1624977844781235,"(24.58845214234304, 25.721885413343095, 26.203112900138827, 24.767484825928822, 27.967515087502765, 23.192486150634608, 22.341326831628628, 28.33187440262004, 21.700852617696572, 28.89744331830013, 23.27132718908415, 27.901325246767744, 25.335045862873706, 24.49939821211186, 27.871701651421404, 23.331193291580497, 23.193164340219855, 27.509200727877136, 25.933881362272746, 25.049007394384358)"
39.38632655906483,6.953892881690946,"(42.59460578170312, 34.9458643509997, 41.811826381370075, 36.77884353139067, 37.572361040268454, 40.75934538974953, 39.86538816776028, 37.38097483063972, 58.332839701563714, 25.399640163545076, 42.03241723987566, 36.44459089140341, 29.194886142933306, 49.60342416883031, 34.05819118593827, 45.19630559069459, 42.12374916916798, 35.30030099651289, 40.09207375013905, 38.23890270681075)"
26.058576315891596,6.820945257278445,"(25.97181979353296, 24.238909513467547, 30.785875596772282, 20.947919624591066, 17.64826147183237, 36.52780404212913, 29.058989813066358, 21.680101751789017, 27.063795006947846, 23.072587080569402, 24.853585777381337, 25.96378221275226, 18.332935725865227, 33.74316715529088, 30.12000758801771, 21.45229701056981, 16.837289218758613, 37.70657666932677, 16.847694160261472, 38.318127104909934)"
41.54020964018301,5.248515412147143,"(44.818945102237386, 37.85334089860377, 50.186035538114446, 33.97809885683617, 45.610740341466276, 37.35961124387944, 42.480524291904906, 39.94434567036687, 33.38811518408609, 50.7840194083763, 39.33249472875348, 43.32397962575686, 39.58002751685017, 42.674757068455094, 34.32742851064961, 49.68176776347783, 46.208468099326986, 36.69634289481184, 40.63476898912845, 41.94038107057815)"
99.80081926541355,7.250338337589971,"(95.88116417717526, 103.3610607657903, 87.23878055103152, 113.60184428897287, 102.80870196627278, 96.39704780495094, 108.87476096882028, 91.02553920915746, 101.03965318555906, 98.08435954192427, 90.9738516148166, 108.93736084988541, 95.38748554517541, 103.89467472050744, 109.49279272404335, 90.51266887004893, 96.06687402816208, 103.16007692246004, 95.46151002478435, 103.81617754873231)"
2.7372573928197994,0.7519433782930227,"(2.476111937287569, 2.82176326422624, 2.877612656591905, 2.404762085837378, 3.2523947707374083, 2.1489012041217945, 1.8167012241100793, 3.850762455586132, 4.470606108774129, 1.5429343212347553, 2.6166643846723607, 2.6831721473394587, 2.677849457718406, 2.626768717555176, 1.8095610575065708, 3.858588637438572, 3.443441228993253, 2.0435864666337777, 3.0255208644024028, 2.2974448656286186)"
6.379237490954218,1.4058813148736593,"(4.194120688487668, 9.266359719127234, 8.462361337291638, 4.580363227714496, 5.931630179483807, 6.55855292215383, 5.514441021661732, 7.052480222546919, 5.782767571927079, 6.699524615900338, 5.186931513563335, 7.507664608112121, 5.620161351196542, 6.932933999451183, 6.796515512360092, 5.718517287458726, 5.257584004195835, 7.398437716680866, 4.509369234108988, 8.614033085661948)"
8.684306455444695,1.1278910809951554,"(9.201956743633504, 8.064486975310105, 6.873189300349624, 10.785278318585227, 8.29972392641524, 8.949041763106644, 9.216981164400316, 8.055586385144998, 7.354275123084962, 10.079874329656112, 7.829006004621246, 9.489368061460203, 10.83916149152951, 6.855932491366151, 7.815334816093507, 9.496418060001261, 8.739646759431364, 8.487869237827976, 9.06334199420697, 8.18965616266899)"
40.042302068401405,0.851101203770517,"(40.37096440132553, 39.69959042943639, 40.24700828094463, 39.82247551907116, 40.9419899068821, 39.145815078731, 41.174567330590165, 38.92525721489243, 40.507636081364964, 39.56713819418503, 39.59978912306949, 40.471914228700214, 40.23185329153408, 39.83546309043683, 41.98057893248291, 38.177324152882825, 40.758524997363786, 39.31832974018985, 40.29060515209548, 39.77921622184904)"
20.257679222136005,1.7442714977636598,"(20.391837316323294, 19.983924312491958, 17.346614703435232, 23.49730223410223, 17.235998486369436, 23.645257756282696, 19.863286383934057, 20.51893472012424, 22.29805310890026, 18.28415684046436, 19.755164414493223, 20.625305902419576, 18.6749627455488, 21.81570514688157, 19.633341846420986, 20.755903734072756, 19.112247050606975, 21.29999558772495, 21.07245741283487, 19.34313473928858)"
5.729491483389892,2.0951510966342863,"(7.258602780170328, 4.010064842065532, 6.7153249121260306, 4.297376756231145, 4.574280325771319, 6.37747512279566, 8.62106030037819, 3.38221116703912, 4.326616172508297, 6.656721714904006, 5.154133348526061, 5.679903450472889, 4.227508405760422, 6.9371960033629, 3.776308960072438, 7.707235296921057, 11.587902819777131, 2.5220182922069694, 5.294697606837093, 5.483191389871244)"
10.080298154814992,1.6364869521063938,"(9.437057210061017, 10.498635976808147, 10.23135912736396, 9.67026079856018, 9.792388180151404, 10.135021834918343, 7.794760813370527, 12.723729684909191, 12.016768597886713, 8.235937732960041, 8.357017480207874, 11.876717958393366, 9.934531040490754, 9.994615953711063, 9.877672990848012, 10.032796336420095, 13.543325267987196, 7.303946204647447, 8.544083934812878, 11.605335971791625)"
14.43455235619897,2.2310280926755532,"(15.784778651516545, 12.90289409689456, 11.423969035101452, 17.832229839113367, 18.35832765006113, 11.107269645949263, 14.117590136926875, 14.43939759338043, 18.943234754098043, 10.762958575859765, 12.576801705732377, 16.201980523420225, 14.375047290792923, 14.173882521152235, 15.438390742765504, 13.194395891582602, 14.413497816819087, 14.082188597764185, 14.447381636979065, 14.114830418069786)"
18.9123465215427,2.3952389510674577,"(16.394010774176067, 21.489824129725793, 17.96068702371598, 19.630141615552102, 18.565310908024447, 18.985735602736042, 15.894725661323026, 22.17850493520409, 20.78042865583537, 16.981877102719615, 14.554737079552908, 24.197205714477395, 17.96683664729904, 19.594374771408322, 18.252122023191877, 19.302400475262104, 18.622339624129843, 18.848702313575625, 15.981665896495358, 22.065299476448892)"
21.167351230837415,2.489677527052475,"(18.09014530531863, 24.453229614224206, 23.041876958718916, 19.23901628441738, 23.499237776025048, 18.839399694046463, 21.060555830026683, 21.034904059574977, 23.460666973966507, 18.940806740723442, 21.609116866363507, 20.442883419839937, 16.295207852835713, 27.07675174845898, 20.236966961834757, 21.85779772182686, 20.060561363645995, 21.83649915628228, 22.976106664840753, 19.29529362377726)"
22.924431152413902,2.056907675646749,"(21.99363550863862, 23.729192273772274, 23.360774431122625, 22.42004696737101, 26.543548925837587, 19.677502683067594, 20.541912935257155, 25.46410537436264, 19.94136346067351, 26.36903697314833, 22.590143260719806, 23.039259425723298, 22.11339591774494, 23.48406486664103, 25.409996309172328, 20.534504431287843, 20.65230206347436, 24.859598927421953, 22.888639787575034, 22.875598525266312)"
39.12787150863292,7.936334878075433,"(42.12885357319119, 35.17849768591151, 40.373322166247696, 37.09214682528146, 39.43209251239975, 37.53703871292064, 41.596161578902404, 35.9222783004771, 59.85535887525736, 25.392178855768034, 45.912385840673636, 31.86144316526511, 26.752169381224636, 54.12510983843179, 35.576788693922246, 41.57920943924171, 41.15182449160396, 33.79700038672382, 38.08464934013765, 39.208920509076705)"
26.92427860506229,7.115307034989538,"(26.61248505327894, 25.514221332948964, 31.46682722933741, 21.68236325567825, 18.711204769937783, 36.30634954808093, 30.36156610204371, 22.431690134005013, 28.494281687478964, 24.076793727797092, 27.065966715908377, 24.97869836265647, 18.40381195482458, 36.61324703062116, 31.1813470211268, 21.76633560105002, 17.16269489750695, 38.66366330402733, 17.080496732682278, 39.91152764025488)"
41.99468774508967,5.248828592392506,"(45.331154250491466, 38.36856099646974, 50.55085401974885, 34.46964760145609, 46.496853800027786, 37.397257265922235, 43.34252902476225, 40.18922855483318, 33.973762136040484, 51.426592813151636, 40.368983859749065, 42.983064606942214, 39.51231420766004, 43.833021001192066, 35.032818797327764, 49.63015409287761, 46.6330243836731, 36.868559894396626, 40.817286277118754, 42.66808731795227)"
99.81239863692427,7.252566721143492,"(95.89295478946566, 103.37295813666051, 87.24793798602138, 113.61655085305676, 102.82171582728112, 96.40689790306213, 108.89217079852608, 91.03337830756554, 101.05413035400656, 98.09542956646987, 90.98720317387355, 108.94522384378268, 95.39349136996762, 103.91193113205738, 109.5107217743679, 90.51824342738526, 96.07758397547032, 103.16796328524049, 95.47025958501696, 103.83122664920745)"
2.7372573928197994,0.7519433782930227,"(2.476111937287569, 2.82176326422624, 2.877612656591905, 2.404762085837378, 3.2523947707374083, 2.1489012041217945, 1.8167012241100793, 3.850762455586132, 4.470606108774129, 1.5429343212347553, 2.6166643846723607, 2.6831721473394587, 2.677849457718406, 2.626768717555176, 1.8095610575065708, 3.858588637438572, 3.443441228993253, 2.0435864666337777, 3.0255208644024028, 2.2974448656286186)"
6.379237490954218,1.4058813148736593,"(4.194120688487668, 9.266359719127234, 8.462361337291638, 4.580363227714496, 5.931630179483807, 6.55855292215383, 5.514441021661732, 7.052480222546919, 5.782767571927079, 6.699524615900338, 5.186931513563335, 7.507664608112121, 5.620161351196542, 6.932933999451183, 6.796515512360092, 5.718517287458726, 5.257584004195835, 7.398437716680866, 4.509369234108988, 8.614033085661948)"
8.684306455444695,1.1278910809951554,"(9.201956743633504, 8.064486975310105, 6.873189300349624, 10.785278318585227, 8.29972392641524, 8.949041763106644, 9.216981164400316, 8.055586385144998, 7.354275123084962, 10.079874329656112, 7.829006004621246, 9.489368061460203, 10.83916149152951, 6.855932491366151, 7.815334816093507, 9.496418060001261, 8.739646759431364, 8.487869237827976, 9.06334199420697, 8.18965616266899)"
40.042302068401405,0.851101203770517,"(40.37096440132553, 39.69959042943639, 40.24700828094463, 39.82247551907116, 40.9419899068821, 39.145815078731, 41.174567330590165, 38.92525721489243, 40.507636081364964, 39.56713819418503, 39.59978912306949, 40.471914228700214, 40.23185329153408, 39.83546309043683, 41.98057893248291, 38.177324152882825, 40.758524997363786, 39.31832974018985, 40.29060515209548, 39.77921622184904)"
20.257679222136005,1.7442714977636598,"(20.391837316323294, 19.983924312491958, 17.346614703435232, 23.49730223410223, 17.235998486369436, 23.645257756282696, 19.863286383934057, 20.51893472012424, 22.29805310890026, 18.28415684046436, 19.755164414493223, 20.625305902419576, 18.6749627455488, 21.81570514688157, 19.633341846420986, 20.755903734072756, 19.112247050606975, 21.29999558772495, 21.07245741283487, 19.34313473928858)"
5.729491483389892,2.0951510966342863,"(7.258602780170328, 4.010064842065532, 6.7153249121260306, 4.297376756231145, 4.574280325771319, 6.37747512279566, 8.62106030037819, 3.38221116703912, 4.326616172508297, 6.656721714904006, 5.154133348526061, 5.679903450472889, 4.227508405760422, 6.9371960033629, 3.776308960072438, 7.707235296921057, 11.587902819777131, 2.5220182922069694, 5.294697606837093, 5.483191389871244)"
10.080298154814992,1.6364869521063938,"(9.437057210061017, 10.498635976808147, 10.23135912736396, 9.67026079856018, 9.792388180151404, 10.135021834918343, 7.794760813370527, 12.723729684909191, 12.016768597886713, 8.235937732960041, 8.357017480207874, 11.876717958393366, 9.934531040490754, 9.994615953711063, 9.877672990848012, 10.032796336420095, 13.543325267987196, 7.303946204647447, 8.544083934812878, 11.605335971791625)"
14.43455235619897,2.2310280926755532,"(15.784778651516545, 12.90289409689456, 11.423969035101452, 17.832229839113367, 18.35832765006113, 11.107269645949263, 14.117590136926875, 14.43939759338043, 18.943234754098043, 10.762958575859765, 12.576801705732377, 16.201980523420225, 14.375047290792923, 14.173882521152235, 15.438390742765504, 13.194395891582602, 14.413497816819087, 14.082188597764185, 14.447381636979065, 14.114830418069786)"
18.9123465215427,2.3952389510674577,"(16.394010774176067, 21.489824129725793, 17.96068702371598, 19.630141615552102, 18.565310908024447, 18.985735602736042, 15.894725661323026, 22.17850493520409, 20.78042865583537, 16.981877102719615, 14.554737079552908, 24.197205714477395, 17.96683664729904, 19.594374771408322, 18.252122023191877, 19.302400475262104, 18.622339624129843, 18.848702313575625, 15.981665896495358, 22.065299476448892)"
21.167351230837415,2.489677527052475,"(18.09014530531863, 24.453229614224206, 23.041876958718916, 19.23901628441738, 23.499237776025048, 18.839399694046463, 21.060555830026683, 21.034904059574977, 23.460666973966507, 18.940806740723442, 21.609116866363507, 20.442883419839937, 16.295207852835713, 27.07675174845898, 20.236966961834757, 21.85779772182686, 20.060561363645995, 21.83649915628228, 22.976106664840753, 19.29529362377726)"
22.924431152413902,2.056907675646749,"(21.99363550863862, 23.729192273772274, 23.360774431122625, 22.42004696737101, 26.543548925837587, 19.677502683067594, 20.541912935257155, 25.46410537436264, 19.94136346067351, 26.36903697314833, 22.590143260719806, 23.039259425723298, 22.11339591774494, 23.48406486664103, 25.409996309172328, 20.534504431287843, 20.65230206347436, 24.859598927421953, 22.888639787575034, 22.875598525266312)"
39.12787150863292,7.936334878075433,"(42.12885357319119, 35.17849768591151, 40.373322166247696, 37.09214682528146, 39.43209251239975, 37.53703871292064, 41.596161578902404, 35.9222783004771, 59.85535887525736, 25.392178855768034, 45.912385840673636, 31.86144316526511, 26.752169381224636, 54.12510983843179, 35.576788693922246, 41.57920943924171, 41.15182449160396, 33.79700038672382, 38.08464934013765, 39.208920509076705)"
26.92427860506229,7.115307034989538,"(26.61248505327894, 25.514221332948964, 31.46682722933741, 21.68236325567825, 18.711204769937783, 36.30634954808093, 30.36156610204371, 22.431690134005013, 28.494281687478964, 24.076793727797092, 27.065966715908377, 24.97869836265647, 18.40381195482458, 36.61324703062116, 31.1813470211268, 21.76633560105002, 17.16269489750695, 38.66366330402733, 17.080496732682278, 39.91152764025488)"
41.99468774508967,5.248828592392506,"(45.331154250491466, 38.36856099646974, 50.55085401974885, 34.46964760145609, 46.496853800027786, 37.397257265922235, 43.34252902476225, 40.18922855483318, 33.973762136040484, 51.426592813151636, 40.368983859749065, 42.983064606942214, 39.51231420766004, 43.833021001192066, 35.032818797327764, 49.63015409287761, 46.6330243836731, 36.868559894396626, 40.817286277118754, 42.66808731795227)"
99.81239863692427,7.252566721143492,"(95.89295478946566, 103.37295813666051, 87.24793798602138, 113.61655085305676, 102.82171582728112, 96.40689790306213, 108.89217079852608, 91.03337830756554, 101.05413035400656, 98.09542956646987, 90.98720317387355, 108.94522384378268, 95.39349136996762, 103.91193113205738, 109.5107217743679, 90.51824342738526, 96.07758397547032, 103.16796328524049, 95.47025958501696, 103.83122664920745)"
3.2365747703489647,0.9288420623743101,"(2.92438656330241, 3.324662085025551, 3.2315914842093107, 2.966796096103638, 3.69285776252125, 2.638244923904585, 2.0625633833804318, 4.701518682212434, 5.474517303656181, 1.7584046736581205, 2.9675536670938443, 3.295070719999372, 3.177529887761884, 3.0851020407176524, 2.1100498811638317, 4.590919580204718, 4.043588323719304, 2.398324279165723, 3.564386500993497, 2.7234275681855467)"
6.448718746643593,1.3997893522451936,"(4.2858823387068234, 9.287938901999995, 8.38888960403821, 4.714887562913993, 5.960940251278817, 6.68440679317104, 5.532791583787879, 7.186818482797925, 5.897486440051711, 6.718607166282347, 5.204111174811583, 7.6686745281234865, 5.705537086446559, 7.001714542081289, 6.910795492631151, 5.750243075621135, 5.311102966539287, 7.482502432524797, 4.5630070387323185, 8.71803747033149)"
8.585571649607406,1.1340560523233598,"(9.18345009276105, 7.899834683857533, 6.715039807322929, 10.762527016194024, 8.20325915003707, 8.849248949058465, 9.073108940633947, 7.991371787785105, 7.286584942055679, 9.928290540109641, 7.724480947677975, 9.40594094959875, 10.745446032577732, 6.764843434885143, 7.7580402089962295, 9.341384244187585, 8.648383719128908, 8.376460708047848, 8.955779282404729, 8.097957554827769)"
40.02243466611802,0.8502358404207675,"(40.34970909515166, 39.68155736833561, 40.236435782469904, 39.793209673811546, 40.922143022285304, 39.12611624704967, 41.15953773336297, 38.90133979167265, 40.4836625366355, 39.54938432241157, 39.58251752713927, 40.44974019663464, 40.2111887971, 39.81588360492023, 41.95522931878727, 38.162820483131576, 40.73846008683042, 39.29964116209702, 40.27073895405503, 39.75937761847863)"
20.050621287984935,1.713571771079431,"(20.198564552124278, 19.769839880225284, 17.197328386032126, 23.21709864246965, 17.075739560593735, 23.384668530447662, 19.677452200300383, 20.295628975738648, 22.0328270910813, 18.119193797989205, 19.575455055046138, 20.396578027156867, 18.47914525403815, 21.600547463879586, 19.434854568610046, 20.54482456218521, 18.91963999328698, 21.08926129182337, 20.86609355930844, 19.137684367361565)"
6.660786914297525,2.3812591171457034,"(8.451800196941885, 4.687691135409992, 7.484698277018778, 5.2342477255822955, 5.254576433409621, 7.552751721920125, 9.863456911199206, 4.00907125648544, 5.159721425574087, 7.6164147033927305, 5.882422052719575, 6.765374421879814, 4.926912665575372, 8.0915101919765, 4.478210571948348, 8.820552325130743, 13.406327917041196, 2.946486099645238, 6.178495430587373, 6.405016822512164)"
10.036192073485468,1.6307923526124317,"(9.490585684408014, 10.35881507670004, 10.02889610327374, 9.765099782422931, 9.8180172179318, 10.019887362881473, 7.738282539578781, 12.698501129582365, 11.966859852213458, 8.191340374239141, 8.343611645930714, 11.799891089485232, 9.905653031850584, 9.942577024444534, 9.964225889083565, 9.855456266335128, 13.515910321276689, 7.259438278169307, 8.505634954045847, 11.555157845855977)"
13.860775279150838,2.163578518207482,"(15.309386095333942, 12.272087616039967, 10.926573617021551, 17.155716560117536, 17.755503318767964, 10.585268572797656, 13.54162488369554, 13.87431669183919, 18.09390732914292, 10.36238621833311, 12.137114178138717, 15.488402322302044, 13.807479838767344, 13.60979067171323, 14.92377966815644, 12.579227377761127, 13.869613250454398, 13.507868915685037, 13.88653532554905, 13.528923131399932)"
18.245905836203942,2.2683725580735974,"(15.884818106513835, 20.667252435410507, 17.411540787102684, 18.840445255827415, 17.983141723446842, 18.255548678379757, 15.370144364795395, 21.366616687177178, 19.923527365550868, 16.458850409543995, 14.104344694022874, 23.26993947493391, 17.32352758426691, 18.9284941276884, 17.63078073254448, 18.61273590780391, 17.982989757931843, 18.201870305644174, 15.446005836312926, 21.255542489180975)"
19.299205165508525,2.295065325712845,"(16.606132432151817, 22.172792730592892, 21.400095975305874, 17.178195842815942, 21.52771405733717, 17.099545263338378, 19.327402589983432, 19.07277121062704, 21.00753966834093, 17.47479631488578, 19.87765420618149, 18.501053143106425, 14.821791494850869, 24.738467747568702, 18.374252676235265, 20.017874879229034, 18.307768163215357, 19.936842149912216, 21.02929520443033, 17.51211756006156)"
19.843049705469102,1.8563259201896662,"(19.181741811531463, 20.422356097305446, 20.937924059249468, 18.665427525324585, 23.084853033689583, 16.960198793866756, 17.98178606760522, 21.829430246517695, 16.75584991565838, 23.26493743395123, 19.82009982901137, 19.719044756160205, 19.06789022087494, 20.390378749315982, 21.723963331389157, 18.001691252563518, 17.895843696573902, 21.566254461343057, 19.92592819105893, 19.6653946363913)"
29.279603841324043,6.112608611044957,"(30.63957536732624, 27.18789453179028, 35.47204981800307, 23.457531289700352, 29.53059459716017, 28.051876982255248, 33.5130186513239, 25.090828980199632, 41.21079487125701, 19.915926183374868, 35.81527971981036, 22.915131778571613, 19.653881942739275, 40.754254269812044, 24.673410747843274, 33.619372865080976, 30.81322813432459, 25.534771127827447, 28.677893846169663, 29.064761121910763)"
21.894162468537996,5.8337129413186295,"(21.709281934112735, 20.70697095315511, 26.66173943021514, 16.830482968788402, 15.432658780803159, 29.101642174305095, 25.136118656728186, 17.928174168361025, 22.38733105192594, 19.978522571243776, 22.489899396007587, 19.924492758249247, 14.863647935429427, 29.958197396385653, 25.03811673656506, 17.92365806647736, 13.958265753457322, 31.6678782128013, 13.94903803332613, 32.237132392422225)"
40.08237966198869,5.352931151386903,"(43.05029332819656, 36.779317906350045, 49.610250729285745, 31.910250215323455, 44.365312489075826, 35.64857556960127, 41.98849415753528, 37.773045671632936, 32.01527033026085, 49.321861073821395, 38.760169404837924, 40.73464251603744, 37.59324357043582, 41.809974841268165, 32.95148738032612, 48.01641052226943, 44.48473333201529, 35.23167958321344, 38.933666915967805, 40.66891370231895)"
99.78890485406822,7.2482940381737535,"(95.868338086262, 103.35178764132387, 87.23848542932637, 113.57536493197992, 102.80013163545466, 96.38226447018305, 108.87525815452811, 91.00543777328699, 101.0263953396005, 98.07363922668495, 90.9699274671891, 108.9154806277264, 95.37029772673681, 103.88791999946768, 109.4785284711658, 90.50293368169608, 96.05569490942811, 103.14524424215608, 95.44723548151069, 103.80773178565696)"
3.2469439365457293,0.9318618965760858,"(2.9341199941495613, 3.334974954626393, 3.2420201923966996, 2.9760896427774073, 3.704263080925636, 2.6469503420586675, 2.0690320839017007, 4.717036211841476, 5.491573615361784, 1.7641962136019536, 2.976897308406677, 3.305826852106797, 3.188041234683447, 3.094620286624899, 2.116471732816636, 4.606329068205623, 4.056762811117374, 2.4057807058523792, 3.5756496988782964, 2.7322427005811742)"
6.457098645760098,1.40152654537694,"(4.2918640528495065, 9.299324956284572, 8.399752719423796, 4.720921498293031, 5.968249310756359, 6.693605322655873, 5.539794313169669, 7.196558871168422, 5.904964074930779, 6.727540526124813, 5.210698137547563, 7.679030304747174, 5.713288546352454, 7.010447832277371, 6.91931253248692, 5.758129822336143, 5.318143559569183, 7.491974094457518, 4.5689049971739255, 8.729467442596883)"
8.591062804656191,1.134897591993801,"(9.189770196040348, 7.904572612412475, 6.719276851760459, 10.769271500672108, 8.20808365699692, 8.855323430782695, 9.0787721909366, 7.996662893405922, 7.291063745548413, 9.934786177592889, 7.729253428791656, 9.412193747438916, 10.752581267796735, 6.768968668001335, 7.7627741320338375, 9.347612961381204, 8.653969551432935, 8.3817028258822, 8.961499747723568, 8.103116506492603)"
40.02214182156632,0.8502199369919012,"(40.34945937280684, 39.681239505469776, 40.23618689596802, 39.79285741905327, 40.92181771699337, 39.125870397530555, 41.1592390188656, 38.90106222140332, 40.48335520387335, 39.549064963625995, 39.582221375809446, 40.4494613189428, 40.210886744779884, 39.81558545743029, 41.95487768300637, 38.16258926441636, 40.738167452829266, 39.29934771952546, 40.27046900763976, 39.75907769135641)"
20.04946500119847,1.7134883047342546,"(20.19757209226977, 19.768576300227263, 17.196098226435144, 23.215982993097324, 17.075003260709856, 23.383010733719676, 19.676352455964395, 20.294414588966426, 22.031727572041845, 18.117866258381902, 19.574431590783117, 20.395317438460523, 18.478021191316856, 21.599329171284065, 19.433924338148543, 20.543457507448966, 18.918544463919066, 21.088180428519596, 20.864881491764574, 19.136607920510446)"
6.682409745828228,2.3890638914460562,"(8.477753281919789, 4.703783058853484, 7.510081665693963, 5.250615811534917, 5.271731152464112, 7.576851721921177, 9.895984856391449, 4.021988707995368, 5.1757341050875185, 7.642518921171438, 5.9018121275809285, 6.786744358101588, 4.942747850124508, 8.11745725296361, 4.492662379078941, 8.849406439097208, 13.450073473274932, 2.9559418901949788, 6.198378521578176, 6.425927341536498)"
10.046285275811218,1.6322646843899462,"(9.499441667238651, 10.370127968929285, 10.039227867571395, 9.774827978762952, 9.827970827480074, 10.029813798668565, 7.746442433834762, 12.71084953940125, 11.978406238746793, 8.200034149903361, 8.352229385199403, 11.811357565909589, 9.915320679613554, 9.952648607110499, 9.974770978933229, 9.864967796186061, 13.529384213869388, 7.266904560536694, 8.514259605002056, 11.566719653326826)"
13.865663928580322,2.164496471571838,"(15.314700041021844, 12.276578652981941, 10.930066064421455, 17.162153882286297, 17.762156169768648, 10.588699293847974, 13.546902814673874, 13.878720645215186, 18.10040291112891, 10.365803084165007, 12.141513586722361, 15.493633100224628, 13.812081908284126, 13.614576925383197, 14.92973400644723, 12.583116505903314, 13.874371276759389, 13.512977722669827, 13.89141192553943, 13.533678054161784)"
18.243531922527378,2.2680231455808464,"(15.88324911245342, 20.66413816715801, 17.408528832968468, 18.838540716135558, 17.981570879842803, 18.25248668186176, 15.368344489332937, 21.36359506604078, 19.921452613449937, 16.455856887072198, 14.102714803736308, 23.266694526415083, 17.321116869861644, 18.926055695690156, 17.629045696260178, 18.609821964867496, 17.980636801557736, 18.19991098750238, 15.443984600879539, 21.252893057461186)"
19.29113649395061,2.2940694188914623,"(16.601050872922976, 22.161809668921045, 21.390045957262444, 17.17110718592131, 21.52008760075465, 17.091693506244102, 19.31951930826764, 19.06479552475044, 20.999546039288038, 17.465291234665223, 19.869803413375227, 18.49324839781025, 14.815326252618537, 24.727924870788623, 18.36688495382027, 20.009458029096397, 18.300223133258356, 19.9292018763095, 21.020836932853133, 17.50487512008409)"
19.82755275260377,1.8543204325660019,"(19.17066480026434, 20.40369609320903, 20.92198572770663, 18.64909527202244, 23.06735406238341, 16.947442560570877, 17.967834854921666, 21.81298397985268, 16.743016457228364, 23.242836339952976, 19.80487220445918, 19.704210107361735, 19.052603992202993, 20.373901661721604, 21.70573244599205, 17.989259886785227, 17.882226346740403, 21.54996565156456, 19.911428926040564, 19.649943681094562)"
29.106596195125327,6.077889832583422,"(30.476675449948438, 27.016170624717248, 35.2571876790649, 23.31399272857356, 29.367690666907265, 27.880529124577997, 33.29975336673112, 24.954298976813718, 40.95753522932278, 19.78902950373463, 35.616279618549235, 22.77495327089708, 19.5316897263083, 40.520262124690746, 24.526814652991376, 33.423360449872284, 30.632999769185567, 25.38690613475648, 28.51757955749606, 28.888215247367615)"
21.862259641927672,5.824821915546936,"(21.68274573180952, 20.673220302534602, 26.615112190160882, 16.809334929097723, 15.415022045167174, 29.051646801529202, 25.098297902646262, 17.9029474078566, 22.357802075188978, 19.943353126002695, 22.46017795562106, 19.893834792403318, 14.841308971864986, 29.91576037972231, 25.005949223853, 17.894970736475095, 13.938158984407714, 31.625590990386737, 13.928859976190788, 32.19109831563474)"
40.04699076851605,5.349574348016369,"(43.017881046814175, 36.74357530305392, 49.57185540916532, 31.876634779944176, 44.32345625643713, 35.62061197458581, 41.95104474512681, 37.74063985325851, 31.98577738116898, 49.273442754493686, 38.725436424559454, 40.70009115998372, 37.558783649712694, 41.772311513399025, 32.918557963672306, 47.98018880357598, 44.445926393629165, 35.199980859199634, 38.901956408964324, 40.63166268957617)"
99.78849953816061,7.2482280771194505,"(95.86802892604447, 103.35131381829018, 87.23819544900654, 113.5747927968265, 102.79966216630993, 96.38195112590205, 108.87480603580082, 91.00509431074424, 101.02596121954024, 98.0732055961278, 90.96954592120781, 108.91507787285812, 95.36990694781426, 103.88748772471162, 109.4779996616947, 90.50264932631956, 96.05531563155786, 103.14481228841642, 95.4468894643056, 103.80729447973341)"
3.880819945448092,1.1007836560168514,"(3.3434711406585604, 4.189433081371402, 3.9684520106681505, 3.4804320155970188, 4.275798557222028, 3.2703563404579925, 2.5230509149443265, 5.560350433448677, 6.408619410678121, 2.166093002916507, 3.5500243146806603, 3.960557742854727, 3.781428896466601, 3.7111354130073084, 2.5230343849695935, 5.535351898205991, 5.082834407337283, 2.7446610595826444, 4.2461674133816505, 3.2951464705126)"
6.979511585488961,1.5546490352303035,"(4.538398159558415, 10.261329129061437, 9.163578747128849, 5.03386061637581, 6.269493875100143, 7.419083431013764, 6.039566640106035, 7.71943599929566, 6.289003458816066, 7.357158688830663, 5.597335173428689, 8.340505004218292, 6.156272262222759, 7.570753246116137, 7.438422213922839, 6.248311203498031, 5.917860940332473, 7.8453525120497964, 4.9134003431824125, 9.471110065520945)"
8.87175620397989,1.1763159203503715,"(9.375859198807829, 8.266369542101218, 6.97688532346611, 11.04002545322207, 8.324257208355126, 9.303175638795478, 9.43542386397364, 8.220376970125448, 7.465888447266109, 10.335832767476006, 7.95393843474119, 9.759344044798626, 11.087816393568694, 6.992361540838446, 8.00224206437573, 9.672888158847083, 9.103085804571055, 8.495991140222912, 9.23429114772594, 8.389070936319097)"
40.003781945720945,0.8493828086690729,"(40.340214175294385, 39.6543449173318, 40.21572876939353, 39.775305580091256, 40.90902082749727, 39.10241753483484, 41.13722201241072, 38.88667476739342, 40.466917799580884, 39.52645113108364, 39.5675553081098, 40.42845550691611, 40.19295873328514, 39.79659670803815, 41.933935503681006, 38.147084639831796, 40.71171184071421, 39.28986069172354, 40.256555015572324, 39.73662745163501)"
19.973782949792017,1.707651178493162,"(20.153131846344138, 19.664274064530478, 17.12029828948488, 23.13363981242319, 17.022156321430856, 23.27815843984531, 19.60303978646007, 20.21889915376532, 21.95951363040953, 18.031824805029977, 19.504580282953942, 20.319100195704085, 18.411892586628955, 21.514036212793144, 19.361427861109092, 20.46628919489758, 18.84699166393784, 21.015696065596916, 20.78522038690215, 19.0654883955929)"
7.6130547167096125,2.7937757674876025,"(9.277896348930792, 5.550085873607496, 8.684021519102638, 5.879750730237457, 5.896891367389772, 8.722898424165388, 11.421770916282512, 4.512814242831752, 5.784995380065542, 8.84996976159583, 6.720826113256042, 7.67838782666181, 5.564342421589281, 9.260484406439412, 5.122507970563273, 10.034655239988506, 15.671490684030283, 3.2768187392683346, 7.01738600141206, 7.333100366774094)"
10.368052491872213,1.6943772732367741,"(9.682558738123712, 10.834516115712457, 10.400050749122823, 10.049916257520396, 10.066230441645162, 10.416435168404915, 8.046733206251877, 13.043170833367084, 12.293628637220703, 8.510229227918256, 8.620386449065965, 12.180428113482257, 10.195633970732585, 10.289858321803885, 10.326617070378942, 10.151074295629073, 14.094391280498067, 7.432950038541052, 8.776312078123823, 11.94992884390118)"
13.954114467103825,2.160902210269143,"(15.363077977554738, 12.40255018647012, 11.00262031401756, 17.252880314547003, 17.79254360028352, 10.702891855994253, 13.703901649653544, 13.912160077368592, 18.187089569222604, 10.441764752651427, 12.212171781254606, 15.614455980381067, 13.885348886796306, 13.713291568149442, 15.06286313698119, 12.640352638804428, 14.073507948706206, 13.513475808475118, 13.958120038216027, 13.647221256548788)"
18.008267146049374,2.235177830924293,"(15.74888697551622, 20.314240618657873, 17.152994449390164, 18.60060891383149, 17.76164148116439, 18.002754492576916, 15.190960116195876, 21.071878426750864, 19.688849926861682, 16.19679573609203, 13.92239137750138, 22.987012938325556, 17.107955329134295, 18.672645897947557, 17.409008750353234, 18.36815788716303, 17.788606672108976, 17.948305185313373, 15.232053295251044, 20.999594450851486)"
18.591600910249543,2.1688717727576035,"(16.26910159309851, 21.03612696167149, 20.494680083008205, 16.56703418119002, 20.807469928263735, 16.42201430095185, 18.653364466648867, 18.37753271709224, 20.32241520629794, 16.67780225351853, 19.164698434697602, 17.87368948134438, 14.319299336785292, 23.787728456246647, 17.699350021447295, 19.309392735277306, 17.73389263713581, 19.179422181385732, 20.222420164830687, 16.914583064098714)"
18.58924090276896,1.6665572076424722,"(18.597275511132413, 18.54449051293923, 19.49165378319639, 17.430371526561714, 21.679642325379973, 15.860019710919735, 16.87501342413309, 20.50173490470716, 15.785239469594842, 21.445105867892874, 18.569607911625436, 18.602045675938662, 17.974985949092634, 19.009261782662378, 20.23964777808861, 16.99531610794528, 16.923841080874062, 20.13652280201291, 18.63128560175275, 18.49175632892911)"
20.439897748003723,4.391251535294421,"(23.725900090705107, 17.092944655470525, 22.66121238581957, 17.277812477034725, 22.13124788178418, 18.188639607530394, 22.3926107253165, 18.253314053751318, 29.427444950960354, 13.156259130016531, 25.792624334447655, 15.770956721018317, 13.8906679104764, 28.46896745501608, 17.59912737364227, 22.90770271906766, 21.677897083582923, 18.1506066888155, 19.848692587852653, 20.383326127765688)"
20.24727997113183,5.362117133982246,"(20.783913120663918, 18.541563275822227, 24.251446533826883, 15.696561625127739, 14.509728946238111, 26.489292931264725, 23.195979586530978, 16.65972893431522, 20.929633651786286, 18.11201003718394, 20.9197904468006, 18.43935334431181, 13.818694822707583, 27.63441350701857, 23.20976073458699, 16.56970345813651, 12.928092200485837, 29.489380365949376, 12.886357826566165, 29.880194073313056)"
37.857179273851195,5.04540803067538,"(41.919200527343584, 33.74743269282364, 46.664423003283126, 30.134728613094918, 42.62894191174242, 33.122174914367605, 39.288664973910976, 36.08138227727769, 30.426805399838795, 45.917742312636285, 36.996445011337855, 38.208577106029004, 35.5728638435061, 39.3723739686532, 30.902822010432253, 45.74920431333567, 40.99494138591361, 34.20441314631417, 37.32545290720297, 37.88499515798003)"
99.76554384172209,7.245033178523101,"(95.8581595457576, 103.31528667061237, 87.21624155670173, 113.54939213152575, 102.78448842453949, 96.35233810882082, 108.84465739221302, 90.98937703274491, 101.0052472622154, 98.04482730177281, 90.95410668192271, 108.88537362632175, 95.34824733494791, 103.86288738326066, 109.4499466517869, 90.4850929754516, 96.02089635755682, 103.13595207408397, 95.43304664385417, 103.77531167835133)"
3.2469439365457293,0.9318618965760858,"(2.9341199941495613, 3.334974954626393, 3.2420201923966996, 2.9760896427774073, 3.704263080925636, 2.6469503420586675, 2.0690320839017007, 4.717036211841476, 5.491573615361784, 1.7641962136019536, 2.976897308406677, 3.305826852106797, 3.188041234683447, 3.094620286624899, 2.116471732816636, 4.606329068205623, 4.056762811117374, 2.4057807058523792, 3.5756496988782964, 2.7322427005811742)"
6.457098645760098,1.40152654537694,"(4.2918640528495065, 9.299324956284572, 8.399752719423796, 4.720921498293031, 5.968249310756359, 6.693605322655873, 5.539794313169669, 7.196558871168422, 5.904964074930779, 6.727540526124813, 5.210698137547563, 7.679030304747174, 5.713288546352454, 7.010447832277371, 6.91931253248692, 5.758129822336143, 5.318143559569183, 7.491974094457518, 4.5689049971739255, 8.729467442596883)"
8.591062804656191,1.134897591993801,"(9.189770196040348, 7.904572612412475, 6.719276851760459, 10.769271500672108, 8.20808365699692, 8.855323430782695, 9.0787721909366, 7.996662893405922, 7.291063745548413, 9.934786177592889, 7.729253428791656, 9.412193747438916, 10.752581267796735, 6.768968668001335, 7.7627741320338375, 9.347612961381204, 8.653969551432935, 8.3817028258822, 8.961499747723568, 8.103116506492603)"
40.02214182156632,0.8502199369919012,"(40.34945937280684, 39.681239505469776, 40.23618689596802, 39.79285741905327, 40.92181771699337, 39.125870397530555, 41.1592390188656, 38.90106222140332, 40.48335520387335, 39.549064963625995, 39.582221375809446, 40.4494613189428, 40.210886744779884, 39.81558545743029, 41.95487768300637, 38.16258926441636, 40.738167452829266, 39.29934771952546, 40.27046900763976, 39.75907769135641)"
20.04946500119847,1.7134883047342546,"(20.19757209226977, 19.768576300227263, 17.196098226435144, 23.215982993097324, 17.075003260709856, 23.383010733719676, 19.676352455964395, 20.294414588966426, 22.031727572041845, 18.117866258381902, 19.574431590783117, 20.395317438460523, 18.478021191316856, 21.599329171284065, 19.433924338148543, 20.543457507448966, 18.918544463919066, 21.088180428519596, 20.864881491764574, 19.136607920510446)"
6.682409745828228,2.3890638914460562,"(8.477753281919789, 4.703783058853484, 7.510081665693963, 5.250615811534917, 5.271731152464112, 7.576851721921177, 9.895984856391449, 4.021988707995368, 5.1757341050875185, 7.642518921171438, 5.9018121275809285, 6.786744358101588, 4.942747850124508, 8.11745725296361, 4.492662379078941, 8.849406439097208, 13.450073473274932, 2.9559418901949788, 6.198378521578176, 6.425927341536498)"
10.046285275811218,1.6322646843899462,"(9.499441667238651, 10.370127968929285, 10.039227867571395, 9.774827978762952, 9.827970827480074, 10.029813798668565, 7.746442433834762, 12.71084953940125, 11.978406238746793, 8.200034149903361, 8.352229385199403, 11.811357565909589, 9.915320679613554, 9.952648607110499, 9.974770978933229, 9.864967796186061, 13.529384213869388, 7.266904560536694, 8.514259605002056, 11.566719653326826)"
13.865663928580322,2.164496471571838,"(15.314700041021844, 12.276578652981941, 10.930066064421455, 17.162153882286297, 17.762156169768648, 10.588699293847974, 13.546902814673874, 13.878720645215186, 18.10040291112891, 10.365803084165007, 12.141513586722361, 15.493633100224628, 13.812081908284126, 13.614576925383197, 14.92973400644723, 12.583116505903314, 13.874371276759389, 13.512977722669827, 13.89141192553943, 13.533678054161784)"
18.243531922527378,2.2680231455808464,"(15.88324911245342, 20.66413816715801, 17.408528832968468, 18.838540716135558, 17.981570879842803, 18.25248668186176, 15.368344489332937, 21.36359506604078, 19.921452613449937, 16.455856887072198, 14.102714803736308, 23.266694526415083, 17.321116869861644, 18.926055695690156, 17.629045696260178, 18.609821964867496, 17.980636801557736, 18.19991098750238, 15.443984600879539, 21.252893057461186)"
19.29113649395061,2.2940694188914623,"(16.601050872922976, 22.161809668921045, 21.390045957262444, 17.17110718592131, 21.52008760075465, 17.091693506244102, 19.31951930826764, 19.06479552475044, 20.999546039288038, 17.465291234665223, 19.869803413375227, 18.49324839781025, 14.815326252618537, 24.727924870788623, 18.36688495382027, 20.009458029096397, 18.300223133258356, 19.9292018763095, 21.020836932853133, 17.50487512008409)"
19.82755275260377,1.8543204325660019,"(19.17066480026434, 20.40369609320903, 20.92198572770663, 18.64909527202244, 23.06735406238341, 16.947442560570877, 17.967834854921666, 21.81298397985268, 16.743016457228364, 23.242836339952976, 19.80487220445918, 19.704210107361735, 19.052603992202993, 20.373901661721604, 21.70573244599205, 17.989259886785227, 17.882226346740403, 21.54996565156456, 19.911428926040564, 19.649943681094562)"
29.106596195125327,6.077889832583422,"(30.476675449948438, 27.016170624717248, 35.2571876790649, 23.31399272857356, 29.367690666907265, 27.880529124577997, 33.29975336673112, 24.954298976813718, 40.95753522932278, 19.78902950373463, 35.616279618549235, 22.77495327089708, 19.5316897263083, 40.520262124690746, 24.526814652991376, 33.423360449872284, 30.632999769185567, 25.38690613475648, 28.51757955749606, 28.888215247367615)"
21.862259641927672,5.824821915546936,"(21.68274573180952, 20.673220302534602, 26.615112190160882, 16.809334929097723, 15.415022045167174, 29.051646801529202, 25.098297902646262, 17.9029474078566, 22.357802075188978, 19.943353126002695, 22.46017795562106, 19.893834792403318, 14.841308971864986, 29.91576037972231, 25.005949223853, 17.894970736475095, 13.938158984407714, 31.625590990386737, 13.928859976190788, 32.19109831563474)"
40.04699076851605,5.349574348016369,"(43.017881046814175, 36.74357530305392, 49.57185540916532, 31.876634779944176, 44.32345625643713, 35.62061197458581, 41.95104474512681, 37.74063985325851, 31.98577738116898, 49.273442754493686, 38.725436424559454, 40.70009115998372, 37.558783649712694, 41.772311513399025, 32.918557963672306, 47.98018880357598, 44.445926393629165, 35.199980859199634, 38.901956408964324, 40.63166268957617)"
99.78849953816061,7.2482280771194505,"(95.86802892604447, 103.35131381829018, 87.23819544900654, 113.5747927968265, 102.79966216630993, 96.38195112590205, 108.87480603580082, 91.00509431074424, 101.02596121954024, 98.0732055961278, 90.96954592120781, 108.91507787285812, 95.36990694781426, 103.88748772471162, 109.4779996616947, 90.50264932631956, 96.05531563155786, 103.14481228841642, 95.4468894643056, 103.80729447973341)"
3.2702669241297304,0.931631022008027,"(2.8959922081925256, 3.428855012603001, 3.314108200912749, 2.9827074698820613, 3.7266673428869512, 2.6665565920586407, 2.0900178757455614, 4.75068205191648, 5.488639429227956, 1.8019430336477662, 3.0081060662698236, 3.306789174986535, 3.1881921301219736, 3.1182385277992797, 2.1338649159294047, 4.646403630000274, 4.074435469262614, 2.4266565947160843, 3.5941951228996896, 2.7622876335352315)"
6.4969085310465395,1.4290199070089578,"(4.272137587931823, 9.44345404624658, 8.500693578666649, 4.736045343831026, 5.998307423557828, 6.728175001518539, 5.580755150636483, 7.229113225780332, 5.915593926755905, 6.806900378578666, 5.247260657446301, 7.694209622310223, 5.722874757964475, 7.052270362950766, 6.9660694562978085, 5.787244898781621, 5.338713664127338, 7.539726737089183, 4.590336740178753, 8.788288060280479)"
8.622570633246406,1.1325159014551642,"(9.169620262349735, 7.980085806878813, 6.766948481459386, 10.798611200779048, 8.230492290456459, 8.89271928273315, 9.126042014659486, 8.018525484136038, 7.302553629550213, 10.007285994850937, 7.762789455215401, 9.43049633097421, 10.76636860043163, 6.797522371297097, 7.802168429122042, 9.374003905258443, 8.675316904530257, 8.420213620261498, 8.993208269415655, 8.136440330568636)"
40.0196151054715,0.8502822102798208,"(40.34910203589769, 39.6765070024166, 40.2321831924216, 39.79078137532479, 40.92037813986855, 39.12268666063671, 41.15583918319732, 38.89912034732489, 40.48168395816576, 39.54510798096878, 39.57958024744999, 40.44771934736419, 40.209311726714006, 39.81332656055052, 41.951583460480144, 38.16040415858131, 40.73601646098617, 39.29653397271843, 40.26810058353624, 39.75633571482631)"
20.045033691232298,1.714814238853597,"(20.20170098961156, 19.755266975194726, 17.185346911728733, 23.216508117758075, 17.07346496411237, 23.37563638721045, 19.67484236973614, 20.28579725522798, 22.036042550360445, 18.10437656226729, 19.566448020005737, 20.39628921938457, 18.477460230998012, 21.593980479535627, 19.429351727783512, 20.53778589034672, 18.915281822266888, 21.083205341720376, 20.858618895897735, 19.133269113499026)"
6.685942110447718,2.3850037397125687,"(8.355739171195989, 4.776506271725358, 7.594797297469965, 5.233742435740997, 5.258565761983364, 7.594880920957656, 9.921322028843889, 4.022850184642654, 5.146647292054891, 7.725912821398054, 5.9125059549248205, 6.759957566995647, 4.9177038202415515, 8.121675399456414, 4.497809538722639, 8.860832451389827, 13.419786572467682, 2.9607654728695203, 6.1923939575958515, 6.444447288277568)"
10.075840915509618,1.630777868746348,"(9.479635617348311, 10.453416436364337, 10.098278229618634, 9.797088636668697, 9.838726167949343, 10.074693956468058, 7.782124166653164, 12.734815280447306, 11.992269810783045, 8.249972349526992, 8.377301547857966, 11.834503603612326, 9.923060654368376, 9.986517306433672, 10.01700551932699, 9.886504189096394, 13.551662513957517, 7.2954497957020745, 8.539160456889553, 11.60463207111954)"
13.861345012830888,2.161215046479916,"(15.284175233794507, 12.293313778206342, 10.930625369195159, 17.165100952012082, 17.735912380740146, 10.596393657933838, 13.568373970820703, 13.850792149837122, 18.100323632126646, 10.364087441478661, 12.128347856552823, 15.495589556322502, 13.796295902524339, 13.613162671049936, 14.94006735053188, 12.56864668468925, 13.860298089834346, 13.517883471985499, 13.884953310914492, 13.532556796067466)"
18.292081229810236,2.2763195564976404,"(15.94245410542109, 20.695512136291683, 17.43215831069976, 18.906941627856373, 18.033023199270193, 18.29889770334753, 15.423529826351084, 21.39742216674908, 20.00431789435804, 16.471051998134275, 14.129194990454089, 23.351238236942137, 17.375184247959545, 18.974991905468926, 17.679780083121543, 18.652129435206934, 18.02895028658596, 18.25033608984407, 15.48006159464215, 21.314448757500255)"
19.533565225607667,2.3082803031830346,"(16.88716898478561, 22.340928319963716, 21.608447684737396, 17.404929156984007, 21.78839918678935, 17.322178853962292, 19.61231101789962, 19.253415008082204, 21.35388341942864, 17.594533625752984, 20.06531545533215, 18.79876193955588, 15.035700858934288, 25.027792162814396, 18.57499045069132, 20.278585211402913, 18.54300286216816, 20.170475512657166, 21.277116851586186, 17.73336794862502)"
19.789863116071942,1.7990441793959169,"(19.29751596290074, 20.19897803283578, 20.761356834688964, 18.678815557087994, 23.059206249674908, 16.9145565688266, 17.993435416189808, 21.694192395585628, 16.840984993539823, 22.98813646730997, 19.6935116073623, 19.785978507882817, 19.09462314501457, 20.326835443554387, 21.641048672092978, 17.96462056440613, 17.872434113353698, 21.500795004454783, 19.856835410616082, 19.63340137406095)"
30.015197913111145,6.36435827852524,"(32.69384556100641, 26.720345292740294, 35.290779626061095, 24.327574936242385, 30.84915592057422, 28.365571451875258, 34.073766276809046, 25.790549468425077, 43.18018763658122, 19.73987198050067, 36.51165535385036, 23.855179576427794, 20.49945940795641, 41.837657870404605, 25.071624324495726, 34.522249401571344, 31.810862810911075, 26.036908730580926, 29.38059031296296, 29.746122322246155)"
22.01023617964849,5.8490437947758975,"(22.057813963082637, 20.601466972339882, 26.594458592899233, 16.994700479788076, 15.572765172383505, 29.19874181252991, 25.334915305902342, 17.966193177417576, 22.709597667114004, 19.862787246799037, 22.535209713523525, 20.15343466594603, 15.016718116469926, 30.110899240561167, 25.1444246245641, 18.021627915459014, 14.058008076937224, 31.820553965132795, 14.010669715752263, 32.439737168367586)"
40.34684668002211,5.3618035080280055,"(43.626624952916195, 36.77022811203605, 49.67617489454135, 32.19283612767258, 44.84896313160106, 35.77794761268556, 42.1566318535478, 38.093564980459135, 32.32085615651959, 49.415129984284576, 39.017587888791006, 41.09028232071805, 37.94874034635053, 42.130356562086895, 33.13191267647331, 48.337899917766386, 44.83668581992358, 35.44034820291162, 39.21019895323776, 40.91396310591902)"
99.78895580074787,7.248344255117677,"(95.870891925492, 103.34898850075527, 87.23641668776213, 113.57656854276792, 102.80235635217913, 96.380793278442, 108.87352167996173, 91.00661584459576, 101.02720697500322, 98.07212615157518, 90.97023313692716, 108.9162191267181, 95.37128689667777, 103.88875185474949, 109.4782004611179, 90.50278970886156, 96.05617309491238, 103.1450423667598, 95.44765444337791, 103.80727898632098)"
