n:se98it30 corrfield2 z2:216.0 z1:1260.0 data:pos,"[-2.09103388e-02 -2.14702724e-02 -2.20492036e-02 -2.27474064e-02
 -2.35890691e-02 -2.42955542e-02 -2.49272042e-02 -2.54940242e-02
 -2.61003975e-02 -2.66627101e-02 -2.71916382e-02 -2.77067111e-02
 -2.82235671e-02 -2.87323496e-02 -2.94020100e-02 -2.99043163e-02
 -3.03527021e-02 -3.07326024e-02 -3.11131446e-02 -3.13325260e-02
 -3.16777153e-02 -3.20376334e-02 -3.24295957e-02 -3.28074522e-02
 -3.31855712e-02 -3.35522636e-02 -3.38953153e-02 -3.42653138e-02
 -3.46404889e-02 -3.48951379e-02 -3.51018246e-02 -3.52226696e-02
 -3.53360964e-02 -3.55500292e-02 -3.59119997e-02 -3.62831439e-02
 -3.66744167e-02 -3.71646420e-02 -3.76297208e-02 -3.81462781e-02
 -3.86594463e-02 -3.91385991e-02 -3.94894376e-02 -3.98181512e-02
 -4.01205827e-02 -4.03660465e-02 -4.07477457e-02 -4.11158504e-02
 -4.14493473e-02 -4.16710866e-02 -4.18506765e-02 -4.19852503e-02
 -4.20697984e-02 -4.22155957e-02 -4.25232472e-02 -4.28719580e-02
 -4.31540139e-02 -4.35532600e-02 -4.41891957e-02 -4.47728703e-02
 -4.50370119e-02 -4.52441573e-02 -4.56142527e-02 -4.58973847e-02
 -4.60851320e-02 -4.62595994e-02 -4.64393125e-02 -4.66303155e-02
 -4.68450160e-02 -4.72210687e-02 -4.77015734e-02 -4.80889034e-02
 -4.85049601e-02 -4.90571323e-02 -4.95456285e-02 -4.99463636e-02
 -5.03190587e-02 -5.06440742e-02 -5.09015962e-02 -5.12418974e-02
 -5.16431393e-02 -5.21260480e-02 -5.26785452e-02 -5.31311779e-02
 -5.34254677e-02 -5.37650441e-02 -5.41371706e-02 -5.44865898e-02
 -5.49570021e-02 -5.53883500e-02 -5.59022894e-02 -5.64907039e-02
 -5.71329551e-02 -5.77799290e-02 -5.83283394e-02 -5.87101111e-02
 -5.91389674e-02 -5.94251554e-02 -5.98611379e-02 -6.04192912e-02
 -6.09947604e-02 -6.15055123e-02 -6.20122902e-02 -6.26019879e-02
 -6.32314050e-02 -6.37489909e-02 -6.42485718e-02 -6.47433723e-02
 -6.52563097e-02 -6.57525816e-02 -6.62610340e-02 -6.68482602e-02
 -6.74024388e-02 -6.80138220e-02 -6.86564475e-02 -6.93441496e-02
 -7.00811568e-02 -7.07222338e-02 -7.13905981e-02 -7.20520964e-02
 -7.26583569e-02 -7.32283290e-02 -7.38151646e-02 -7.44470153e-02
 -7.49755943e-02 -7.53610751e-02 -7.57231795e-02 -7.61301022e-02
 -7.64759697e-02 -7.67204084e-02 -7.70283561e-02 -7.72730738e-02
 -7.74079405e-02 -7.76775003e-02 -7.80018000e-02 -7.83169907e-02
 -7.86629873e-02 -7.90568850e-02 -7.94556485e-02 -7.98401533e-02
 -8.02390249e-02 -8.06419695e-02 -8.10126367e-02 -8.14013279e-02
 -8.17798281e-02 -8.20923585e-02 -8.24931728e-02 -8.28740854e-02
 -8.33002425e-02 -8.37012925e-02 -8.42049899e-02 -8.46112022e-02
 -8.49482251e-02 -8.52481760e-02 -8.56224863e-02 -8.60771020e-02
 -8.65781549e-02 -8.70803278e-02 -8.76352475e-02 -8.83691102e-02
 -8.91550656e-02 -8.99011139e-02 -9.05825204e-02 -9.13412837e-02
 -9.20308329e-02 -9.27178985e-02 -9.33173327e-02 -9.40239096e-02
 -9.46911909e-02 -9.52541675e-02 -9.58245884e-02 -9.63955123e-02
 -9.69532235e-02 -9.75611385e-02 -9.80482123e-02 -9.85144014e-02
 -9.90900524e-02 -9.96332606e-02 -1.00085263e-01 -1.00549441e-01
 -1.01013024e-01 -1.01621393e-01 -1.02231975e-01 -1.02920192e-01
 -1.03615708e-01 -1.04245755e-01 -1.04720338e-01 -1.05149736e-01
 -1.05448739e-01 -1.05637928e-01 -1.05898851e-01 -1.06184362e-01
 -1.06545847e-01 -1.06899674e-01 -1.07196800e-01 -1.07500278e-01
 -1.07708880e-01 -1.07814408e-01 -1.07918218e-01 -1.08035628e-01
 -1.08408049e-01 -1.08714928e-01 -1.08911772e-01 -1.09186576e-01
 -1.09499111e-01 -1.09860455e-01 -1.10301525e-01 -1.10647790e-01
 -1.10998150e-01 -1.11321136e-01 -1.11583148e-01 -1.11882332e-01
 -1.12173669e-01 -1.12338348e-01 -1.12530702e-01 -1.12803038e-01
 -1.13204914e-01 -1.13602895e-01 -1.14086794e-01 -1.14539559e-01
 -1.15076800e-01 -1.15476727e-01 -1.15876381e-01 -1.16244143e-01
 -1.16680759e-01 -1.17228535e-01 -1.17763649e-01 -1.18303996e-01
 -1.18766658e-01 -1.19270212e-01 -1.19741528e-01 -1.20261727e-01
 -1.20780608e-01 -1.21111178e-01 -1.21311725e-01 -1.21548416e-01
 -1.21934403e-01 -1.22424662e-01 -1.23040995e-01 -1.23591746e-01
 -1.24070409e-01 -1.24503757e-01 -1.24939937e-01 -1.25510610e-01
 -1.26136473e-01 -1.26725182e-01 -1.27341946e-01 -1.27983155e-01
 -1.28457002e-01 -1.28993838e-01 -1.29555078e-01 -1.30060376e-01
 -1.30503966e-01 -1.31038173e-01 -1.31625204e-01 -1.32327047e-01
 -1.33071389e-01 -1.33605723e-01 -1.34118534e-01 -1.34630794e-01
 -1.35052304e-01 -1.35490690e-01 -1.35817019e-01 -1.36152772e-01
 -1.36410053e-01 -1.36436637e-01 -1.36469526e-01 -1.36608811e-01
 -1.36686892e-01 -1.36626285e-01 -1.36484241e-01 -1.36454027e-01
 -1.36580435e-01 -1.36762056e-01 -1.36882268e-01 -1.36980023e-01
 -1.36964356e-01 -1.37071143e-01 -1.37221902e-01 -1.37358436e-01
 -1.37471991e-01 -1.37558162e-01 -1.37566851e-01 -1.37610189e-01
 -1.37649915e-01 -1.37709434e-01 -1.37782175e-01 -1.37755143e-01
 -1.37568395e-01 -1.37372024e-01 -1.37238303e-01 -1.37089449e-01
 -1.36780029e-01 -1.36560011e-01 -1.36312448e-01 -1.36121973e-01
 -1.35921746e-01 -1.35688650e-01 -1.35494252e-01 -1.35378789e-01
 -1.35129006e-01 -1.34785257e-01 -1.34441653e-01 -1.34105482e-01
 -1.33703039e-01 -1.33121974e-01 -1.32590652e-01 -1.32062930e-01
 -1.31532699e-01 -1.31118218e-01 -1.30779349e-01 -1.30346435e-01
 -1.29876805e-01 -1.29592939e-01 -1.29302451e-01 -1.29088470e-01
 -1.28858441e-01 -1.28578513e-01 -1.28246560e-01 -1.27962650e-01
 -1.27813574e-01 -1.27647142e-01 -1.27540415e-01 -1.27405928e-01
 -1.27271939e-01 -1.26944975e-01 -1.26672984e-01 -1.26565266e-01
 -1.26340784e-01 -1.26084747e-01 -1.25926302e-01 -1.25670129e-01
 -1.25379716e-01 -1.25138126e-01 -1.25075447e-01 -1.25007609e-01
 -1.24789615e-01 -1.24515433e-01 -1.24320171e-01 -1.24130845e-01
 -1.23889072e-01 -1.23749876e-01 -1.23712906e-01 -1.23635316e-01
 -1.23525078e-01 -1.23404323e-01 -1.23268105e-01 -1.23107295e-01
 -1.23027373e-01 -1.23048478e-01 -1.22966919e-01 -1.22939371e-01
 -1.22922368e-01 -1.22800995e-01 -1.22717059e-01 -1.22647020e-01
 -1.22516348e-01 -1.22355863e-01 -1.22198935e-01 -1.22003820e-01
 -1.21691720e-01 -1.21431534e-01 -1.21389962e-01 -1.21287911e-01
 -1.21322199e-01 -1.21327698e-01 -1.21472846e-01 -1.21598645e-01
 -1.21736759e-01 -1.21811346e-01 -1.21899966e-01 -1.22067410e-01
 -1.22223650e-01 -1.22450400e-01 -1.22629490e-01 -1.22728405e-01
 -1.22823628e-01 -1.22972856e-01 -1.23152315e-01 -1.23485229e-01
 -1.23858822e-01 -1.24151866e-01 -1.24445820e-01 -1.24797184e-01
 -1.25111008e-01 -1.25394072e-01 -1.25545592e-01 -1.25746330e-01
 -1.26070007e-01 -1.26350946e-01 -1.26675468e-01 -1.26961348e-01
 -1.27294780e-01 -1.27574188e-01 -1.27930469e-01 -1.28311627e-01
 -1.28562690e-01 -1.28850431e-01 -1.29107155e-01 -1.29286043e-01
 -1.29653425e-01 -1.29952055e-01 -1.30293953e-01 -1.30742172e-01
 -1.31164660e-01 -1.31523658e-01 -1.31740014e-01 -1.31991661e-01
 -1.32321955e-01 -1.32632742e-01 -1.32907537e-01 -1.33116838e-01
 -1.33308123e-01 -1.33321963e-01 -1.33422730e-01 -1.33610990e-01
 -1.33827064e-01 -1.33902661e-01 -1.33961572e-01 -1.34113792e-01
 -1.34220134e-01 -1.34194275e-01 -1.34125688e-01 -1.34050120e-01
 -1.33996659e-01 -1.33914844e-01 -1.33827895e-01 -1.33876597e-01
 -1.33831523e-01 -1.33649870e-01 -1.33514935e-01 -1.33489801e-01
 -1.33533654e-01 -1.33490152e-01 -1.33256962e-01 -1.33026054e-01
 -1.32991336e-01 -1.32983446e-01 -1.32981015e-01 -1.33015763e-01
 -1.33022761e-01 -1.33076782e-01 -1.32967893e-01 -1.32773484e-01
 -1.32555083e-01 -1.32392400e-01 -1.32245313e-01 -1.32056998e-01
 -1.31894058e-01 -1.31707155e-01 -1.31368997e-01 -1.30990422e-01
 -1.30754587e-01 -1.30517743e-01 -1.30298099e-01 -1.30018324e-01
 -1.29738843e-01 -1.29588846e-01 -1.29298035e-01 -1.28930490e-01
 -1.28535081e-01 -1.28231582e-01 -1.27873580e-01 -1.27475558e-01
 -1.26932777e-01 -1.26405027e-01 -1.26031555e-01 -1.25682181e-01
 -1.25345935e-01 -1.25114275e-01 -1.24895612e-01 -1.24614548e-01
 -1.24322980e-01 -1.24038900e-01 -1.23792621e-01 -1.23505956e-01
 -1.23346039e-01 -1.23184229e-01 -1.22931396e-01 -1.22639555e-01
 -1.22297616e-01 -1.21931088e-01 -1.21635102e-01 -1.21278248e-01
 -1.21042769e-01 -1.20855104e-01 -1.20707349e-01 -1.20636991e-01
 -1.20639672e-01 -1.20662932e-01 -1.20618088e-01 -1.20636006e-01
 -1.20579890e-01 -1.20386226e-01 -1.20191647e-01 -1.20024506e-01
 -1.19844388e-01 -1.19718316e-01 -1.19517945e-01 -1.19195395e-01
 -1.18744096e-01 -1.18289225e-01 -1.17798347e-01 -1.17452365e-01
 -1.17173279e-01 -1.16855656e-01 -1.16401760e-01 -1.15913073e-01
 -1.15517419e-01 -1.15187432e-01 -1.14902303e-01 -1.14583947e-01
 -1.14157608e-01 -1.13789117e-01 -1.13356412e-01 -1.12939723e-01
 -1.12421225e-01 -1.11884728e-01 -1.11385769e-01 -1.10851134e-01
 -1.10318631e-01 -1.09724739e-01 -1.09250283e-01 -1.08764869e-01
 -1.08262190e-01 -1.07779598e-01 -1.07306208e-01 -1.06786543e-01
 -1.06271354e-01 -1.05594939e-01 -1.05032007e-01 -1.04503278e-01
 -1.03916477e-01 -1.03296593e-01 -1.02767003e-01 -1.02168849e-01
 -1.01673417e-01 -1.01189545e-01 -1.00770695e-01 -1.00435128e-01
 -9.98842728e-02 -9.93299762e-02 -9.87973437e-02 -9.81695677e-02
 -9.76203736e-02 -9.71245932e-02 -9.65106438e-02 -9.59582717e-02
 -9.56176974e-02 -9.52575510e-02 -9.48576989e-02 -9.44893128e-02
 -9.41506066e-02 -9.37748077e-02 -9.34068481e-02 -9.30220498e-02
 -9.25708631e-02 -9.20797121e-02 -9.16153032e-02 -9.11178123e-02
 -9.06226173e-02 -9.01108491e-02 -8.96940528e-02 -8.93049034e-02
 -8.88309201e-02 -8.84196171e-02 -8.79686260e-02 -8.74275917e-02
 -8.69356081e-02 -8.64418913e-02 -8.59355003e-02 -8.54732082e-02
 -8.50222827e-02 -8.46896600e-02 -8.42627476e-02 -8.37881175e-02
 -8.32817806e-02 -8.27553763e-02 -8.21007062e-02 -8.13752672e-02
 -8.06415237e-02 -7.99164389e-02 -7.91568931e-02 -7.83815798e-02
 -7.78145456e-02 -7.73465203e-02 -7.68636829e-02 -7.64084454e-02
 -7.59990489e-02 -7.56091277e-02 -7.52358319e-02 -7.47837021e-02
 -7.44436053e-02 -7.40801097e-02 -7.37428536e-02 -7.35049452e-02
 -7.31810253e-02 -7.28063450e-02 -7.23777543e-02 -7.19516200e-02
 -7.14348640e-02 -7.08451840e-02 -7.03544099e-02 -6.98289582e-02
 -6.92622593e-02 -6.86376775e-02 -6.81299831e-02 -6.75550044e-02
 -6.70127926e-02 -6.65093995e-02 -6.59204122e-02 -6.53863698e-02
 -6.48864482e-02 -6.42406214e-02 -6.35452473e-02 -6.28856289e-02
 -6.22083160e-02 -6.15559435e-02 -6.09337354e-02 -6.02039649e-02
 -5.94815844e-02 -5.87535895e-02 -5.79378033e-02 -5.71810338e-02
 -5.64185286e-02 -5.55628926e-02 -5.47975931e-02 -5.40278837e-02
 -5.32372321e-02 -5.23614554e-02 -5.14815467e-02 -5.06023393e-02
 -4.98844952e-02 -4.91457530e-02 -4.83763212e-02 -4.74682915e-02
 -4.64979423e-02 -4.55238864e-02 -4.46178444e-02 -4.37719489e-02
 -4.30042060e-02 -4.22506181e-02 -4.14802456e-02 -4.05645753e-02
 -3.95976708e-02 -3.84922093e-02 -3.74538021e-02 -3.64412983e-02
 -3.53967964e-02 -3.42946735e-02 -3.32484464e-02 -3.22082805e-02
 -3.11713914e-02 -3.01655830e-02 -2.91405990e-02 -2.80329646e-02
 -2.68480482e-02 -2.56235136e-02 -2.44846265e-02 -2.34604684e-02
 -2.23888132e-02 -2.13498865e-02 -2.04384695e-02 -1.93395015e-02
 -1.81893269e-02 -1.69330843e-02 -1.57429772e-02 -1.45777027e-02
 -1.34399516e-02 -1.25453676e-02 -1.16183683e-02 -1.06658418e-02
 -9.67556428e-03 -8.62429985e-03 -7.57454426e-03 -6.40885395e-03
 -5.23629685e-03 -4.20453441e-03 -3.03378163e-03 -1.90313111e-03
 -6.91143055e-04  3.74535251e-04  1.42753184e-03  2.43563404e-03
  3.48571717e-03  4.49544501e-03  5.46829158e-03  6.35728386e-03
  7.16685762e-03  8.01266406e-03  8.81030324e-03  9.51947860e-03
  1.03754132e-02  1.11955803e-02  1.19245516e-02  1.25540987e-02
  1.31351554e-02  1.37563971e-02  1.43292128e-02  1.49230980e-02
  1.56595869e-02  1.64082621e-02  1.71751560e-02  1.81145047e-02
  1.89505425e-02  1.98557136e-02  2.08271354e-02  2.17252881e-02
  2.26300677e-02  2.34699856e-02  2.43188071e-02  2.51243250e-02
  2.59746106e-02  2.68989588e-02  2.77411768e-02  2.85092685e-02
  2.92617241e-02  3.00738172e-02  3.08808709e-02  3.17510120e-02
  3.26639177e-02  3.35633380e-02  3.44719588e-02  3.53516545e-02
  3.62273880e-02  3.72176557e-02  3.82100824e-02  3.91277401e-02
  4.01740821e-02  4.11903188e-02  4.21007805e-02  4.30678128e-02
  4.39174421e-02  4.48853694e-02  4.57714655e-02  4.65192911e-02
  4.72591979e-02  4.78770309e-02  4.85181581e-02  4.91658945e-02
  4.98220772e-02  5.04377782e-02  5.12048305e-02  5.19726616e-02
  5.26578046e-02  5.33059530e-02  5.40282375e-02  5.47107773e-02
  5.54093491e-02  5.60900230e-02  5.69495055e-02  5.78850622e-02
  5.86455703e-02  5.94487056e-02  6.02923390e-02  6.12993680e-02
  6.21885668e-02  6.29473333e-02  6.35825495e-02  6.41018877e-02
  6.45901901e-02  6.51849535e-02  6.57572755e-02  6.63009009e-02
  6.68449350e-02  6.73563085e-02  6.77782450e-02  6.81864828e-02
  6.85895566e-02  6.91004907e-02  6.94286387e-02  6.98442655e-02
  7.02393740e-02  7.05700276e-02  7.10701228e-02  7.16399636e-02
  7.21292821e-02  7.27242243e-02  7.33261054e-02  7.40169090e-02
  7.47462989e-02  7.53482917e-02  7.58983667e-02  7.64383788e-02
  7.69453032e-02  7.73947050e-02  7.77368547e-02  7.81552582e-02
  7.86628785e-02  7.90616796e-02  7.95405473e-02  8.01468118e-02
  8.06798754e-02  8.11184596e-02  8.14610985e-02  8.17852307e-02
  8.20567045e-02  8.24921193e-02  8.28871897e-02  8.32514378e-02
  8.35358857e-02  8.38113641e-02  8.41767013e-02  8.46393436e-02
  8.50459236e-02  8.54075054e-02  8.56190708e-02  8.56990833e-02
  8.56771088e-02  8.56931412e-02  8.57537745e-02  8.57738764e-02
  8.58108352e-02  8.59871257e-02  8.63419484e-02  8.67689434e-02
  8.70716240e-02  8.73463577e-02  8.76383681e-02  8.80125768e-02
  8.84885225e-02  8.88227501e-02  8.91256206e-02  8.94502994e-02
  8.96385209e-02  8.99386825e-02  9.03509500e-02  9.07358715e-02
  9.10626193e-02  9.12598159e-02  9.13240593e-02  9.14307872e-02
  9.15352931e-02  9.16175171e-02  9.16753704e-02  9.17598672e-02
  9.19141815e-02  9.20795567e-02  9.23048243e-02  9.25647010e-02
  9.28639531e-02  9.30996633e-02  9.32672840e-02  9.35594140e-02
  9.39536582e-02  9.43932150e-02  9.48268593e-02  9.52138434e-02
  9.55600422e-02  9.58074063e-02  9.60027855e-02  9.61971006e-02
  9.65317210e-02  9.67281786e-02  9.67537104e-02  9.67765231e-02
  9.68695160e-02  9.70454367e-02  9.72408557e-02  9.74286424e-02
  9.77279669e-02  9.81335677e-02  9.85096378e-02  9.88651348e-02
  9.92688303e-02  9.95136996e-02  9.97389320e-02  1.00043003e-01
  1.00380624e-01  1.00713732e-01  1.01001605e-01  1.01189364e-01
  1.01319270e-01  1.01481735e-01  1.01675741e-01  1.01898881e-01
  1.02088664e-01  1.02246488e-01  1.02488226e-01  1.02626854e-01
  1.02638469e-01  1.02744627e-01  1.02983721e-01  1.03212351e-01
  1.03497698e-01  1.03673736e-01  1.03711472e-01  1.03778242e-01
  1.03748497e-01  1.03814139e-01  1.03865580e-01  1.03861540e-01
  1.03794555e-01  1.03728204e-01  1.03785302e-01  1.03864127e-01
  1.04018369e-01  1.04120167e-01  1.04186887e-01  1.04181660e-01
  1.04260421e-01  1.04283471e-01  1.04428749e-01  1.04580813e-01
  1.04639839e-01  1.04728243e-01  1.04868496e-01  1.05123953e-01
  1.05379178e-01  1.05522202e-01  1.05638985e-01  1.05784428e-01
  1.05988311e-01  1.05978721e-01  1.06016909e-01  1.06085455e-01
  1.06073679e-01  1.06112346e-01  1.06133464e-01  1.06171566e-01
  1.06124384e-01  1.06124448e-01  1.06040193e-01  1.06007726e-01
  1.05961917e-01  1.05774583e-01  1.05644026e-01  1.05654249e-01
  1.05615548e-01  1.05591637e-01  1.05409722e-01  1.05154864e-01
  1.05078700e-01  1.04957802e-01  1.04803031e-01  1.04546875e-01
  1.04311299e-01  1.04014475e-01  1.03679971e-01  1.03463130e-01
  1.03198783e-01  1.02820015e-01  1.02443045e-01  1.02070323e-01
  1.01853952e-01  1.01771764e-01  1.01624736e-01  1.01560476e-01
  1.01498396e-01  1.01462758e-01  1.01477024e-01  1.01521287e-01
  1.01471618e-01  1.01354821e-01  1.01247015e-01  1.01195912e-01
  1.01101146e-01  1.00889442e-01  1.00565716e-01  1.00374709e-01
  1.00259188e-01  1.00218193e-01  1.00124083e-01  1.00020887e-01
  9.98596825e-02  9.98094467e-02  9.96188260e-02  9.94897021e-02
  9.93110225e-02  9.91321335e-02  9.89016016e-02  9.86312368e-02
  9.84709230e-02  9.83137045e-02  9.82481525e-02  9.80954853e-02
  9.78484045e-02  9.76865530e-02  9.75118577e-02  9.73815862e-02
  9.71832755e-02  9.69390128e-02  9.66312419e-02  9.63208473e-02
  9.60483851e-02  9.59509860e-02  9.59087875e-02  9.58251903e-02
  9.57011075e-02  9.56080575e-02  9.55391026e-02  9.54015929e-02
  9.53171419e-02  9.51839886e-02  9.48908244e-02  9.46338386e-02
  9.42998340e-02  9.40487571e-02  9.38419039e-02  9.36796431e-02
  9.35456146e-02  9.33667493e-02  9.31352715e-02  9.30263013e-02
  9.28673998e-02  9.25339049e-02  9.21448342e-02  9.17181394e-02
  9.11692543e-02  9.07267141e-02  9.02404338e-02  8.99558336e-02
  8.96877460e-02  8.94487028e-02  8.91231242e-02  8.88911200e-02
  8.86826854e-02  8.83635080e-02  8.81317193e-02  8.79825262e-02
  8.78499774e-02  8.76895689e-02  8.75177608e-02  8.73622132e-02
  8.71559545e-02  8.71246939e-02  8.70492286e-02  8.69455622e-02
  8.69635537e-02  8.68838780e-02  8.65586621e-02  8.61676599e-02
  8.58084468e-02  8.54506171e-02  8.49666385e-02  8.44870428e-02
  8.41918911e-02  8.37626984e-02  8.32511945e-02  8.26532895e-02
  8.20254555e-02  8.14025447e-02  8.08163961e-02  8.05567698e-02
  8.03229168e-02  8.00420178e-02  7.96710166e-02  7.93078249e-02
  7.89861423e-02  7.86120516e-02  7.83408545e-02  7.80696278e-02
  7.77672730e-02  7.74252956e-02  7.70253641e-02  7.65618172e-02
  7.61668367e-02  7.58278382e-02  7.54297507e-02  7.51269026e-02
  7.48132545e-02  7.44090919e-02  7.38628190e-02  7.33445664e-02
  7.28987596e-02  7.23422633e-02  7.15737765e-02  7.07588063e-02
  6.99721686e-02  6.93393226e-02  6.88075239e-02  6.82492160e-02
  6.77551355e-02  6.73508982e-02  6.69372597e-02  6.65345890e-02
  6.61421605e-02  6.58192527e-02  6.55284408e-02  6.51410452e-02
  6.46802834e-02  6.40911014e-02  6.36066845e-02  6.31457104e-02
  6.27683998e-02  6.23517504e-02  6.19291512e-02  6.16185494e-02
  6.11881867e-02  6.08170529e-02  6.04080220e-02  5.98745711e-02
  5.93057139e-02  5.87246261e-02  5.80835193e-02  5.74514847e-02
  5.68502229e-02  5.62211481e-02  5.56415160e-02  5.50809366e-02
  5.45449289e-02  5.40609633e-02  5.36042370e-02  5.32975601e-02
  5.29870107e-02  5.26477679e-02  5.22216958e-02  5.17392341e-02
  5.13245502e-02  5.09132162e-02  5.05422639e-02  5.01615048e-02
  4.98318858e-02  4.93662797e-02  4.88199269e-02  4.84212518e-02
  4.80426864e-02  4.75982276e-02  4.72816643e-02  4.68779808e-02
  4.63609822e-02  4.58818202e-02  4.56060176e-02  4.54042038e-02
  4.51246039e-02  4.47455659e-02  4.44110104e-02  4.41233299e-02
  4.39843822e-02  4.38333890e-02  4.37347514e-02  4.34174414e-02
  4.31110368e-02  4.28354773e-02  4.25753514e-02  4.23006202e-02
  4.20331041e-02  4.18510433e-02  4.15498096e-02  4.13239149e-02
  4.09661118e-02  4.05756113e-02  4.01105069e-02  3.96827334e-02
  3.93569008e-02  3.90468016e-02  3.86543975e-02  3.81150782e-02
  3.75741245e-02  3.71297904e-02  3.67210465e-02  3.62110623e-02
  3.55361639e-02  3.48313937e-02  3.40673776e-02  3.33499793e-02
  3.26072083e-02  3.18599088e-02  3.12019099e-02  3.06118479e-02
  2.99884247e-02  2.94342413e-02  2.87575401e-02  2.80591722e-02
  2.74323072e-02  2.67723266e-02  2.61562220e-02  2.55533895e-02
  2.49223082e-02  2.43716483e-02  2.38854465e-02  2.33432979e-02
  2.27032240e-02  2.21439355e-02  2.16573548e-02  2.10724267e-02
  2.04143969e-02  1.98047160e-02  1.93642163e-02  1.90388115e-02
  1.86985288e-02  1.80550957e-02  1.73723208e-02  1.66068719e-02
  1.59895845e-02  1.53734144e-02  1.46978156e-02  1.41161443e-02
  1.34241639e-02  1.27348161e-02  1.20742270e-02  1.14616334e-02
  1.08930069e-02  1.02913792e-02  9.63368963e-03  9.06437365e-03
  8.64318121e-03  8.21605972e-03  7.94380468e-03  7.45679027e-03
  7.01378115e-03  6.67791665e-03  6.23954446e-03  5.79692841e-03
  5.22392374e-03  4.76291263e-03  4.14803320e-03  3.62003959e-03
  3.09677735e-03  2.62768211e-03  2.11645639e-03  1.55025475e-03
  9.82494355e-04  4.82078766e-04 -5.27138206e-05 -5.96589407e-04
 -1.07615968e-03 -1.53249890e-03 -2.12516731e-03 -2.68271901e-03
 -3.18493679e-03 -3.75254911e-03 -4.36643954e-03 -4.92389195e-03
 -5.27006983e-03 -5.76907728e-03 -6.24101676e-03 -6.85668283e-03
 -7.36927851e-03 -7.78468461e-03 -8.08845323e-03 -8.40350111e-03
 -8.68322389e-03 -8.97176445e-03 -9.29998834e-03 -9.72990745e-03
 -1.02954800e-02 -1.08449119e-02 -1.14277995e-02 -1.17973565e-02
 -1.22132324e-02 -1.26186542e-02 -1.30502130e-02 -1.35801501e-02
 -1.40735065e-02 -1.45765494e-02 -1.49438632e-02 -1.52334941e-02
 -1.55496471e-02 -1.58984005e-02 -1.64035920e-02 -1.68038264e-02
 -1.72751976e-02 -1.76480589e-02 -1.80050073e-02 -1.84348136e-02
 -1.88116382e-02 -1.92346036e-02 -1.95784852e-02 -2.00545096e-02
 -2.04765865e-02]","[0.4462056  0.44608462 0.44599078 0.44575947 0.4454418  0.44514893
 0.44484113 0.4445091  0.44430873 0.44404882 0.4436626  0.44320633
 0.44277624 0.44224146 0.44162633 0.44103731 0.44038522 0.43973866
 0.43904218 0.43840742 0.43802662 0.43759883 0.43719367 0.43672228
 0.43616622 0.43578006 0.43554443 0.4354701  0.435386   0.43520715
 0.43494637 0.43476142 0.43447258 0.4343376  0.43442844 0.43444462
 0.43439922 0.43459882 0.43495056 0.43529254 0.43529753 0.43531814
 0.43529533 0.43533664 0.43534398 0.4354118  0.43539613 0.4353512
 0.4353277  0.4353973  0.43560585 0.43591935 0.43633438 0.43661238
 0.43683526 0.43692514 0.43664451 0.43623675 0.43592715 0.43564225
 0.43513351 0.43464007 0.43426207 0.43393323 0.43377632 0.43364037
 0.43363196 0.43382981 0.43411604 0.43441125 0.43468634 0.43472909
 0.43482244 0.4349713  0.43522797 0.4353742  0.43535371 0.43540056
 0.4354245  0.43543001 0.43567119 0.4358225  0.43599209 0.43631498
 0.43657432 0.43681728 0.43704542 0.43715695 0.43709095 0.43701569
 0.43725363 0.43759597 0.43770926 0.43792462 0.43805475 0.43812358
 0.43816009 0.43807077 0.43806097 0.43801351 0.43804538 0.43827988
 0.43857922 0.43899448 0.43925667 0.43971962 0.44044614 0.44123277
 0.44188553 0.44234267 0.44291076 0.44358167 0.44416032 0.44468784
 0.44500951 0.44525537 0.44583328 0.44661165 0.44740395 0.44818227
 0.44897036 0.4495902  0.45024266 0.45107736 0.45194422 0.45267623
 0.4536176  0.45451194 0.45533682 0.45649749 0.457849   0.45900155
 0.46007139 0.46114762 0.46238946 0.4635464  0.46489301 0.46626914
 0.46766945 0.46907573 0.47032398 0.47162124 0.4730627  0.4746596
 0.47611521 0.4774444  0.47898126 0.48023278 0.48155631 0.48285215
 0.48416319 0.48530787 0.48641034 0.48753599 0.48857724 0.48966547
 0.49089831 0.4921891  0.49323855 0.49379272 0.49435079 0.4951025
 0.4957423  0.49631118 0.49689411 0.49768302 0.49856974 0.49964764
 0.50081603 0.50190616 0.50259642 0.50335892 0.50392546 0.50452437
 0.50504306 0.50522678 0.50537604 0.50544139 0.50522925 0.50479613
 0.5045307  0.50430858 0.50397382 0.50375208 0.50328318 0.50298936
 0.50276494 0.50269965 0.50293713 0.50302574 0.50277424 0.50256651
 0.50244655 0.50241201 0.50228778 0.50206091 0.50190997 0.50163803
 0.50129401 0.50103495 0.50105019 0.50098522 0.50099023 0.50125285
 0.50138126 0.50146299 0.50176882 0.50219845 0.50254869 0.50271774
 0.50285497 0.50285019 0.5028442  0.50282734 0.50270139 0.50216308
 0.50140229 0.5004597  0.49963108 0.49882153 0.49791955 0.49701333
 0.49601188 0.49494495 0.49393719 0.49275875 0.49120802 0.48966467
 0.48829472 0.48720934 0.48641946 0.48572484 0.48498685 0.48440378
 0.48386154 0.48330285 0.48268203 0.48175696 0.48087291 0.48025691
 0.47958686 0.4789671  0.47848821 0.47779346 0.47694313 0.47597418
 0.47503052 0.47421378 0.4731302  0.472163   0.47126244 0.47021744
 0.46959635 0.46906509 0.46866846 0.46834694 0.46769252 0.4671344
 0.46667886 0.46636785 0.46617861 0.46605182 0.46588718 0.46564372
 0.46569338 0.46602711 0.46657985 0.46743032 0.46819781 0.46918877
 0.47002641 0.47069133 0.47134434 0.47208744 0.47294716 0.47382649
 0.47482125 0.47580011 0.47663744 0.47749147 0.47841552 0.47924714
 0.48016802 0.48123823 0.48223838 0.48321164 0.48410239 0.48497487
 0.48584522 0.48677379 0.48760312 0.48831414 0.48887937 0.4895084
 0.49020092 0.49112136 0.49175695 0.49223266 0.49246603 0.4925956
 0.4928621  0.4932016  0.49352027 0.49419512 0.49478434 0.4953237
 0.49582128 0.49602168 0.49634233 0.49684898 0.49739254 0.49765557
 0.49775964 0.49790021 0.49773889 0.49753852 0.49720943 0.49694117
 0.49676567 0.4966667  0.49652789 0.49659723 0.49693896 0.49715547
 0.4973909  0.49781767 0.49837985 0.49891934 0.49941833 0.49986599
 0.50018346 0.50057891 0.50058361 0.50017699 0.4997679  0.49930007
 0.49876609 0.49813527 0.49736169 0.49657735 0.4956181  0.49488515
 0.49435482 0.49375447 0.49283478 0.49183331 0.49077317 0.48957874
 0.48838404 0.48741975 0.48664386 0.48607095 0.48549607 0.48512575
 0.48431038 0.48333241 0.48220453 0.48104639 0.47999197 0.47897964
 0.47833144 0.47768776 0.47685328 0.47601585 0.47499388 0.47384792
 0.47257351 0.47139016 0.47028553 0.46927066 0.46818973 0.46721637
 0.46627571 0.46495289 0.46374385 0.4625355  0.46112091 0.45960997
 0.45818514 0.45679917 0.45554967 0.45427904 0.45291551 0.45175991
 0.45054752 0.44947994 0.44866177 0.44785998 0.44704429 0.44612375
 0.44523813 0.4443706  0.44375894 0.44313612 0.44245557 0.44170312
 0.44099679 0.44023288 0.43957445 0.43904975 0.43851644 0.43802866
 0.43764209 0.43734332 0.43693598 0.43639082 0.43591464 0.43556591
 0.4353354  0.43513095 0.43491786 0.43477134 0.43458591 0.43443589
 0.43433771 0.43424726 0.43404325 0.43384458 0.43339296 0.43285173
 0.4322686  0.43173545 0.43119717 0.43063924 0.43018479 0.42962413
 0.42900128 0.42848262 0.42769314 0.42690118 0.42586881 0.42479234
 0.42376552 0.422727   0.42156399 0.4202323  0.41873245 0.4173148
 0.41603539 0.41498306 0.41404099 0.41312478 0.41200484 0.41085526
 0.40980948 0.4090043  0.40812024 0.40725226 0.40652103 0.40577926
 0.40521465 0.40459706 0.40410325 0.40362364 0.40318666 0.40271098
 0.40222879 0.40192505 0.40172712 0.4015409  0.40124024 0.40104134
 0.40073315 0.400232   0.39966941 0.39906933 0.3985884  0.39821639
 0.39786538 0.39747445 0.39708651 0.3966457  0.39629102 0.39606378
 0.39593438 0.39579117 0.39572    0.39580724 0.39596084 0.39616377
 0.3963101  0.39631593 0.39628954 0.39632709 0.3964187  0.39644317
 0.39658177 0.39681671 0.39714113 0.39763859 0.39827832 0.39897647
 0.39967897 0.40028879 0.40080102 0.40140795 0.40205891 0.40286186
 0.40372334 0.4045444  0.40525474 0.406001   0.40690319 0.40801888
 0.40924935 0.41056116 0.41177964 0.41292394 0.4141064  0.41531374
 0.4165605  0.41776458 0.41897775 0.42034367 0.42163987 0.42282389
 0.42384041 0.42467862 0.42565235 0.42658362 0.4274236  0.42820289
 0.42907086 0.43002155 0.43092122 0.43185043 0.43285529 0.43379715
 0.43472686 0.43553879 0.43645364 0.43722142 0.43797346 0.43866026
 0.43939268 0.43996511 0.44075017 0.44160972 0.44230955 0.44296069
 0.44356766 0.44420929 0.44494317 0.44553728 0.44621951 0.44701494
 0.44770425 0.44836533 0.44915185 0.45003583 0.45078855 0.45159846
 0.45243587 0.45336329 0.45417476 0.45494319 0.45562314 0.45620423
 0.45678532 0.45727212 0.45773797 0.45824332 0.45863799 0.4591636
 0.45953859 0.45997777 0.46047462 0.46094776 0.46157759 0.46208742
 0.46259169 0.46308813 0.46359546 0.46416816 0.46476776 0.46529057
 0.46573172 0.46614752 0.46639542 0.46665121 0.46681537 0.46700524
 0.46715949 0.4672531  0.4674273  0.4676908  0.46781303 0.46804208
 0.4683956  0.46876369 0.46917532 0.46953218 0.47000908 0.47054758
 0.47100681 0.47139784 0.4716201  0.47169173 0.4717818  0.47191566
 0.47208515 0.47229997 0.47252906 0.47273271 0.47275991 0.47266712
 0.47265075 0.47266791 0.4727084  0.47278176 0.47280592 0.47290146
 0.4729418  0.47274852 0.47256643 0.47238861 0.47211016 0.47170926
 0.4713111  0.47097555 0.47061996 0.47025425 0.46976357 0.46924131
 0.46851402 0.46775352 0.46707054 0.46637855 0.46583824 0.46519925
 0.46445618 0.46377179 0.46321541 0.46267592 0.4620215  0.46135699
 0.46069701 0.45998752 0.45924906 0.45846059 0.45753748 0.45668998
 0.45592405 0.45500265 0.45400451 0.45299228 0.45201119 0.45101291
 0.44989394 0.4488294  0.44789048 0.44694681 0.44596435 0.44499169
 0.44403155 0.44303239 0.44210802 0.44111618 0.44021994 0.43924648
 0.43837047 0.43739208 0.43636561 0.43530729 0.43415605 0.43293464
 0.43169017 0.43044115 0.42924731 0.42809264 0.42699303 0.42583792
 0.42460403 0.42332124 0.42213201 0.42104386 0.42002053 0.41887715
 0.41773326 0.41663952 0.41552045 0.41459989 0.4136795  0.4128239
 0.41204528 0.41133529 0.41061486 0.40988148 0.40911409 0.40824209
 0.40723916 0.40634275 0.40546685 0.40460596 0.40383669 0.40317371
 0.40252397 0.40171235 0.40091307 0.40013401 0.39931718 0.39849718
 0.39763282 0.39675563 0.39588876 0.39502549 0.39422294 0.39348868
 0.39277199 0.39217953 0.39160081 0.39097008 0.39036827 0.38973583
 0.3891979  0.38854826 0.38787877 0.38723345 0.38663541 0.3860623
 0.38546985 0.38492185 0.38439594 0.3839003  0.38349428 0.38313909
 0.38267914 0.38227232 0.38192567 0.38161793 0.38131268 0.38109814
 0.38098183 0.38089772 0.38073076 0.38040556 0.38000171 0.37961083
 0.37928105 0.37909513 0.37878388 0.37835025 0.37791496 0.37746812
 0.3771231  0.37690696 0.37673591 0.37647744 0.37625227 0.37601911
 0.37575675 0.37560283 0.37549093 0.37540589 0.37531377 0.37530665
 0.37518102 0.37498992 0.37497185 0.37489416 0.37478177 0.37473591
 0.37456513 0.37448464 0.37460772 0.37480858 0.37504731 0.37518601
 0.37542702 0.37570956 0.37586356 0.37588681 0.37595482 0.37606436
 0.37631154 0.37652088 0.37666085 0.37696789 0.37717106 0.37748298
 0.37774872 0.37776137 0.3779139  0.37810585 0.3782417  0.37857102
 0.37884506 0.37933387 0.37991103 0.38030203 0.38070883 0.38133961
 0.38195905 0.38242868 0.38296778 0.38365881 0.38429576 0.38493481
 0.38554243 0.38619743 0.38683144 0.38745766 0.38803697 0.38876109
 0.38930872 0.39008031 0.39070709 0.39143249 0.39230694 0.39301066
 0.39384059 0.39466691 0.39531292 0.39599899 0.39668214 0.39756459
 0.39835142 0.39906207 0.39999526 0.40121482 0.40258885 0.40382457
 0.40501026 0.40607307 0.40682699 0.40779233 0.40901954 0.41025156
 0.41140743 0.41267547 0.41393973 0.41532445 0.4167851  0.41831635
 0.41982819 0.42125826 0.42275701 0.42429449 0.42567924 0.42726649
 0.4288456  0.43030633 0.43164611 0.43280747 0.43405145 0.43526879
 0.43656189 0.4378838  0.43908295 0.44009719 0.44115617 0.44242662
 0.44386383 0.44509672 0.4463717  0.44755882 0.44870401 0.44985059
 0.45092896 0.45214689 0.4532785  0.45426326 0.45508279 0.45585465
 0.45686195 0.45774906 0.45873095 0.45978046 0.46080163 0.46192111
 0.4629769  0.46389899 0.46497458 0.46611481 0.46724912 0.46819158
 0.46922413 0.47023419 0.47151086 0.47247256 0.4729656  0.47365176
 0.47455546 0.47552853 0.47659706 0.47764881 0.47851984 0.47932787
 0.48003919 0.48099856 0.48188348 0.48269938 0.48349707 0.48442417
 0.4853255  0.48610876 0.48709551 0.48819917 0.48942599 0.49032418
 0.49129483 0.49213203 0.49311018 0.49405599 0.49508594 0.49625375
 0.49755937 0.49899288 0.50040818 0.5015304  0.50248624 0.5032654
 0.50418238 0.50521363 0.5063826  0.50755936 0.50869481 0.50992521
 0.51137799 0.5127411  0.51392965 0.51504588 0.51581216 0.51647473
 0.51715449 0.51764343 0.51833541 0.51923916 0.52004106 0.52096391
 0.52150576 0.52206103 0.52300688 0.52392269 0.52477172 0.52553197
 0.52640445 0.52737793 0.52824703 0.52920243 0.5299823  0.53056777
 0.53106849 0.53136029 0.5316898  0.53210344 0.53253113 0.53288176
 0.53334411 0.5341193  0.53478793 0.53545666 0.53607831 0.53679578
 0.53765347 0.53851288 0.53926801 0.54016005 0.54132831 0.54244326
 0.54338361 0.54436379 0.54524194 0.54578859 0.54644451 0.54737931
 0.54827489 0.54938049 0.55069379 0.55163535 0.5524248  0.55332107
 0.55426391 0.55504229 0.55614383 0.55725054 0.55831479 0.55941503
 0.56057012 0.56181101 0.56298815 0.56405756 0.56495368 0.56555816
 0.56590481 0.56621413 0.5665179  0.56686703 0.5671771  0.56751487
 0.56795965 0.56831123 0.56868433 0.56934119 0.57019265 0.57102207
 0.57181076 0.57259683 0.57313953 0.57359748 0.57404728 0.57430731
 0.57444703 0.57479323 0.57522986 0.57571182 0.57618692 0.5765926
 0.57693509 0.57749661 0.57780047 0.57802603 0.57813838 0.57829144
 0.57829941 0.57825273 0.57826566 0.57806526 0.57781638 0.57767724
 0.57737536 0.57696544 0.57668578 0.57639985 0.57600927 0.57549126
 0.5748251  0.57417665 0.57360211 0.57328568 0.5729528  0.57264118
 0.57234002 0.57189925 0.57147263 0.57118701 0.57088173 0.57042269
 0.57013965 0.56967007 0.56911417 0.56851222 0.56777915 0.5670411
 0.56613679 0.56527457 0.56438114 0.56350456 0.56281145 0.56197444
 0.56094473 0.56010327 0.55940055 0.55880056 0.55831582 0.55786872
 0.55734811 0.55669262 0.55616428 0.55571705 0.55525685 0.55466672
 0.55419585 0.55395399 0.55371413 0.55345252 0.55318139 0.55310829
 0.55331674 0.55370271 0.5538474  0.55378773 0.55408431 0.55439561
 0.55464229 0.55483337 0.55502456 0.55534643 0.55573225 0.55601914
 0.55627809 0.55655459 0.55663024 0.55667014 0.55684992 0.55708112
 0.5572569  0.5574971  0.55766288 0.55776566 0.55789384 0.55777593
 0.55754961 0.55756471 0.55757645 0.55757365 0.5576475  0.55746785
 0.55721695 0.55691722 0.55672863 0.55642565 0.55609564 0.55583121
 0.55564945 0.55557487 0.55544696 0.55527296 0.55492283 0.55448912
 0.55411149 0.55377512 0.55356763 0.55331283 0.55309163 0.55315656
 0.55342281 0.55374452 0.55389976 0.55384676 0.55385201 0.55389364
 0.55385582 0.55374896 0.55374395 0.55358794 0.55335826 0.5530002
 0.55275289 0.55236299 0.55227607 0.55240657 0.55227065 0.55194411
 0.55171216 0.55147152 0.55125613 0.55111501 0.55084746 0.55086437
 0.55101782 0.55108539 0.55089656 0.55028346 0.54941203 0.54851009
 0.54766212 0.54676748 0.54589677 0.54505103 0.54411461 0.5432082
 0.54217588 0.5411697  0.54036506 0.53956691 0.53868707 0.53800711
 0.53703521 0.53613752 0.53521535 0.53432306 0.53337518 0.5322684
 0.53097144 0.52947598 0.5280763  0.52664058 0.52515149 0.52375794
 0.52232599 0.52098777 0.51990202 0.5189958  0.51821732 0.51741864
 0.51653104 0.51563909 0.51463616 0.51345378 0.51222088 0.51080546
 0.50959973 0.50853807 0.50759976 0.50663235 0.50561374 0.50464821
 0.5038015  0.50281991 0.50193224 0.50108253 0.50033487 0.49950793
 0.49857382 0.49770608 0.49671078 0.49589506 0.49537913 0.49480677
 0.49417365 0.49331581 0.49235473 0.4912597  0.4901334  0.4888566
 0.48765922 0.4866317  0.48550684 0.48439446 0.48328537 0.48214472
 0.48101822 0.4799171  0.47884824 0.47794787 0.47707076 0.47620534
 0.47524198 0.47418441 0.4730757  0.47221417 0.47143922 0.47065362
 0.46970738 0.46880642 0.46790265 0.46703842 0.46607403 0.46513264
 0.46435181 0.4636986  0.46302707 0.46220773 0.46133126 0.46040082
 0.45963247 0.45889336 0.45830133 0.45769435 0.45696601 0.4563245
 0.45554565 0.45482262 0.45398858 0.45315973 0.45246788 0.451687
 0.45113529 0.4506401  0.45017908 0.44982968 0.44957037 0.44909145
 0.44860898 0.44828925 0.44791488 0.44749308 0.44710288 0.44677793
 0.44650418]","[ 4.40525146e+01  4.37947462e+01  4.35380201e+01  4.32706667e+01
  4.29935331e+01  4.27272856e+01  4.24659699e+01  4.22051361e+01
  4.19455448e+01  4.16884714e+01  4.14312384e+01  4.11737902e+01
  4.09171875e+01  4.06573769e+01  4.03882201e+01  4.01296653e+01
  3.98717275e+01  3.96175854e+01  3.93638100e+01  3.91228817e+01
  3.88799059e+01  3.86342207e+01  3.83875292e+01  3.81403771e+01
  3.78925399e+01  3.76504473e+01  3.74129063e+01  3.71791831e+01
  3.69449155e+01  3.67139200e+01  3.64829517e+01  3.62587417e+01
  3.60308478e+01  3.58022193e+01  3.55741245e+01  3.53434626e+01
  3.51099117e+01  3.48790748e+01  3.46538974e+01  3.44263114e+01
  3.41898593e+01  3.39551403e+01  3.37253367e+01  3.34982133e+01
  3.32719589e+01  3.30527346e+01  3.28238739e+01  3.25931967e+01
  3.23660898e+01  3.21474716e+01  3.19340520e+01  3.17262010e+01
  3.15250577e+01  3.13148077e+01  3.10943050e+01  3.08668862e+01
  3.06292577e+01  3.03808183e+01  3.01255352e+01  2.98764341e+01
  2.96346963e+01  2.93964189e+01  2.91532481e+01  2.89153492e+01
  2.86899140e+01  2.84656045e+01  2.82455694e+01  2.80315120e+01
  2.78179085e+01  2.75975018e+01  2.73723182e+01  2.71431011e+01
  2.69155821e+01  2.66829335e+01  2.64551696e+01  2.62284862e+01
  2.59972530e+01  2.57689059e+01  2.55430438e+01  2.53108360e+01
  2.50825203e+01  2.48494580e+01  2.46129747e+01  2.43838006e+01
  2.41606228e+01  2.39371939e+01  2.37122811e+01  2.34848308e+01
  2.32470384e+01  2.30108252e+01  2.27790118e+01  2.25464733e+01
  2.23052383e+01  2.20659310e+01  2.18251106e+01  2.15855620e+01
  2.13412788e+01  2.11002221e+01  2.08559742e+01  2.06059446e+01
  2.03583178e+01  2.01194071e+01  1.98846994e+01  1.96497516e+01
  1.94085095e+01  1.91751365e+01  1.89486809e+01  1.87229372e+01
  1.84938177e+01  1.82621890e+01  1.80327647e+01  1.78039596e+01
  1.75747764e+01  1.73432711e+01  1.71054781e+01  1.68651887e+01
  1.66286098e+01  1.63996961e+01  1.61723672e+01  1.59448909e+01
  1.57215419e+01  1.54947141e+01  1.52660585e+01  1.50395169e+01
  1.48184922e+01  1.46013437e+01  1.43894247e+01  1.41773161e+01
  1.39655312e+01  1.37608310e+01  1.35588858e+01  1.33551730e+01
  1.31541712e+01  1.29492795e+01  1.27464902e+01  1.25418837e+01
  1.23383391e+01  1.21327765e+01  1.19280161e+01  1.17241167e+01
  1.15171777e+01  1.13113661e+01  1.11093021e+01  1.09072562e+01
  1.07035585e+01  1.05002622e+01  1.02969202e+01  1.00889671e+01
  9.88015192e+00  9.67109424e+00  9.45889531e+00  9.24591926e+00
  9.03438293e+00  8.82420096e+00  8.60836622e+00  8.39147880e+00
  8.17530601e+00  7.96037746e+00  7.74074289e+00  7.50707130e+00
  7.27018427e+00  7.03982523e+00  6.80879401e+00  6.57300203e+00
  6.33859395e+00  6.10763877e+00  5.88119996e+00  5.65550164e+00
  5.43440752e+00  5.21249008e+00  4.98260388e+00  4.75306307e+00
  4.52233347e+00  4.29170335e+00  4.06074091e+00  3.82678047e+00
  3.58824609e+00  3.34675389e+00  3.10092864e+00  2.84994923e+00
  2.60311438e+00  2.35567871e+00  2.10764583e+00  1.85979274e+00
  1.60918729e+00  1.36298886e+00  1.12135706e+00  8.82385611e-01
  6.48412760e-01  4.12650516e-01  1.71884462e-01 -6.80356724e-02
 -3.08749448e-01 -5.48963676e-01 -7.89433226e-01 -1.03205091e+00
 -1.27321707e+00 -1.51437497e+00 -1.75568337e+00 -1.99784047e+00
 -2.24080796e+00 -2.48501467e+00 -2.72969444e+00 -2.97354728e+00
 -3.21875832e+00 -3.46470646e+00 -3.70989449e+00 -3.95331107e+00
 -4.19647478e+00 -4.43955000e+00 -4.68223076e+00 -4.92829206e+00
 -5.17500538e+00 -5.42086339e+00 -5.66983412e+00 -5.92349446e+00
 -6.17986056e+00 -6.43669035e+00 -6.69373396e+00 -6.95049241e+00
 -7.20705562e+00 -7.46201399e+00 -7.71682159e+00 -7.97047560e+00
 -8.22535588e+00 -8.48349778e+00 -8.74385061e+00 -9.00471587e+00
 -9.26218420e+00 -9.51320014e+00 -9.76404140e+00 -1.00132977e+01
 -1.02604695e+01 -1.05073262e+01 -1.07558327e+01 -1.10051115e+01
 -1.12519339e+01 -1.14978570e+01 -1.17440740e+01 -1.19897298e+01
 -1.22361784e+01 -1.24854116e+01 -1.27366134e+01 -1.29849198e+01
 -1.32320446e+01 -1.34794209e+01 -1.37255051e+01 -1.39712125e+01
 -1.42171069e+01 -1.44606025e+01 -1.47030002e+01 -1.49455587e+01
 -1.51883915e+01 -1.54301613e+01 -1.56724951e+01 -1.59144310e+01
 -1.61519281e+01 -1.63924639e+01 -1.66347073e+01 -1.68749783e+01
 -1.71160918e+01 -1.73565687e+01 -1.75969326e+01 -1.78358572e+01
 -1.80783653e+01 -1.83279222e+01 -1.85784690e+01 -1.88303222e+01
 -1.90855608e+01 -1.93452700e+01 -1.96092789e+01 -1.98702546e+01
 -2.01279250e+01 -2.03831609e+01 -2.06414777e+01 -2.09025507e+01
 -2.11677747e+01 -2.14314751e+01 -2.16904761e+01 -2.19522324e+01
 -2.22153488e+01 -2.24753491e+01 -2.27376371e+01 -2.30040185e+01
 -2.32715986e+01 -2.35403497e+01 -2.38054043e+01 -2.40759058e+01
 -2.43515868e+01 -2.46277393e+01 -2.49015245e+01 -2.51751053e+01
 -2.54540950e+01 -2.57323688e+01 -2.60125692e+01 -2.62923047e+01
 -2.65671061e+01 -2.68411637e+01 -2.71068250e+01 -2.73673038e+01
 -2.76368004e+01 -2.79103963e+01 -2.81818012e+01 -2.84631069e+01
 -2.87488181e+01 -2.90443076e+01 -2.93388761e+01 -2.96268973e+01
 -2.99178720e+01 -3.02108137e+01 -3.05017019e+01 -3.07904270e+01
 -3.10795859e+01 -3.13619479e+01 -3.16372650e+01 -3.19089301e+01
 -3.21775990e+01 -3.24491905e+01 -3.27251713e+01 -3.30002265e+01
 -3.32693705e+01 -3.35482268e+01 -3.38320538e+01 -3.41158233e+01
 -3.44002866e+01 -3.47032954e+01 -3.50114180e+01 -3.53150805e+01
 -3.56255271e+01 -3.59352100e+01 -3.62282135e+01 -3.65274717e+01
 -3.68160265e+01 -3.70879135e+01 -3.73493493e+01 -3.76050293e+01
 -3.78643251e+01 -3.81193713e+01 -3.83643666e+01 -3.86099305e+01
 -3.88503428e+01 -3.90935542e+01 -3.93379890e+01 -3.95820148e+01
 -3.98128737e+01 -4.00389477e+01 -4.02607070e+01 -4.04761595e+01
 -4.06870981e+01 -4.09038593e+01 -4.11380186e+01 -4.13806311e+01
 -4.16236754e+01 -4.18792064e+01 -4.21100064e+01 -4.23304859e+01
 -4.25479470e+01 -4.27627671e+01 -4.29796677e+01 -4.31981350e+01
 -4.34374300e+01 -4.36719450e+01 -4.38854745e+01 -4.41013161e+01
 -4.43013039e+01 -4.44957853e+01 -4.46759671e+01 -4.48595292e+01
 -4.50437338e+01 -4.52331624e+01 -4.54193525e+01 -4.56071674e+01
 -4.57981050e+01 -4.59697563e+01 -4.61490897e+01 -4.63328145e+01
 -4.65081691e+01 -4.66766484e+01 -4.68477157e+01 -4.70123211e+01
 -4.71798223e+01 -4.73489754e+01 -4.75124635e+01 -4.76795465e+01
 -4.78461010e+01 -4.80200627e+01 -4.82104538e+01 -4.83981900e+01
 -4.85786022e+01 -4.87591943e+01 -4.89398119e+01 -4.91228937e+01
 -4.93105547e+01 -4.95004759e+01 -4.96829333e+01 -4.98618281e+01
 -5.00501652e+01 -5.02319024e+01 -5.04196597e+01 -5.06165917e+01
 -5.08019540e+01 -5.09944938e+01 -5.11873272e+01 -5.13768604e+01
 -5.15635813e+01 -5.17490743e+01 -5.19467445e+01 -5.21459792e+01
 -5.23425805e+01 -5.25400879e+01 -5.27406404e+01 -5.29471196e+01
 -5.31540596e+01 -5.33736389e+01 -5.35875664e+01 -5.37955998e+01
 -5.39983768e+01 -5.42098990e+01 -5.44142762e+01 -5.46095531e+01
 -5.48063833e+01 -5.50137231e+01 -5.52242676e+01 -5.54354173e+01
 -5.56484990e+01 -5.58579317e+01 -5.60666176e+01 -5.62695874e+01
 -5.64706297e+01 -5.66825191e+01 -5.68845726e+01 -5.70780998e+01
 -5.72685445e+01 -5.74650749e+01 -5.76707747e+01 -5.78718525e+01
 -5.80537663e+01 -5.82348048e+01 -5.84209869e+01 -5.86116971e+01
 -5.88092744e+01 -5.90041021e+01 -5.92045842e+01 -5.94100307e+01
 -5.96196049e+01 -5.98315219e+01 -6.00415191e+01 -6.02557599e+01
 -6.04729904e+01 -6.06909193e+01 -6.09236168e+01 -6.11582856e+01
 -6.13874204e+01 -6.16174261e+01 -6.18478005e+01 -6.20821595e+01
 -6.23179404e+01 -6.25506281e+01 -6.27958696e+01 -6.30449645e+01
 -6.32930237e+01 -6.35368268e+01 -6.37821028e+01 -6.40266216e+01
 -6.42787449e+01 -6.45289327e+01 -6.47716274e+01 -6.50148630e+01
 -6.52586517e+01 -6.54943906e+01 -6.57322910e+01 -6.59743729e+01
 -6.62193630e+01 -6.64652285e+01 -6.67106477e+01 -6.69593126e+01
 -6.72025287e+01 -6.74493064e+01 -6.77036644e+01 -6.79623852e+01
 -6.82231642e+01 -6.84835927e+01 -6.87386710e+01 -6.89995520e+01
 -6.92544750e+01 -6.95046813e+01 -6.97539161e+01 -7.00000335e+01
 -7.02426163e+01 -7.04892005e+01 -7.07454386e+01 -7.09975999e+01
 -7.12553489e+01 -7.15215282e+01 -7.17853301e+01 -7.20486835e+01
 -7.23147872e+01 -7.25817302e+01 -7.28555776e+01 -7.31364332e+01
 -7.34240995e+01 -7.37138158e+01 -7.40117799e+01 -7.43047677e+01
 -7.45959572e+01 -7.48921199e+01 -7.51969864e+01 -7.55026091e+01
 -7.58014426e+01 -7.60957507e+01 -7.63892697e+01 -7.66858136e+01
 -7.69917407e+01 -7.72984547e+01 -7.76088025e+01 -7.79161090e+01
 -7.82282466e+01 -7.85361558e+01 -7.88451223e+01 -7.91552023e+01
 -7.94617783e+01 -7.97723266e+01 -8.00756144e+01 -8.03831992e+01
 -8.06922220e+01 -8.10011117e+01 -8.13124890e+01 -8.16254238e+01
 -8.19360146e+01 -8.22571115e+01 -8.25722522e+01 -8.28802377e+01
 -8.31938755e+01 -8.35100856e+01 -8.38198481e+01 -8.41310668e+01
 -8.44381168e+01 -8.47469426e+01 -8.50440729e+01 -8.53354751e+01
 -8.56482878e+01 -8.59617963e+01 -8.62747974e+01 -8.65925611e+01
 -8.69067342e+01 -8.72201326e+01 -8.75416479e+01 -8.78595029e+01
 -8.81627582e+01 -8.84720518e+01 -8.87831908e+01 -8.90937631e+01
 -8.94019547e+01 -8.97176308e+01 -9.00288482e+01 -9.03403314e+01
 -9.06527706e+01 -9.09665866e+01 -9.12793786e+01 -9.15933594e+01
 -9.19070835e+01 -9.22258813e+01 -9.25322676e+01 -9.28375284e+01
 -9.31454140e+01 -9.34506225e+01 -9.37618846e+01 -9.40797980e+01
 -9.43988273e+01 -9.47135803e+01 -9.50307951e+01 -9.53443227e+01
 -9.56579535e+01 -9.59603049e+01 -9.62713945e+01 -9.65861556e+01
 -9.69018214e+01 -9.72191505e+01 -9.75444579e+01 -9.78771822e+01
 -9.82083311e+01 -9.85381399e+01 -9.88696330e+01 -9.92023725e+01
 -9.95156245e+01 -9.98214554e+01 -1.00124769e+02 -1.00430969e+02
 -1.00736691e+02 -1.01041599e+02 -1.01345924e+02 -1.01656653e+02
 -1.01959194e+02 -1.02268002e+02 -1.02570706e+02 -1.02861107e+02
 -1.03156445e+02 -1.03452252e+02 -1.03755474e+02 -1.04060601e+02
 -1.04376608e+02 -1.04703136e+02 -1.05018975e+02 -1.05337457e+02
 -1.05653274e+02 -1.05970475e+02 -1.06277763e+02 -1.06594655e+02
 -1.06907165e+02 -1.07216464e+02 -1.07536044e+02 -1.07852481e+02
 -1.08163991e+02 -1.08481339e+02 -1.08804319e+02 -1.09122084e+02
 -1.09436623e+02 -1.09744054e+02 -1.10047470e+02 -1.10366133e+02
 -1.10685750e+02 -1.11005328e+02 -1.11330476e+02 -1.11647639e+02
 -1.11956235e+02 -1.12274618e+02 -1.12583597e+02 -1.12893635e+02
 -1.13211992e+02 -1.13538066e+02 -1.13859426e+02 -1.14183727e+02
 -1.14493489e+02 -1.14805835e+02 -1.15118072e+02 -1.15446074e+02
 -1.15781202e+02 -1.16116090e+02 -1.16443565e+02 -1.16761944e+02
 -1.17063946e+02 -1.17366772e+02 -1.17677251e+02 -1.17999173e+02
 -1.18324089e+02 -1.18665343e+02 -1.19000187e+02 -1.19330432e+02
 -1.19659357e+02 -1.19997188e+02 -1.20333192e+02 -1.20669736e+02
 -1.21003650e+02 -1.21333842e+02 -1.21667698e+02 -1.22011078e+02
 -1.22370406e+02 -1.22735668e+02 -1.23093476e+02 -1.23432406e+02
 -1.23781743e+02 -1.24122122e+02 -1.24443089e+02 -1.24787583e+02
 -1.25134462e+02 -1.25493541e+02 -1.25844114e+02 -1.26192698e+02
 -1.26542124e+02 -1.26860675e+02 -1.27187489e+02 -1.27517217e+02
 -1.27850172e+02 -1.28187300e+02 -1.28528395e+02 -1.28891336e+02
 -1.29258553e+02 -1.29599523e+02 -1.29961949e+02 -1.30323341e+02
 -1.30695351e+02 -1.31055921e+02 -1.31415750e+02 -1.31774061e+02
 -1.32143485e+02 -1.32510948e+02 -1.32876018e+02 -1.33229267e+02
 -1.33569741e+02 -1.33908575e+02 -1.34232495e+02 -1.34551217e+02
 -1.34891088e+02 -1.35228115e+02 -1.35558732e+02 -1.35882515e+02
 -1.36201079e+02 -1.36517369e+02 -1.36824815e+02 -1.37138068e+02
 -1.37471980e+02 -1.37808356e+02 -1.38145118e+02 -1.38507162e+02
 -1.38851975e+02 -1.39206849e+02 -1.39573078e+02 -1.39932825e+02
 -1.40292317e+02 -1.40650416e+02 -1.41012287e+02 -1.41365929e+02
 -1.41729127e+02 -1.42101816e+02 -1.42468816e+02 -1.42820415e+02
 -1.43167901e+02 -1.43524788e+02 -1.43885045e+02 -1.44254969e+02
 -1.44630042e+02 -1.45008285e+02 -1.45388751e+02 -1.45764629e+02
 -1.46145017e+02 -1.46550361e+02 -1.46951177e+02 -1.47347131e+02
 -1.47764359e+02 -1.48178699e+02 -1.48575286e+02 -1.48985234e+02
 -1.49382538e+02 -1.49802331e+02 -1.50203083e+02 -1.50568383e+02
 -1.50927494e+02 -1.51267893e+02 -1.51615741e+02 -1.51979590e+02
 -1.52335986e+02 -1.52678622e+02 -1.53047678e+02 -1.53414978e+02
 -1.53777368e+02 -1.54141914e+02 -1.54523905e+02 -1.54890002e+02
 -1.55260599e+02 -1.55630912e+02 -1.56028127e+02 -1.56445672e+02
 -1.56836485e+02 -1.57236751e+02 -1.57642640e+02 -1.58086486e+02
 -1.58501762e+02 -1.58890856e+02 -1.59275787e+02 -1.59634962e+02
 -1.59987526e+02 -1.60366041e+02 -1.60725175e+02 -1.61081756e+02
 -1.61455025e+02 -1.61829930e+02 -1.62192762e+02 -1.62542222e+02
 -1.62894698e+02 -1.63268380e+02 -1.63599768e+02 -1.63933644e+02
 -1.64269384e+02 -1.64596483e+02 -1.64964250e+02 -1.65334604e+02
 -1.65680446e+02 -1.66062863e+02 -1.66441788e+02 -1.66852347e+02
 -1.67263360e+02 -1.67623204e+02 -1.67987328e+02 -1.68347448e+02
 -1.68694962e+02 -1.69049071e+02 -1.69383321e+02 -1.69751689e+02
 -1.70142088e+02 -1.70492075e+02 -1.70861749e+02 -1.71279380e+02
 -1.71678006e+02 -1.72043263e+02 -1.72399411e+02 -1.72768297e+02
 -1.73116627e+02 -1.73490708e+02 -1.73852421e+02 -1.74213642e+02
 -1.74558189e+02 -1.74897084e+02 -1.75247905e+02 -1.75631048e+02
 -1.75982838e+02 -1.76348933e+02 -1.76668927e+02 -1.76974890e+02
 -1.77274348e+02 -1.77563436e+02 -1.77879763e+02 -1.78188139e+02
 -1.78482259e+02 -1.78805969e+02 -1.79162178e+02 -1.79548454e+02
 -1.79905055e+02 -1.80246901e+02 -1.80619971e+02 -1.81044331e+02
 -1.81504870e+02 -1.81922676e+02 -1.82328770e+02 -1.82730050e+02
 -1.83076586e+02 -1.83469563e+02 -1.83908401e+02 -1.84339017e+02
 -1.84740849e+02 -1.85126093e+02 -1.85486087e+02 -1.85859054e+02
 -1.86238005e+02 -1.86621167e+02 -1.86992838e+02 -1.87358450e+02
 -1.87755942e+02 -1.88156066e+02 -1.88551345e+02 -1.88981570e+02
 -1.89416833e+02 -1.89824743e+02 -1.90204288e+02 -1.90587143e+02
 -1.91000044e+02 -1.91429011e+02 -1.91863085e+02 -1.92282725e+02
 -1.92687542e+02 -1.93055493e+02 -1.93421244e+02 -1.93809616e+02
 -1.94255880e+02 -1.94641181e+02 -1.94987840e+02 -1.95327579e+02
 -1.95678122e+02 -1.96058122e+02 -1.96450802e+02 -1.96858830e+02
 -1.97285414e+02 -1.97726518e+02 -1.98140135e+02 -1.98554011e+02
 -1.99005695e+02 -1.99392038e+02 -1.99787309e+02 -2.00205012e+02
 -2.00629636e+02 -2.01062836e+02 -2.01472176e+02 -2.01837227e+02
 -2.02208776e+02 -2.02600475e+02 -2.02993487e+02 -2.03357355e+02
 -2.03718501e+02 -2.04073005e+02 -2.04470449e+02 -2.04810267e+02
 -2.05071366e+02 -2.05370794e+02 -2.05719211e+02 -2.06073321e+02
 -2.06443756e+02 -2.06797388e+02 -2.07090520e+02 -2.07373181e+02
 -2.07617287e+02 -2.07919583e+02 -2.08223167e+02 -2.08515397e+02
 -2.08781181e+02 -2.09067165e+02 -2.09392196e+02 -2.09715997e+02
 -2.10088018e+02 -2.10456822e+02 -2.10825352e+02 -2.11140962e+02
 -2.11497823e+02 -2.11830916e+02 -2.12211180e+02 -2.12593720e+02
 -2.12972516e+02 -2.13359945e+02 -2.13768255e+02 -2.14216529e+02
 -2.14667196e+02 -2.15051770e+02 -2.15405342e+02 -2.15746574e+02
 -2.16137164e+02 -2.16484902e+02 -2.16855350e+02 -2.17230881e+02
 -2.17579132e+02 -2.17967346e+02 -2.18372522e+02 -2.18753580e+02
 -2.19081979e+02 -2.19424857e+02 -2.19714248e+02 -2.20008103e+02
 -2.20299199e+02 -2.20519280e+02 -2.20780422e+02 -2.21114939e+02
 -2.21437773e+02 -2.21781100e+02 -2.22026175e+02 -2.22256982e+02
 -2.22586083e+02 -2.22902825e+02 -2.23220122e+02 -2.23497965e+02
 -2.23791609e+02 -2.24089124e+02 -2.24358490e+02 -2.24660102e+02
 -2.24925495e+02 -2.25152447e+02 -2.25373961e+02 -2.25575867e+02
 -2.25821118e+02 -2.26102369e+02 -2.26365336e+02 -2.26636436e+02
 -2.26900884e+02 -2.27203252e+02 -2.27524700e+02 -2.27861500e+02
 -2.28167043e+02 -2.28460381e+02 -2.28793878e+02 -2.29142932e+02
 -2.29478890e+02 -2.29783086e+02 -2.30074653e+02 -2.30395603e+02
 -2.30745004e+02 -2.31142774e+02 -2.31509321e+02 -2.31844535e+02
 -2.32172397e+02 -2.32562833e+02 -2.32888096e+02 -2.33256868e+02
 -2.33632729e+02 -2.33972582e+02 -2.34284735e+02 -2.34581320e+02
 -2.34928113e+02 -2.35259215e+02 -2.35647120e+02 -2.35990887e+02
 -2.36296747e+02 -2.36661485e+02 -2.37026095e+02 -2.37405796e+02
 -2.37764779e+02 -2.38084803e+02 -2.38351090e+02 -2.38597331e+02
 -2.38835488e+02 -2.39133979e+02 -2.39437107e+02 -2.39730599e+02
 -2.40013835e+02 -2.40307082e+02 -2.40633676e+02 -2.40940301e+02
 -2.41259676e+02 -2.41592177e+02 -2.41892112e+02 -2.42203081e+02
 -2.42490016e+02 -2.42792397e+02 -2.43088525e+02 -2.43414183e+02
 -2.43751272e+02 -2.44063170e+02 -2.44349009e+02 -2.44690105e+02
 -2.45029938e+02 -2.45306491e+02 -2.45559664e+02 -2.45804283e+02
 -2.46001784e+02 -2.46267674e+02 -2.46493790e+02 -2.46776305e+02
 -2.47052485e+02 -2.47348778e+02 -2.47607370e+02 -2.47885290e+02
 -2.48163300e+02 -2.48386571e+02 -2.48646310e+02 -2.48931984e+02
 -2.49185840e+02 -2.49413670e+02 -2.49630504e+02 -2.49857355e+02
 -2.50064099e+02 -2.50302395e+02 -2.50497016e+02 -2.50683166e+02
 -2.50901455e+02 -2.51129863e+02 -2.51265278e+02 -2.51385478e+02
 -2.51509284e+02 -2.51607437e+02 -2.51675154e+02 -2.51760464e+02
 -2.51903391e+02 -2.51979343e+02 -2.52051590e+02 -2.52095185e+02
 -2.52124928e+02 -2.52150244e+02 -2.52181287e+02 -2.52309164e+02
 -2.52437827e+02 -2.52549055e+02 -2.52637268e+02 -2.52742658e+02
 -2.52871814e+02 -2.52960088e+02 -2.53051644e+02 -2.53143731e+02
 -2.53245308e+02 -2.53347356e+02 -2.53438298e+02 -2.53522896e+02
 -2.53630728e+02 -2.53739452e+02 -2.53839818e+02 -2.53964725e+02
 -2.54082594e+02 -2.54170457e+02 -2.54224746e+02 -2.54300111e+02
 -2.54395051e+02 -2.54456870e+02 -2.54453800e+02 -2.54452840e+02
 -2.54480823e+02 -2.54575114e+02 -2.54664959e+02 -2.54720513e+02
 -2.54821888e+02 -2.54937745e+02 -2.55057312e+02 -2.55193452e+02
 -2.55334763e+02 -2.55518443e+02 -2.55707771e+02 -2.55843915e+02
 -2.55960973e+02 -2.56055737e+02 -2.56176516e+02 -2.56302753e+02
 -2.56468293e+02 -2.56609663e+02 -2.56744699e+02 -2.56921766e+02
 -2.57053257e+02 -2.57178600e+02 -2.57296082e+02 -2.57359151e+02
 -2.57407374e+02 -2.57478871e+02 -2.57527197e+02 -2.57567964e+02
 -2.57625048e+02 -2.57640603e+02 -2.57670467e+02 -2.57698362e+02
 -2.57747844e+02 -2.57799985e+02 -2.57845360e+02 -2.57944184e+02
 -2.58056931e+02 -2.58165796e+02 -2.58261783e+02 -2.58334785e+02
 -2.58389659e+02 -2.58435168e+02 -2.58496121e+02 -2.58549016e+02
 -2.58634971e+02 -2.58683359e+02 -2.58694375e+02 -2.58792843e+02
 -2.58905220e+02 -2.58985683e+02 -2.59081455e+02 -2.59124769e+02
 -2.59126200e+02 -2.59143860e+02 -2.59228776e+02 -2.59331312e+02
 -2.59420635e+02 -2.59454774e+02 -2.59489038e+02 -2.59547194e+02
 -2.59679860e+02 -2.59799749e+02 -2.59969657e+02 -2.60079811e+02
 -2.60167462e+02 -2.60240774e+02 -2.60328640e+02 -2.60406343e+02
 -2.60476400e+02 -2.60591878e+02 -2.60654693e+02 -2.60744691e+02
 -2.60816629e+02 -2.60873457e+02 -2.60885839e+02 -2.60877140e+02
 -2.60866778e+02 -2.60851192e+02 -2.60820040e+02 -2.60737900e+02
 -2.60638589e+02 -2.60582410e+02 -2.60550473e+02 -2.60483615e+02
 -2.60351355e+02 -2.60228040e+02 -2.60120525e+02 -2.60013275e+02
 -2.59902601e+02 -2.59812213e+02 -2.59732216e+02 -2.59678003e+02
 -2.59616332e+02 -2.59582509e+02 -2.59509326e+02 -2.59418267e+02
 -2.59344417e+02 -2.59246161e+02 -2.59171804e+02 -2.59094339e+02
 -2.59009552e+02 -2.58953132e+02 -2.58917590e+02 -2.58872964e+02
 -2.58808133e+02 -2.58764871e+02 -2.58739713e+02 -2.58671422e+02
 -2.58582988e+02 -2.58511061e+02 -2.58484863e+02 -2.58476875e+02
 -2.58458002e+02 -2.58357950e+02 -2.58267030e+02 -2.58163305e+02
 -2.58104395e+02 -2.58042726e+02 -2.57964055e+02 -2.57919405e+02
 -2.57847336e+02 -2.57772343e+02 -2.57717464e+02 -2.57667485e+02
 -2.57634750e+02 -2.57598446e+02 -2.57533281e+02 -2.57487128e+02
 -2.57471640e+02 -2.57467952e+02 -2.57514544e+02 -2.57504080e+02
 -2.57504314e+02 -2.57528192e+02 -2.57521497e+02 -2.57513306e+02
 -2.57470744e+02 -2.57456021e+02 -2.57407684e+02 -2.57386268e+02
 -2.57360935e+02 -2.57347954e+02 -2.57323872e+02 -2.57283742e+02
 -2.57243841e+02 -2.57236276e+02 -2.57224584e+02 -2.57220502e+02
 -2.57233611e+02 -2.57252819e+02 -2.57237611e+02 -2.57233538e+02
 -2.57247250e+02 -2.57254939e+02 -2.57251376e+02 -2.57264502e+02
 -2.57322397e+02 -2.57345374e+02 -2.57375646e+02 -2.57369005e+02
 -2.57383414e+02 -2.57417500e+02 -2.57485811e+02 -2.57551999e+02
 -2.57620878e+02 -2.57684772e+02 -2.57738077e+02 -2.57764705e+02
 -2.57767044e+02 -2.57779880e+02 -2.57791180e+02 -2.57851637e+02
 -2.57895187e+02 -2.57943361e+02 -2.57984333e+02 -2.58001624e+02
 -2.58022222e+02 -2.58037929e+02 -2.58089681e+02 -2.58155941e+02
 -2.58224703e+02 -2.58287363e+02 -2.58318085e+02 -2.58377151e+02
 -2.58421534e+02 -2.58484804e+02 -2.58553757e+02 -2.58612071e+02
 -2.58678826e+02 -2.58735041e+02 -2.58812369e+02 -2.58856643e+02
 -2.58920205e+02]","[ 25.60471352  25.59112578  25.58870909  25.54270074  25.46416052
  25.42498819  25.39743988  25.34649443  25.30606752  25.27448029
  25.23563574  25.19010074  25.1468267   25.07808622  24.97741689
  24.90842742  24.82742183  24.75362153  24.68643274  24.67159736
  24.66146336  24.63450207  24.60433043  24.56686294  24.52941492
  24.52762251  24.55148892  24.60433708  24.65268193  24.69529953
  24.72565267  24.78328921  24.81227477  24.85255186  24.92367314
  24.97390005  25.00707695  25.07830919  25.17847486  25.26625564
  25.29673156  25.33280766  25.37721839  25.43021643  25.48624139
  25.57710542  25.62180442  25.64764816  25.69423109  25.77666478
  25.88121204  26.01642461  26.18294182  26.28924054  26.350079
  26.36672691  26.30272778  26.18134652  26.04542844  25.94467576
  25.84166817  25.75171798  25.65246336  25.57217381  25.55848954
  25.53951118  25.54678997  25.59380271  25.64666959  25.67483826
  25.68110022  25.64877583  25.62885445  25.58949839  25.56616853
  25.53388772  25.46694734  25.40492269  25.35203241  25.2587034
  25.19772526  25.12349175  25.02727231  24.95259585  24.89605873
  24.84589264  24.79535289  24.72559493  24.60474462  24.48891856
  24.39893591  24.30549782  24.16401619  24.0341548   23.87848691
  23.69973885  23.48869617  23.28947567  23.08544942  22.86324966
  22.66088115  22.50018783  22.37338394  22.25293804  22.09589805
  21.96753953  21.87299619  21.77364802  21.66221073  21.54385859
  21.4392139   21.34265045  21.2442533   21.14204212  21.011484
  20.87039748  20.7460231   20.65676152  20.58051607  20.49884953
  20.4382675   20.35982137  20.26771375  20.18867133  20.13748862
  20.10280641  20.09259379  20.09178251  20.09010297  20.11029479
  20.14319463  20.16622655  20.20303679  20.2282299   20.26483801
  20.29305147  20.3251759   20.34951381  20.37901942  20.41143653
  20.43143618  20.45766208  20.5001683   20.54015381  20.57177435
  20.60583063  20.64130894  20.65716459  20.6697793   20.67948059
  20.67780569  20.67404528  20.67688485  20.68618481  20.66947853
  20.64820556  20.62989432  20.61849132  20.59029922  20.50224682
  20.39626904  20.31553583  20.22973716  20.12292216  20.02052227
  19.92666216  19.85155806  19.77675493  19.72180537  19.66179641
  19.56574505  19.47040697  19.37042837  19.2676719   19.15736907
  19.03263081  18.88737587  18.72778011  18.54572175  18.3439259
  18.15975116  17.97415444  17.78562307  17.59418496  17.38817342
  17.19768032  17.02762557  16.86891405  16.73138789  16.58833365
  16.42464444  16.26479782  16.1006748   15.94023566  15.78004939
  15.61394039  15.45404162  15.29550972  15.13841903  14.98001487
  14.81649528  14.65063388  14.48582381  14.32326567  14.15771319
  13.99109627  13.82778169  13.67354935  13.52247572  13.37510543
  13.23372367  13.08293033  12.93264449  12.79193895  12.64516383
  12.48949213  12.32858184  12.17427586  12.02390327  11.88088231
  11.74495519  11.62574519  11.51412874  11.41409792  11.31348878
  11.20606978  11.10028331  10.99927193  10.9196882   10.86643803
  10.82017142  10.78448939  10.76322296  10.75456199  10.75118604
  10.75158576  10.76168543  10.77668884  10.79257335  10.81987862
  10.85546664  10.89184382  10.93162895  10.9783232   11.02985547
  11.0849867   11.14571907  11.21355484  11.28523606  11.36553402
  11.45225225  11.53978214  11.64467011  11.75520511  11.86851044
  11.98424836  12.09260778  12.2109259   12.33603383  12.47083445
  12.61633578  12.76553537  12.92058087  13.07707084  13.25271816
  13.45736078  13.675899    13.90890727  14.14593418  14.40580314
  14.67228667  14.9311372   15.18629747  15.44609761  15.72072242
  16.00807601  16.31599843  16.62356924  16.92106281  17.23019506
  17.54810551  17.86287325  18.19400862  18.54459375  18.89922969
  19.25537979  19.60129869  19.95870204  20.33710471  20.72584152
  21.10744756  21.48708686  21.87395239  22.26655115  22.67684261
  23.11071124  23.50819465  23.89063085  24.22864312  24.54624225
  24.90687019  25.28720135  25.66214146  26.09785558  26.53967374
  27.00885249  27.47439164  27.89525908  28.34002366  28.81164857
  29.28146496  29.72021653  30.15301198  30.57337589  30.93958574
  31.30361908  31.64735355  32.00059572  32.37362728  32.75573004
  33.12080199  33.54039873  34.01268074  34.46215406  34.91701335
  35.47156217  36.06376234  36.6338302   37.2211579   37.79332212
  38.29861977  38.82298436  39.25265364  39.58867967  39.88708196
  40.14133913  40.38708091  40.60158464  40.76632519  40.94439278
  41.07088249  41.22880115  41.40644361  41.56306632  41.63634732
  41.67511713  41.6807449   41.6352509   41.5727738   41.55178696
  41.62007263  41.74817946  41.88832683  42.09034795  42.13674727
  42.11375113  42.05245983  41.96104964  41.88119465  41.80211965
  41.83477293  41.85249719  41.78070939  41.71692277  41.56981096
  41.37741507  41.1137697   40.88609156  40.6858483   40.51366116
  40.32288286  40.13669344  39.97387715  39.69786407  39.43701408
  39.17459225  38.85826895  38.52292666  38.20766445  37.88319153
  37.58508517  37.28449373  36.92640385  36.61635129  36.2984881
  36.02515026  35.80634521  35.57930827  35.34722457  35.10735471
  34.87844614  34.65542846  34.46017872  34.27800119  34.08818895
  33.89972206  33.75281786  33.57649469  33.41430855  33.28891561
  33.13738434  33.0136123   32.89443632  32.7908136   32.64745823
  32.49102228  32.37752248  32.28432062  32.18775897  32.09465013
  32.01343187  31.94056139  31.86957839  31.83603636  31.78427372
  31.72624552  31.65190787  31.59512875  31.50018639  31.38731457
  31.27710503  31.19894631  31.13229178  31.06749634  31.01758984
  30.94206293  30.87542699  30.8134849   30.71940263  30.65241013
  30.57028097  30.45897245  30.35867713  30.27440098  30.18455609
  30.08365221  29.93823111  29.78310389  29.65352816  29.55727633
  29.48939444  29.44019311  29.38731429  29.34944674  29.32088836
  29.30550471  29.28773148  29.27245627  29.27504724  29.28538652
  29.33083993  29.37748847  29.4205626   29.4625039   29.51190874
  29.55923817  29.604834    29.66942719  29.76107512  29.85753964
  29.95218214  30.04504591  30.13754823  30.23049016  30.32750786
  30.42170803  30.52475061  30.63498504  30.7397283   30.84215132
  30.94608128  31.05110215  31.16287662  31.28614839  31.41486667
  31.54575257  31.67650284  31.81405577  31.95522075  32.10518094
  32.25829851  32.41093452  32.55980568  32.70994949  32.86017691
  33.01085263  33.16626482  33.32360881  33.47937626  33.640576
  33.81157245  33.98315354  34.16001065  34.33711029  34.51087923
  34.68583631  34.86672734  35.05213143  35.23946857  35.42788667
  35.61565737  35.80336294  35.9986833   36.19976501  36.40075714
  36.59729343  36.79569423  36.995753    37.1936434   37.39429805
  37.59738526  37.80225374  38.01603586  38.2405149   38.46206735
  38.68255666  38.90107735  39.11678653  39.33591615  39.55332112
  39.76726401  39.97947164  40.1861715   40.39602861  40.60934086
  40.8214301   41.03952598  41.25488918  41.46946769  41.68219702
  41.8940139   42.10725537  42.32443505  42.54335516  42.76233124
  42.98189354  43.19795196  43.41346438  43.62376451  43.84111811
  44.07141147  44.30258052  44.52742982  44.75126247  44.97816984
  45.21003116  45.44473541  45.68271587  45.92214869  46.16539993
  46.41113463  46.65369437  46.8938266   47.13838332  47.372795
  47.60304752  47.82595543  48.04982642  48.27746937  48.50275265
  48.72683801  48.96334905  49.19639872  49.42664909  49.65297188
  49.88119859  50.11371855  50.34350527  50.58440637  50.81613422
  51.04150652  51.25808654  51.48069591  51.70766182  51.93504297
  52.16830702  52.39675661  52.62173218  52.8509757   53.08666536
  53.31602893  53.5415849   53.76355252  53.97975941  54.18196765
  54.37948068  54.57486831  54.78127944  54.99414188  55.20403818
  55.40682467  55.60584914  55.80279129  56.00450084  56.20325514
  56.40084826  56.59795852  56.79155176  56.99051432  57.19552536
  57.40475653  57.61177345  57.80301545  57.99253273  58.16853971
  58.34179865  58.51600491  58.68824279  58.85585282  59.01616936
  59.18275921  59.34651507  59.51119597  59.66079133  59.80340527
  59.93495312  60.06144143  60.18329606  60.3016823   60.42742618
  60.56342937  60.70283727  60.84061292  60.97362123  61.09873952
  61.22215359  61.33997298  61.45358062  61.57030052  61.68762911
  61.79928322  61.91290096  62.01891908  62.12158649  62.22154013
  62.3254309   62.42837983  62.53057258  62.63617905  62.73964172
  62.83339142  62.92982479  63.02948646  63.1286356   63.22471909
  63.32260168  63.41615723  63.50041634  63.58449952  63.67017143
  63.75548045  63.84681494  63.93454008  64.01830489  64.1044538
  64.19619358  64.29334614  64.39751556  64.49455328  64.57788946
  64.66750162  64.75278733  64.831867    64.9182409   65.00413114
  65.09158578  65.18004685  65.27002933  65.37108159  65.463729
  65.56812577  65.68256817  65.79991664  65.9135181   66.02717484
  66.15517088  66.28684828  66.40726173  66.54546151  66.68655187
  66.83077181  66.97306647  67.11703719  67.26829957  67.42152679
  67.57164211  67.72617089  67.86675598  68.0015969   68.12494309
  68.23466882  68.34461395  68.45158354  68.55523727  68.6670529
  68.78878997  68.91102893  69.0275991   69.13734893  69.25482066
  69.38214917  69.50831381  69.63475173  69.76986808  69.88682181
  70.00802135  70.13764456  70.27913246  70.40964463  70.54443092
  70.68068584  70.81088693  70.94930286  71.09153507  71.24399143
  71.39088144  71.53183874  71.66797878  71.81583253  71.97137932
  72.12244756  72.2903894   72.46142539  72.62948625  72.80337611
  73.0028575   73.20457766  73.41446692  73.62113087  73.81756581
  74.0073584   74.20124493  74.39028335  74.60153863  74.79379698
  74.94384821  75.08426858  75.20845196  75.34682783  75.51317812
  75.65867244  75.79174859  75.94653721  76.09612885  76.25178966
  76.41534946  76.59617304  76.74515943  76.88940071  77.03276907
  77.19173967  77.37465402  77.53839935  77.71630225  77.89641038
  78.13325474  78.33611689  78.50148927  78.68815507  78.84158065
  78.99787673  79.20897647  79.38323611  79.55512896  79.74877732
  79.96760986  80.18176426  80.35775625  80.52964609  80.7291837
  80.87752259  81.00356056  81.14447921  81.27767621  81.44280028
  81.59105201  81.67557042  81.84042892  81.99359916  82.20225963
  82.40247453  82.49201157  82.60382341  82.68767614  82.72820631
  82.80003134  82.88270552  83.04560989  83.23392687  83.33459464
  83.47227442  83.71226469  83.89096513  83.9937934   84.11281995
  84.27034698  84.36829723  84.47958015  84.56263099  84.67714656
  84.79158172  84.89607663  85.01501239  85.19748848  85.2993125
  85.47317671  85.54298998  85.62005793  85.70694735  85.76363239
  85.89617303  86.02233711  86.10454077  86.23133736  86.39870737
  86.62803172  86.81582507  86.94261107  87.17804461  87.54884665
  88.00471034  88.37227645  88.7291166   89.09145599  89.32453178
  89.66982174  90.12258657  90.54893192  90.86772619  91.16596858
  91.43889803  91.71933426  92.0123022   92.32647424  92.59692049
  92.82724958  93.16695054  93.51767369  93.8043345   94.21552611
  94.64475712  95.00307295  95.26225765  95.46239173  95.750946
  96.10717054  96.49921145  96.83239177  97.14449124  97.35895761
  97.59349951  97.92937304  98.45386281  98.78242351  99.0359089
  99.26743379  99.50251222  99.81298598 100.1946527  100.65204678
 101.09850351 101.58064162 101.93283391 102.2868563  102.77014071
 103.07361923 103.42818523 103.82274396 104.22501585 104.67301846
 105.05682839 105.30315141 105.5902313  105.95913623 106.30874933
 106.50414399 106.71750606 106.90537955 107.16384865 107.27811368
 107.14486152 107.1475503  107.22461932 107.32194148 107.46804929
 107.61042042 107.58752973 107.50492973 107.34039331 107.35404143
 107.38369384 107.44577077 107.45948049 107.49567439 107.61392515
 107.73668254 107.97497015 108.20244638 108.44811217 108.56778637
 108.81118768 108.9716347  109.26850065 109.53837727 109.82201394
 110.14117941 110.54001781 111.04781018 111.56391248 111.8736605
 112.09013219 112.2741368  112.66619308 112.97289077 113.28630454
 113.59289206 113.83604218 114.23049188 114.70107914 115.0281303
 115.20641111 115.42796289 115.50416617 115.5459431  115.60067641
 115.48592817 115.49387075 115.71534419 115.93214224 116.17511751
 116.14544544 116.1382564  116.3685707  116.55191231 116.7509146
 116.87496898 117.03114392 117.21546442 117.3260519  117.50335565
 117.59783385 117.63937084 117.66610611 117.63356831 117.68207191
 117.76825559 117.82741631 117.8847387  117.90413607 118.03477376
 118.22976982 118.4636487  118.62764963 118.76436878 119.02046179
 119.31853117 119.58779307 119.79539643 119.99468596 120.23787078
 120.55152518 120.98989591 121.33231351 121.6031601  121.86304416
 122.25855681 122.50496459 122.85104837 123.2198681  123.49653322
 123.73079967 123.93085617 124.24659441 124.52140591 124.93171657
 125.24846863 125.49404686 125.89832674 126.30543893 126.7222014
 127.10231499 127.39139608 127.55393823 127.68145507 127.77500604
 127.98569699 128.19420412 128.39273181 128.59190018 128.80263419
 129.08556078 129.35800977 129.65237202 129.98607044 130.25674929
 130.55347925 130.82036459 131.08693165 131.33348863 131.65907748
 132.00580619 132.32038261 132.5828915  132.93126037 133.28273713
 133.50314773 133.68004327 133.85273349 133.94161001 134.18266921
 134.34389315 134.6042563  134.84434832 135.1374948  135.3672166
 135.61040697 135.85094177 136.00690268 136.25048411 136.51093376
 136.6949262  136.84164989 136.96942539 137.13090725 137.24353919
 137.37823311 137.38966339 137.37744361 137.39119223 137.47282346
 137.39736465 137.30695645 137.21634345 137.05810297 136.86449473
 136.6988486  136.60603796 136.38963629 136.19793219 135.96770775
 135.71408116 135.45297791 135.2133111  135.12635293 135.07475179
 134.97279434 134.85531732 134.77766356 134.7377037  134.62067954
 134.47709552 134.3086643  134.15947151 134.02501905 133.87876906
 133.76090805 133.68968442 133.58733649 133.49671821 133.45046447
 133.39322565 133.29181137 133.13438193 133.00814865 132.91238605
 132.77978581 132.56995859 132.37638361 132.23433027 132.21492498
 132.16885798 132.0429396  131.9939357  131.92989159 131.89751496
 131.90476857 131.93235664 132.04599566 132.14260592 132.13978017
 132.10891215 132.07133126 132.06878016 132.09655309 132.18724155
 132.20340109 132.20399185 132.27422843 132.26378603 132.22113758
 132.19578205 132.08768605 131.96417912 131.88578623 131.77559086
 131.62851533 131.52172777 131.30716589 131.12272968 130.94962854
 130.81031791 130.6643454  130.48408976 130.38897883 130.31998057
 130.25086523 130.19111255 130.11421974 129.97332303 129.80071478
 129.65320557 129.51326321 129.43091023 129.29887773 129.081754
 129.03219179 128.99977392 128.88320097 128.75193381 128.52486267
 128.21537748 127.9464926  127.78533093 127.61738622 127.44239579
 127.15628611 126.84147263 126.60458233 126.51197528 126.38480868
 126.36260112 126.25906001 126.10015497 125.89550749 125.73283229
 125.54479104 125.31229203 125.16487469 124.95871925 124.77544448
 124.5964769  124.40632671 124.1231319  123.80384887 123.45001358
 123.08305101 122.70961643 122.2598742  121.76083537 121.34635155
 121.00005919 120.60742356 120.1240669  119.69089717 119.32773809
 118.93652253 118.5684556  118.24183685 117.91745702 117.62442452
 117.33446991 117.07906643 116.79223373 116.48708643 116.21126116
 115.9060788  115.6360828  115.36180108 115.0934024  114.84453124
 114.60749928 114.37344303 114.12171649 113.87046249 113.6163633
 113.31378826 113.01226459 112.73463404 112.48752743 112.23953824
 111.98467169 111.69944013 111.4285697  111.16456841 110.92268338
 110.67183716 110.41596431 110.18230594 109.93255263 109.67918068
 109.43954458 109.18608341 108.95048795 108.72377504 108.47264006
 108.22363963 107.97611462 107.74858598 107.53557552 107.30456265
 107.07009323 106.83626095 106.59603749 106.35492559 106.09521886
 105.84140359 105.59211335 105.35099819 105.09764252 104.83827644
 104.5747787  104.30568163 104.03377571 103.79192789 103.56317742
 103.3413459  103.12696524 102.91690536 102.71151863 102.51095704
 102.31055689 102.124768   101.94154026 101.75698482 101.56263296
 101.37508662 101.1909059  101.00206304 100.79672533 100.59033067
 100.39442715 100.1933911   99.9778216   99.75571703  99.52925404
  99.30141393  99.08421892  98.86868393  98.6606614   98.44007814
  98.21213765  97.99287426  97.77819439  97.56216002  97.33483303
  97.10830087  96.88533308  96.66026727  96.44753412  96.23647042
  96.03939465  95.84299187  95.64235476  95.42454617  95.20488596
  94.99423887  94.77852007  94.56677757  94.36319036  94.16490732
  93.97635657]"
