n:se98it30 dfo z2:216.0 z1:1260.0 data:pos,"[0.99977299 0.99959198 1.00009627 1.00282283 0.99919212 0.99833434
 1.00118333 0.99778639 1.00193715 0.9987868  0.99908914 1.00265089
 1.00343303 1.00473935 0.99306715 1.00584638 1.00394459 1.00281353
 0.98575629 1.00630332 0.99693691 1.02134776 0.96587042 1.01497568
 1.00274574 0.98443599 1.01500829 0.99642839 0.96303094]","[0.00345667 0.00504476 0.00468938 0.00768527 0.00826009 0.00902116
 0.01188248 0.01368023 0.01097425 0.0201152  0.01608187 0.02024908
 0.01941005 0.02588833 0.0313097  0.03841398 0.02560661 0.03856214
 0.03232872 0.05404219 0.04015434 0.0547945  0.03723022 0.04352721
 0.05953601 0.04183257 0.04796232 0.0612582  0.06749673]","[4401.06752947 3791.5747835  3249.08524464 2644.43667141 2299.32536167
 2130.34404532 1881.97895948 1629.02791106 1543.55281088 1371.67423462
 1240.11507699 1157.23710746 1050.40244749  914.1640695   754.43850404
  693.50355048  606.50565189  522.15597081  441.11430303  415.1988041
  371.34164676  342.10807898  274.26673889  266.30592639  236.17432764
  205.31152385  192.81314142  167.47377792  142.85966251]","[56.38687808 44.12143761 57.01864395 45.35060722 37.3203672  43.35284829
 42.8908812  37.53547244 38.69564405 39.84367229 33.27361087 34.57799413
 21.49443081 26.02142603 17.70286198 19.57751923 24.91540821 10.6899675
 17.66660685 23.25101092 15.11311779 18.91473798 12.63084478 13.83965611
 12.87661807  8.9969102  13.60032472 12.93104992  9.78758598]"
