sigma_1 z2:180.0 z1:1410.0 norm:sum vel:poly,3.4009541593549084,0.9625788840596048,"(3.0712309600301153, 3.519615484931408, 3.5912612555999917, 2.8532064876499468, 4.020460125154201, 2.6859440379665913, 2.29203518006264, 4.7202893612241335, 5.497150194763846, 1.8994176205776268, 3.05818984851605, 3.562356314975406, 3.2202690272505192, 3.43156067087594, 2.1781187566504716, 4.862124960950763, 4.534081584756059, 2.4091806295396996, 3.825215734188336, 2.787374951434421)"
sigma_2 z2:180.0 z1:1410.0 norm:sum vel:poly,6.525686747869445,1.4141666470810188,"(4.341330093093765, 9.406505861580053, 8.679751702574727, 4.605574798761802, 6.118296677379134, 6.683153629049769, 5.7424892343163245, 7.120350095948447, 5.862402350816313, 6.877176656939756, 5.266268823511317, 7.785928622528031, 5.708692005731249, 7.223286612027239, 6.956767127176521, 5.82617777022979, 5.496958007306017, 7.450885745950991, 4.6918004366344315, 8.66993870583321)"
sigma_3 z2:180.0 z1:1410.0 norm:sum vel:poly,8.654198279080921,1.1305032341326484,"(9.258962207366014, 7.965725660782104, 6.832250030750237, 10.676459621509764, 8.314018832773618, 8.889501428119521, 9.272871389166072, 7.965264349307646, 7.284734465532461, 10.065442194387398, 7.8196896978489265, 9.458980648570165, 10.795426416835795, 6.871616869305587, 7.8047965825978975, 9.417671913764194, 8.786772700342253, 8.39657756808494, 9.168603042491581, 8.038599962082225)"
sigma_4 z2:180.0 z1:1410.0 norm:sum vel:poly,40.01905534795078,0.846793191125791,"(40.354874468034836, 39.67089605296641, 40.233895430853586, 39.79059662966929, 40.90639036598981, 39.1353409412205, 41.14903172685903, 38.90673577592461, 40.482861113049296, 39.5404470990616, 39.57404568867404, 40.45132134618593, 40.21088921170849, 39.80713197537562, 41.946075312330294, 38.1665097375383, 40.731474713896354, 39.29706569974169, 40.26211973085976, 39.76340393907618)"
sigma_5 z2:180.0 z1:1410.0 norm:sum vel:poly,20.03463065038112,1.7231629110796736,"(20.176334630081172, 19.75674127341263, 17.15438084630743, 23.245034298334634, 17.049022835620487, 23.382480316819052, 19.644939157912997, 20.295969655901896, 22.04083672927221, 18.080771753793332, 19.568095829704614, 20.366693007765786, 18.484339366966893, 21.551096983519013, 19.429293922418093, 20.520316062626822, 18.882558329566056, 21.089698354104275, 20.839605959313865, 19.13440369418119)"
sigma_6 z2:180.0 z1:1410.0 norm:sum vel:poly,7.04314224506466,2.6312622813357716,"(8.824803928136381, 4.98007848053996, 8.143464699260143, 5.245065732457867, 5.656753907952816, 7.783993275258643, 10.772964747557037, 4.086801116112747, 5.290236748074301, 8.167220995593723, 6.212976804932292, 7.1128362346909455, 5.089436674488132, 8.74905963797503, 4.695140156528691, 9.267496733610129, 14.521038368174606, 3.0380861329530444, 6.646302547888327, 6.5790879791083725)"
sigma_7 z2:180.0 z1:1410.0 norm:sum vel:poly,10.139208014865476,1.6135219671962893,"(9.543440093270588, 10.521563956811192, 10.185887966768904, 9.788378402997036, 9.958333029463905, 10.104000855798539, 7.9038092163438805, 12.721998187541903, 12.034529713501694, 8.314579827072961, 8.483628661657853, 11.861843810319897, 9.992441732114093, 10.088524158763079, 10.086648042811822, 9.935412898037999, 13.688358362071678, 7.330401483074021, 8.714393695511518, 11.525986203376968)"
sigma_8 z2:180.0 z1:1410.0 norm:sum vel:poly,13.817252064252978,2.1556150957451563,"(15.171102844951667, 12.29829645726671, 10.852148926034088, 17.154556101030888, 17.67479918802104, 10.575498407539106, 13.548071058973772, 13.791953293015174, 18.06696491187195, 10.313007115680561, 12.16769228391842, 15.34911252044991, 13.82152509635902, 13.511305145446148, 14.920492996844573, 12.501942647817723, 13.770263459660107, 13.510038276514265, 13.963117884757672, 13.383152668906817)"
sigma_9 z2:180.0 z1:1410.0 norm:sum vel:poly,18.154813068448405,2.2623625187080987,"(15.7668107019241, 20.60441292582368, 17.218094495657176, 18.88311682072421, 17.841495925907815, 18.220180537252176, 15.264569716095503, 21.304349384853964, 19.91045083296966, 16.30223213263288, 14.071204203035453, 23.077550972054265, 17.32110383464862, 18.720743627502433, 17.581233150564852, 18.48949335822737, 17.811007697857914, 18.173107397115114, 15.374709792103632, 21.160393862017187)"
sigma_10 z2:180.0 z1:1410.0 norm:sum vel:poly,19.33569353609696,2.2197070534556573,"(16.572622544272072, 22.296001570964346, 21.04349245158017, 17.608551668626497, 21.430513548640352, 17.2668214653248, 19.226668373645882, 19.271274893089068, 21.332902614127196, 17.277614318257893, 20.064110300174608, 18.3878220325143, 15.059056308860265, 24.39413860955028, 18.537985797769505, 19.969470499594483, 18.125081479385223, 20.177338484372296, 21.05226299748823, 17.620140763701755)"
sigma_11 z2:180.0 z1:1410.0 norm:sum vel:poly,19.22179608225093,1.7319747407072237,"(18.47937759713555, 19.870116324385425, 19.654290509962802, 18.78936361000067, 22.056888663935506, 16.68100350092208, 17.1625153561988, 21.49535647443309, 16.602023400277066, 22.01526415866644, 19.405670921254636, 18.860067941417554, 18.909137066677555, 19.200062030342337, 21.255347615284734, 17.335236420487654, 16.973397160313276, 21.2384337154477, 19.216482134838394, 19.23588704303735)"
sigma_12 z2:180.0 z1:1410.0 norm:sum vel:poly,24.995217583234595,5.043684356134713,"(27.11760181892931, 22.42947687934557, 27.38114390828844, 22.84079099085858, 23.955848618141623, 25.265263308055456, 25.956212855689525, 23.754307673639143, 37.603654715920115, 15.713178238539495, 30.709910164666955, 19.349586313107604, 17.600952625408095, 32.50160511237199, 21.63228821750041, 28.49981824851933, 24.77135294654157, 22.87668994790097, 22.794455919480217, 27.150213161787544)"
sigma_13 z2:180.0 z1:1410.0 norm:sum vel:poly,21.69083660657526,5.818730626747294,"(21.471877252937436, 20.505573253481895, 25.50495027039982, 17.397728028492054, 15.055387277402144, 29.269505592181176, 24.3849190471258, 18.14095909841121, 22.723153454438958, 19.263391353280795, 22.447755357895833, 19.517751469999148, 15.048739378423091, 28.82679606704398, 25.05875157444267, 17.64331304806039, 13.518766435288017, 31.904475228996763, 13.6421711872166, 32.490767755987385)"
sigma_14 z2:180.0 z1:1410.0 norm:sum vel:poly,39.18021477604273,5.176145748119897,"(43.13532101346588, 35.18436761762518, 48.538197310825204, 31.31663256003953, 41.89924939238637, 36.14468355202433, 40.19657489268402, 37.924269634784885, 31.548406645831054, 47.39788385191152, 37.3339037638293, 40.37489494810918, 37.077201742082664, 40.22626629561864, 31.743841283138853, 47.89068332076195, 43.02653915271041, 34.534209665751646, 37.45688844849416, 40.65428042877987)"
sigma_15 z2:180.0 z1:1410.0 norm:sum vel:poly,99.84066786442668,7.21973843568351,"(95.98528487258936, 103.3495054572782, 87.3427315165187, 113.5602855070171, 102.73080061841874, 96.56205877976588, 108.91466860873436, 91.09186569340507, 101.07994734038407, 98.0994535793672, 90.9701919058267, 109.03557814210826, 95.45228226993879, 103.89625113686583, 109.44191755343115, 90.64035812680834, 96.09583700594277, 103.18245653204539, 95.49489912150734, 103.88698352058037)"
sigma_1 z2:600.0 z1:1410.0 norm:sum vel:poly,3.9770906606899668,1.117585977572803,"(3.4521221160959494, 4.269495892648729, 4.114697179665853, 3.5292729785079504, 4.5380759791295455, 3.249290318480086, 2.629866957126949, 5.6206543542112595, 6.585794501164887, 2.213811764936156, 3.675023663360362, 4.024152399385029, 3.8221512805043614, 3.8559003308929425, 2.5674701363609653, 5.72213312317509, 4.999318125885858, 2.9258097869683706, 4.392614440838258, 3.354157884460715)"
sigma_2 z2:600.0 z1:1410.0 norm:sum vel:poly,7.026227143824844,1.5618614994902498,"(4.586792776937867, 10.29381810786037, 9.28424192197233, 5.034890299576133, 6.450051062461688, 7.321894114712, 6.142447379703406, 7.702268402299453, 6.341576994877007, 7.388764244190292, 5.668894898655807, 8.347380344385922, 6.141833812618063, 7.6845950146855015, 7.454738262574701, 6.320098983690449, 5.800578607740797, 8.096524377768374, 4.975321568283287, 9.487831701503413)"
sigma_3 z2:600.0 z1:1410.0 norm:sum vel:poly,8.926852232543078,1.1643810805475456,"(9.45838059083076, 8.302542844688091, 7.048344036955934, 11.06560023167455, 8.486257600512689, 9.254838157682642, 9.559976573022396, 8.225767963348552, 7.521024247637988, 10.385828204770792, 8.032765367088963, 9.790577101208479, 11.095875098408401, 7.074561961646615, 8.028138181284358, 9.76753487187159, 9.01098042759457, 8.68253546401035, 9.329610451764104, 8.415905274859764)"
sigma_4 z2:600.0 z1:1410.0 norm:sum vel:poly,39.998763754815336,0.8474146269424291,"(40.341403360527934, 39.64445241188313, 40.21445032175349, 39.76405146044063, 40.888211759068746, 39.1134142460831, 41.12836378505809, 38.88773471646338, 40.45992423914991, 39.52003318764969, 39.55898226051133, 40.42883879588774, 40.19327744913962, 39.78585861536247, 41.92445971393965, 38.14685645079921, 40.71603420738155, 39.27432822172573, 40.250762599586054, 39.73383729389527)"
sigma_5 z2:600.0 z1:1410.0 norm:sum vel:poly,19.96602698731482,1.710769249931611,"(20.1376548503185, 19.66381141579471, 17.105081780125932, 23.131450239040294, 17.003879897402356, 23.286283729491817, 19.594158551170676, 20.213806558749162, 21.95217226860601, 18.021200563179416, 19.494297462057084, 20.314742199747762, 18.407840758127485, 21.502803516561325, 19.356640383516087, 20.454567619754986, 18.844831955200686, 20.999358412353363, 20.77929176661025, 19.056665818488476)"
sigma_6 z2:600.0 z1:1410.0 norm:sum vel:poly,7.576117666219314,2.7329650145835096,"(9.275078357123107, 5.514916467229641, 8.69960063369208, 5.830829106405382, 5.99498966641277, 8.533944720206826, 11.478083965472976, 4.463939427409655, 5.7756074165432585, 8.800005407755632, 6.7357238052331, 7.608043012682682, 5.501923296934301, 9.293768592539305, 5.089333733724658, 10.032791908884107, 15.249599082147213, 3.3393400785970417, 7.028751476633846, 7.276083168758657)"
sigma_7 z2:600.0 z1:1410.0 norm:sum vel:poly,10.40663865742307,1.6702940252478808,"(9.730888659914832, 10.870936061256337, 10.458274049840437, 10.077162532216612, 10.185271511014978, 10.386569118249934, 8.108065791610265, 13.056827548299399, 12.355415899478038, 8.536406736167773, 8.674118848578507, 12.205095582313882, 10.205362361521006, 10.362696522018812, 10.357923967251299, 10.20483754644104, 14.017589399742766, 7.530968527433287, 8.832173488751677, 11.976188996360488)"
sigma_8 z2:600.0 z1:1410.0 norm:sum vel:poly,14.002841953001985,2.179374096940338,"(15.407997848892629, 12.450598462569952, 11.03503952257557, 17.312051061688276, 17.93440887472702, 10.696450803855605, 13.790778694459243, 13.923622588253522, 18.266722005186455, 10.46357043784154, 12.267479162809288, 15.650676012668061, 13.899924940361357, 13.791731756634919, 15.102984733686212, 12.691414623810337, 14.021193253618186, 13.647418197212232, 14.036616840527568, 13.666159238661708)"
sigma_9 z2:600.0 z1:1410.0 norm:sum vel:poly,18.002871686500324,2.2367729109835386,"(15.723198247717065, 20.335872716337008, 17.119047887860113, 18.613693993154698, 17.741086472319562, 18.019519858611837, 15.197068967288999, 21.058727049996126, 19.692775828508566, 16.176628172110927, 13.916318551619135, 22.987918195143088, 17.10143315566794, 18.67206697522461, 17.406245481626513, 18.35844887951676, 17.76384885365796, 17.954695844866695, 15.244131411872441, 20.9747071869064)"
sigma_10 z2:600.0 z1:1410.0 norm:sum vel:poly,18.33013539582235,2.1356856799930712,"(15.983016758697493, 20.82110703828825, 20.110599455916365, 16.376737983018767, 20.417796204172678, 16.288334629219072, 18.4171253006685, 18.11928557253519, 20.060934304216264, 16.39858279938267, 18.878310771658835, 17.6535839012127, 14.127625958186226, 23.45245629875089, 17.454294595337256, 19.03198320270559, 17.461310259007615, 18.910738854450944, 19.999766653580032, 16.639117375441685)"
sigma_11 z2:600.0 z1:1410.0 norm:sum vel:poly,18.32110483864825,1.58482985313253,"(18.1993503085022, 18.426449103595402, 19.033005554492505, 17.272127733046943, 21.15847105447227, 15.830049495990409, 16.681033594380388, 20.210414320665397, 15.592413169537387, 21.037355154318536, 18.268356860720953, 18.408233170367772, 17.74538683869204, 18.739614660358924, 19.96368167394558, 16.7405289547274, 16.667214340601333, 19.822640251672684, 18.465359840517404, 18.160410692359534)"
sigma_12 z2:600.0 z1:1410.0 norm:sum vel:poly,19.495588633520864,4.0882863433280345,"(22.362596803228524, 16.567695345906273, 21.201662746872643, 16.638159563222203, 20.217874322784642, 18.252743367424465, 21.326855724346682, 17.613489889858407, 28.174787121092578, 12.404792707730195, 24.40697312809328, 15.271105966640313, 13.428087527818754, 26.9099256186378, 16.80658197606223, 21.870319426271323, 20.958862028918475, 16.99960607967005, 19.169975332635502, 19.329677993202935)"
sigma_13 z2:600.0 z1:1410.0 norm:sum vel:poly,19.911208591753702,5.261064247680798,"(20.256382548868707, 18.405362238617347, 23.589653416259477, 15.556106798169901, 14.118129446883152, 26.377643203658657, 22.826207354900035, 16.404334164787144, 20.615984069626517, 17.75722346627752, 20.532933223600587, 18.195124659702238, 13.621700731089318, 27.16752814421236, 22.919334124487435, 16.22394703944336, 12.780663496864394, 28.81532585814242, 12.697068218378531, 29.363519631104865)"
sigma_14 z2:600.0 z1:1410.0 norm:sum vel:poly,37.1984167855748,5.03430606294288,"(41.694513198755175, 32.82578186170643, 46.106942040262204, 29.230586584328112, 40.169282417555145, 33.98755308115109, 38.17719055427044, 36.040072201127366, 29.734096098357696, 44.967382336980215, 35.98669865915344, 38.058805838118055, 35.44998949190705, 38.098580137228815, 30.161659621277277, 45.29573448656347, 41.45962527401564, 32.51440661360817, 36.49580666576093, 37.5136285493693)"
sigma_15 z2:600.0 z1:1410.0 norm:sum vel:poly,99.76373846594477,7.202252538338208,"(95.94646146463612, 103.2379537214183, 87.28155514644946, 113.43739280241205, 102.66305148649757, 96.47836690246186, 108.83204652755033, 91.02731151471419, 100.99138708940126, 98.02191077035005, 90.92669250853892, 108.94107003009435, 95.38744619398318, 103.8110888525508, 109.35770575576137, 90.57187081455544, 96.04571548209151, 103.09085844129208, 95.45689500169726, 103.76798881243948)"
