rho_1 z2:180.0 z1:1800.0 norm:sum vel:poly data:both,0.011623191418971675,0.006166671585676235,"(0.025718001088640204, 0.004271269259450743, 0.008194021357646814, 0.012392699771567733, 0.009330912788493144, 0.011050844632369354, 0.015749599281167922, 0.006766457702847874, 0.01400940790631859, 0.007662761977735342, 0.009537693305101982, 0.011211338224389387, 0.010280755217625894, 0.0104628003203074, 0.0038014437851381744, 0.027378302197111532, 0.010735306198938978, 0.010085142661308262, 0.006017846616583621, 0.01780722408669056)"
rho_2 z2:180.0 z1:1800.0 norm:sum vel:poly data:both,0.006325976908093282,0.0024474364960651576,"(0.004032446383234506, 0.00888762726028464, 0.007308553188617483, 0.004567208200604493, 0.012098137299640937, 0.00269463683248995, 0.006224814626416608, 0.005616661118260587, 0.004665145695180458, 0.007512765883038239, 0.007835126826947982, 0.004389162728199824, 0.0037781677094175657, 0.009370549677402841, 0.004820565244256722, 0.007176735603123656, 0.00666505278627382, 0.005376729008536929, 0.0035412619350048144, 0.009958190154933577)"
rho_3 z2:180.0 z1:1800.0 norm:sum vel:poly data:both,0.0049533927536258545,0.0028585124745261863,"(0.005135510456753443, 0.003677189305371895, 0.0054429875560611145, 0.0032055112520542836, 0.010095384051963318, 0.0015973823801048146, 0.0014753193576469829, 0.012244363036496026, 0.0046878991535432065, 0.003922608010424421, 0.002501002194221111, 0.007378716044307093, 0.006002630957233816, 0.0030966967967861955, 0.001964610230632827, 0.008994131641980915, 0.0039129971564697014, 0.004811332468921923, 0.0032545462125500397, 0.005667036808993957)"
rho_4 z2:180.0 z1:1800.0 norm:sum vel:poly data:both,0.0008741874229566713,0.0004111216499801807,"(0.0007981606293588837, 0.0008093585299858024, 0.00045079839357535934, 0.0013073022342123, 0.0008383214200484909, 0.0007443002143497884, 0.0008690974236912572, 0.0007321524907126631, 0.0004967597846150554, 0.0012756078179285897, 0.0008775036375299064, 0.0007219475526743154, 0.0010330539291478389, 0.000621832137358237, 0.0014379959809949037, 0.00044533579155946277, 0.0009083205865666856, 0.0007098255274858666, 0.0021069882416803166, 0.00029908613565770084)"
rho_5 z2:180.0 z1:1800.0 norm:sum vel:poly data:both,0.0005893121652990339,0.00011698447254704895,"(0.0006174445247619741, 0.0005427159225777639, 0.0005002869819217104, 0.0006665264108063447, 0.0003893269464910214, 0.0008589313296777882, 0.0007154389695828813, 0.00046770132049475384, 0.0004655491970456309, 0.0007188557502272151, 0.0007448846288099103, 0.00044897479283783086, 0.0005061259503475542, 0.0006617595194945445, 0.0005109349101358255, 0.0006549974269640897, 0.0005623260064272238, 0.0005960593984070017, 0.000587779604034561, 0.0005696237149350545)"
rho_6 z2:180.0 z1:1800.0 norm:sum vel:poly data:both,0.0028836524940018295,0.0005283515506926732,"(0.0028317928767890733, 0.0028514665037120512, 0.002112314678408304, 0.0038009865490522578, 0.0037794356365699906, 0.0021287685333314403, 0.002599330963845016, 0.00309766893143478, 0.0026557387546768826, 0.0030341162716106566, 0.0035468868559597353, 0.0022670915983470075, 0.0031275979851003864, 0.0025789139128777738, 0.0027591474382768675, 0.0029156039757215076, 0.0033332663817628233, 0.0024214545316017097, 0.0022510920799053975, 0.003580375421052921)"
rho_7 z2:180.0 z1:1800.0 norm:sum vel:poly data:both,0.0014322470762850534,0.0003020881498434352,"(0.0016591355113476456, 0.001189093054235012, 0.0016861572631938395, 0.0011636301656724895, 0.0010362745187718501, 0.001898686374837803, 0.0015007983029001176, 0.0013118191543185556, 0.0015141870904252619, 0.0013010142774011677, 0.0008702659804964018, 0.002265167193648608, 0.001537467175950554, 0.00128208354726839, 0.0014307663261729873, 0.0013750464909920385, 0.0015029230364852055, 0.0013126051828929834, 0.0013741320846804462, 0.0014336887940097076)"
rho_8 z2:180.0 z1:1800.0 norm:sum vel:poly data:both,0.0018987728231127173,0.0004649529668336272,"(0.002462171245784, 0.0013890958669998917, 0.002034857270312626, 0.0016599734335430573, 0.0018102191455987113, 0.0018769238452972766, 0.0026727818881537406, 0.001275004673137421, 0.0012218055410424084, 0.0027901186602573716, 0.002668065077902663, 0.0012755517449113028, 0.0016643898926961978, 0.0020523330562806324, 0.0016983906684494992, 0.0020059858848355343, 0.001788017012482192, 0.0019135927972388342, 0.0016590191864374586, 0.0020571595708935237)"
rho_9 z2:180.0 z1:1800.0 norm:sum vel:poly data:both,0.0020746631146368647,0.0004650872574589989,"(0.0019885066798619863, 0.002075344163787292, 0.0012637078750184054, 0.0031950447744737293, 0.002150216084616247, 0.0019035771309891527, 0.0022761233554542664, 0.0018047821998845334, 0.0015141885074545708, 0.0027146610512472163, 0.0025586671998168793, 0.0016028804803201958, 0.002495629146077372, 0.001651252656346903, 0.002316680479852781, 0.0017743571671400141, 0.0017083510616070525, 0.0024176836308022727, 0.002265677907252504, 0.0018159307407339179)"
rho_10 z2:180.0 z1:1800.0 norm:sum vel:poly data:both,0.005751235159117276,0.0010998758192632785,"(0.003794973325355969, 0.008516429978621304, 0.006002329979333387, 0.005164996942425763, 0.005244335413530743, 0.006030527108973433, 0.00770581231252031, 0.00414169873794577, 0.006520757151936214, 0.004919204455565972, 0.0047945264194287395, 0.006693213442404275, 0.006061731167536324, 0.005317794682036457, 0.005137759637727569, 0.0062199361957971135, 0.006145220858142406, 0.005280198711631468, 0.005659199819248831, 0.005674056842183506)"
rho_11 z2:180.0 z1:1800.0 norm:sum vel:poly data:both,0.009912065957867006,0.0015227415070216588,"(0.009858191102759133, 0.009983365260082358, 0.007171380337018923, 0.01234089653861688, 0.010163513312538822, 0.009248811212560602, 0.011698063471686775, 0.00823058594841782, 0.009148178463897991, 0.010566464925827817, 0.009689671888208068, 0.00996987472812253, 0.008551816872594034, 0.011423152793414437, 0.010937478793406431, 0.008841504499858566, 0.012656956785205663, 0.007811332015394727, 0.011518736654350051, 0.008431343553378495)"
rho_12 z2:180.0 z1:1800.0 norm:sum vel:poly data:both,0.005008213388564279,0.0008397200041183281,"(0.005023584436092378, 0.004926886144106318, 0.004390943980354477, 0.005411938805325391, 0.006295843182859724, 0.003814499096046674, 0.0039911512316408385, 0.006121318569358162, 0.006036183417602265, 0.004066072907668626, 0.005007456820490583, 0.0048726963957944945, 0.004326467668567874, 0.005687369619863612, 0.004055631031803645, 0.00602609390502477, 0.005333482283581372, 0.004632200708916332, 0.006168265336330738, 0.0039761822298572886)"
rho_13 z2:180.0 z1:1800.0 norm:sum vel:poly data:both,0.0018637342755934074,0.0003022435704931048,"(0.0018798945301690632, 0.0018105464266309707, 0.0017049545905492203, 0.001970911426726127, 0.0019784953582967597, 0.0017017564408916628, 0.0021625794518492936, 0.0015658480045069778, 0.001382246913848739, 0.002451310137192334, 0.0022193177298082856, 0.0015264716712332393, 0.0015024332997905909, 0.002261374628351084, 0.00224966685348652, 0.0015072816412319279, 0.001997394308085431, 0.0017037236236897057, 0.0020114494107873683, 0.0016870290647428422)"
rho_14 z2:180.0 z1:1800.0 norm:sum vel:poly data:both,0.0031407587703651055,0.00047346671948144206,"(0.0025637982840806513, 0.0038135095692529014, 0.0024993971105986223, 0.003709127922050002, 0.002872127686846942, 0.0033340215971143635, 0.0032017683839519273, 0.0030217225016836834, 0.0030047499639192583, 0.0032203585598999255, 0.0027868845636135975, 0.0034696919026122267, 0.002796707964576487, 0.0034811159510709177, 0.0025320737415957663, 0.003830693229960792, 0.002783494592939974, 0.0035071906105586487, 0.0024843049885355443, 0.00390243628243989)"
rho_15 z2:180.0 z1:1800.0 norm:sum vel:poly data:both,9.874407652744225e-05,1.3420088455982634e-05,"(9.843123968504637e-05, 9.739635328961619e-05, 9.932481608221682e-05, 9.637207723409624e-05, 0.00011337523233029371, 8.447325762793812e-05, 9.977834585165323e-05, 9.603392906436554e-05, 9.760679447114919e-05, 9.816851901588287e-05, 7.652690789255198e-05, 0.0001251962682451761, 0.00010878841039625286, 8.810478137354458e-05, 8.612636239561443e-05, 0.00011126114917825282, 8.585959253356099e-05, 0.00011162362363299304, 0.00012174265447118741, 7.86912157774525e-05)"
rho_1 z2:180.0 z1:1260.0 norm:sum vel:poly data:both,0.012335000824147846,0.006455950678181115,"(0.025827826875978403, 0.00479650892694597, 0.008856780155609856, 0.013652490840698646, 0.009447294102832559, 0.011564394515698009, 0.01641968366995531, 0.0073979568036308145, 0.016381278226928402, 0.0074724327665881335, 0.010243438754602086, 0.011503912595103003, 0.010634822585933444, 0.011254932285347422, 0.004180801814580473, 0.029086406067332177, 0.011674707876121944, 0.010462879105913167, 0.006275096859499443, 0.01956637165365767)"
rho_2 z2:180.0 z1:1260.0 norm:sum vel:poly data:both,0.0069953548664977855,0.0026430304109536554,"(0.004155057658039494, 0.010623506819473771, 0.008353407582314454, 0.005216358152516306, 0.011802471472387506, 0.002923207782363559, 0.006576454960145544, 0.006616694321106118, 0.006001136771617483, 0.007359182590996332, 0.008941354682137918, 0.004705199301218217, 0.004054070497212369, 0.01031961003176067, 0.005596677778816984, 0.007860764141166477, 0.00753529420699983, 0.005787656706346366, 0.0037986917715254094, 0.011680300101810911)"
rho_3 z2:180.0 z1:1260.0 norm:sum vel:poly data:both,0.005659323927713975,0.0032453601384812496,"(0.005617481091899401, 0.0044766600678985725, 0.006463387211542017, 0.0038148464380078524, 0.009843178312530088, 0.0017844712213632024, 0.0016360452061994603, 0.014995523318346493, 0.006087611309591427, 0.00410028302694269, 0.0029456744041564125, 0.007896311421101311, 0.006605453141958102, 0.0036871052465055833, 0.0023946661672116206, 0.010294606284014272, 0.004660371332959483, 0.005335297727645463, 0.003617793855236499, 0.006929711769169537)"
rho_4 z2:180.0 z1:1260.0 norm:sum vel:poly data:both,0.0007611710127026842,0.0003415777732471185,"(0.0007024472056252562, 0.0006991485115605565, 0.0004149915614138618, 0.0011631862846434465, 0.0007366752652398273, 0.0006301535768543411, 0.0007429389113002015, 0.0006568236477305202, 0.0004473230627183997, 0.0010976743282814039, 0.0007853448933253234, 0.0006140087864224617, 0.0009145048755050629, 0.000533095415436722, 0.0012898283454771005, 0.00038095465303695646, 0.0007829793285784467, 0.0006246205968808418, 0.0017206860664375145, 0.000286034937585439)"
rho_5 z2:180.0 z1:1260.0 norm:sum vel:poly data:both,0.0005900425881419902,0.00011680498387100779,"(0.000618126314105058, 0.0005433470307681817, 0.0005018301293070494, 0.0006685208046066483, 0.00038968575290528854, 0.0008587512056728358, 0.0007144759411415586, 0.00046959725342774134, 0.0004674285967320422, 0.0007184348109977927, 0.0007475704811985278, 0.00044837705752153215, 0.0005061387520883226, 0.0006623254357863466, 0.0005125792405371043, 0.0006550568979984658, 0.0005630055288261263, 0.0005962723084493722, 0.0005866310225311249, 0.0005726971982386804)"
rho_6 z2:180.0 z1:1260.0 norm:sum vel:poly data:both,0.0029093908598121507,0.0005356102728354803,"(0.002840528493819151, 0.0028903077210118387, 0.0021349390354278392, 0.003841294733841531, 0.003809362205206573, 0.0021417100546345523, 0.0026137365604890395, 0.0031350957460376297, 0.002706828601662584, 0.003032227427442489, 0.0035870491841092375, 0.0022804415675067016, 0.0031421853067795033, 0.002607654935226151, 0.0027953396300200105, 0.0029348916402606702, 0.003368662447429495, 0.0024344527619009544, 0.0022633524199297808, 0.003627756723507271)"
rho_7 z2:180.0 z1:1260.0 norm:sum vel:poly data:both,0.0014358618623045141,0.0002998454759768429,"(0.0016592537392455464, 0.0011959200517605523, 0.001694077603466517, 0.001169669045188356, 0.0010398213175805697, 0.001900116101928927, 0.001500717891056822, 0.0013203588911632601, 0.0015292167043730988, 0.0012969725819816447, 0.0008737494243209131, 0.0022541147210958547, 0.0015368607915229838, 0.001288582815610671, 0.0014401829494012563, 0.0013766323065656436, 0.0015097535859845647, 0.0013131128515016686, 0.0013743808576081045, 0.0014437430147333226)"
rho_8 z2:180.0 z1:1260.0 norm:sum vel:poly data:both,0.0019090667425356103,0.0004642104608052056,"(0.002469478453045187, 0.001400384279047545, 0.002052852705538455, 0.0016791395812883595, 0.0018145496202218914, 0.0018805649639234065, 0.0026716702369710865, 0.0012907684595604495, 0.00124026060904141, 0.0027860561188474157, 0.002695971568229688, 0.001275118917098724, 0.0016652514996273605, 0.0020683554466346407, 0.001717337891470414, 0.002011468416878352, 0.001801467178143914, 0.0019171212401651791, 0.0016592020464578359, 0.0020843156185208923)"
rho_9 z2:180.0 z1:1260.0 norm:sum vel:poly data:both,0.0020632861993294693,0.0004634070805575328,"(0.001974945896215691, 0.0020633823343619395, 0.001262878160666884, 0.0032104561969011863, 0.0021299673645337144, 0.0018835393533766917, 0.0022442314609333017, 0.00181103924438403, 0.0015203523103599456, 0.002680024726272751, 0.002561918985308781, 0.0015796885980868816, 0.002468704403204104, 0.0016449410463500362, 0.0023188141646586593, 0.001756668691509393, 0.0016996945558447846, 0.0023948974648001944, 0.002232096144573729, 0.001827482884246685)"
rho_10 z2:180.0 z1:1260.0 norm:sum vel:poly data:both,0.005650842285505585,0.0010537351029986223,"(0.0037253591055303593, 0.008377391142517676, 0.006009872836590116, 0.005159308435526154, 0.005098477530930077, 0.005862332048652894, 0.0073930817192643565, 0.004192750663546807, 0.00660639645983461, 0.004734733788934526, 0.0047827679579524685, 0.006320080135746115, 0.0058998736742308655, 0.005240138578696112, 0.00514906182466583, 0.0060632499504477445, 0.006032026279794569, 0.005156187161971014, 0.0054154499961087494, 0.005798306419170646)"
rho_11 z2:180.0 z1:1260.0 norm:sum vel:poly data:both,0.00966259571265005,0.0014664791697111832,"(0.009589306431921837, 0.009734971877270873, 0.007189625000586315, 0.01267915021895084, 0.009651933354818499, 0.008809296554543395, 0.01096248246486606, 0.00840152246432159, 0.009352478190277689, 0.009977541623682137, 0.009699041523064887, 0.009182860225960545, 0.008152530604947833, 0.011116658016249538, 0.011020689855040646, 0.008448409011400404, 0.012293265809155214, 0.007513606778234802, 0.0107222663087522, 0.00875427793895571)"
rho_12 z2:180.0 z1:1260.0 norm:sum vel:poly data:both,0.005098319593678881,0.0008575235516318652,"(0.005115695615707682, 0.00499712979543898, 0.004548725977244661, 0.0055807312692334856, 0.0062874810817906395, 0.0038339487671942805, 0.003974572058213342, 0.006397233833680538, 0.006297390254868904, 0.00405926143798605, 0.005186280879747489, 0.004821667570788993, 0.004364942714072652, 0.00577507091182626, 0.0041998437908945, 0.0060852967997476835, 0.005439017089153578, 0.004693841909793049, 0.006102480248781236, 0.004205779867413613)"
rho_13 z2:180.0 z1:1260.0 norm:sum vel:poly data:both,0.001870229188102918,0.0003013117032637513,"(0.0018865264346050645, 0.0018159577905166027, 0.0017218537867990295, 0.0019849591309944875, 0.0019725702498463444, 0.001700723570756589, 0.0021524041515314065, 0.0015865304397235274, 0.0014003861496228146, 0.0024461057265604213, 0.002240200176385642, 0.001516817745766662, 0.001503283799232789, 0.00226900595848345, 0.0022728807522355, 0.0015068921614421725, 0.0020060442896691053, 0.0017063556766986135, 0.001998402490005217, 0.001716683281182922)"
rho_14 z2:180.0 z1:1260.0 norm:sum vel:poly data:both,0.003202216846077482,0.0004942393518351653,"(0.0026197257344825033, 0.003853624221222961, 0.0026355719999682165, 0.0037958702505729775, 0.0029320286125777287, 0.0033290410607717726, 0.0032021271867157036, 0.0031391474270948934, 0.0031252250613797135, 0.00323302853229339, 0.0028807610402375064, 0.0034467888750437646, 0.0028746675913480938, 0.0034817881970008956, 0.0026217800924808994, 0.0038461655497397202, 0.0028103432140521257, 0.003586529166648022, 0.0023993117001312116, 0.004230811407787549)"
rho_15 z2:180.0 z1:1260.0 norm:sum vel:poly data:both,9.870214170063157e-05,1.3336156279661083e-05,"(9.839334233950493e-05, 9.733878136025492e-05, 9.964579677944441e-05, 9.609236105846413e-05, 0.00011349985900880448, 8.426810580409e-05, 9.967017861916731e-05, 9.607833924270764e-05, 9.773460559882685e-05, 9.799425224326124e-05, 7.655009432002287e-05, 0.0001250248344716726, 0.00010890970716473733, 8.792461713113159e-05, 8.620412911654869e-05, 0.00011109751356925064, 8.577468745417952e-05, 0.00011165006557194177, 0.00012107834048657823, 7.911322267204206e-05)"
rho_1 z2:450.0 z1:1800.0 norm:sum vel:poly data:both,0.021581056757092574,0.011346552597092769,"(0.047555015368522933, 0.007868896190540172, 0.015471851183615243, 0.02382478271695436, 0.016157573593136024, 0.020268249940438493, 0.030780863362433058, 0.01195979764401873, 0.026043396407218162, 0.014419331517601676, 0.01820458945729968, 0.020115495578170838, 0.018698253929117423, 0.019849823303299256, 0.007559874052136367, 0.049159135160583275, 0.02078301092292564, 0.01799017174555864, 0.010955336854682408, 0.03395568621359907)"
rho_2 z2:450.0 z1:1800.0 norm:sum vel:poly data:both,0.016243171220128028,0.005882977461795775,"(0.01055933544112908, 0.023121451166132984, 0.019525613511837715, 0.012079298858570613, 0.025275789149146577, 0.0069766218255908905, 0.01705489334049132, 0.013758722791363682, 0.012038063856207239, 0.019675867469772918, 0.02149678504069885, 0.010824387569637028, 0.009832621705109438, 0.024196078231538964, 0.013577814623067883, 0.017665776973234612, 0.018301406333113442, 0.013224617941974541, 0.00897298089973725, 0.026705297674205528)"
rho_3 z2:450.0 z1:1800.0 norm:sum vel:poly data:both,0.012012398497706835,0.0062878372937300005,"(0.013050658432484541, 0.009263790514548084, 0.014146088634203762, 0.008240379328608462, 0.016929202788870362, 0.004037808762827891, 0.0039043843824707355, 0.029499364779943697, 0.011814384049971796, 0.010010019347474364, 0.006625890766816504, 0.017284729249766848, 0.015373801825008575, 0.007741105206592135, 0.0053448605606954925, 0.022194624043504592, 0.010474113880951121, 0.01148986737667083, 0.008050981507891663, 0.014771914514835248)"
rho_4 z2:450.0 z1:1800.0 norm:sum vel:poly data:both,0.0007845261108788148,0.000371598130502667,"(0.0007363459805118136, 0.0006975211044299737, 0.0004008141640316353, 0.0012233562822566908, 0.0007839063333863863, 0.0006534465292381397, 0.0007793733403017802, 0.0006498455182723263, 0.0004391702120189769, 0.0011510743402935492, 0.0008010070745074251, 0.0006280119894587148, 0.000918866183563789, 0.0005552592221341789, 0.0012974955777727303, 0.0003924281960207764, 0.0008139044380179046, 0.0006261378831214976, 0.0018719919629919288, 0.00027056588524607865)"
rho_5 z2:450.0 z1:1800.0 norm:sum vel:poly data:both,0.0005982643729924393,0.00011894860759183195,"(0.0006275941698037555, 0.0005499126993048093, 0.0005078606095068467, 0.0006785957332934072, 0.00039567108500637347, 0.0008703618391024358, 0.0007272058883370265, 0.00047403470312220284, 0.0004720126044863058, 0.0007305944454919782, 0.0007577866048029063, 0.00045480489389083115, 0.000512596722453964, 0.0006728965735902891, 0.0005200070670493095, 0.0006633682397780072, 0.0005717304910583853, 0.0006034738022378383, 0.0005958899516675064, 0.0005788893358646076)"
rho_6 z2:450.0 z1:1800.0 norm:sum vel:poly data:both,0.0030962476020663376,0.0005717617385343291,"(0.0030421699713696505, 0.0030543898379647707, 0.002270059012667472, 0.004088392460722061, 0.004067296310616101, 0.0022762910262459266, 0.0028076678380978175, 0.0033036180877741976, 0.0028445892263643776, 0.003263477862350054, 0.0038222730225947288, 0.0024266326591047454, 0.0033375120823418924, 0.002782346377749449, 0.002988068602455257, 0.003107497096685019, 0.0035957918016256345, 0.002583205111381321, 0.0024081308665444006, 0.003855542786671874)"
rho_7 z2:450.0 z1:1800.0 norm:sum vel:poly data:both,0.0015035941716627346,0.00031544157859823607,"(0.0017440279812420277, 0.0012459542116200033, 0.0017718550731703998, 0.0012251225321052628, 0.0010909309787198675, 0.0019875124848636686, 0.001582027241661203, 0.0013720522733065951, 0.0015873904112397252, 0.0013685066550013004, 0.0009151273065051911, 0.002370293073818197, 0.001606376059605952, 0.0013521903589855718, 0.0015120668759028627, 0.0014364307124826677, 0.0015843013802844823, 0.0013714020915978535, 0.001439355693610858, 0.0015089600375309937)"
rho_8 z2:450.0 z1:1800.0 norm:sum vel:poly data:both,0.002004991662812841,0.0004959990273921409,"(0.002604238961338779, 0.0014602530092210134, 0.0021486692261502884, 0.0017646212160338946, 0.0019150754641242922, 0.001969798510507692, 0.002834809237836354, 0.0013382377776166544, 0.0012851248955954425, 0.002953617476786945, 0.0028300681192699436, 0.0013399996985423127, 0.0017430524643428332, 0.00217963476342824, 0.0018083180810991876, 0.002100971633958693, 0.0018976887692364406, 0.0020031525267199435, 0.001744303594150465, 0.002178197830297401)"
rho_9 z2:450.0 z1:1800.0 norm:sum vel:poly data:both,0.0021879553917655095,0.000498195246389651,"(0.0021038374863961923, 0.002175679303959253, 0.0013317748336126875, 0.0034173091640469395, 0.0022721707778235716, 0.0019930121427282144, 0.0024096963944891165, 0.0018915438024218376, 0.0015892833706993847, 0.002870933942741301, 0.002714804250365574, 0.0016775839645215692, 0.0026090113749012837, 0.001750933161805227, 0.0024644250457426897, 0.001853325066741705, 0.0018109099590965679, 0.0025242336874416456, 0.002377604268020221, 0.0019210358377552098)"
rho_10 z2:450.0 z1:1800.0 norm:sum vel:poly data:both,0.006996796217245138,0.0013090582978792268,"(0.004678642856411845, 0.0102517142329183, 0.007326742315243473, 0.0064370772557069186, 0.006406634006392961, 0.007235500945922017, 0.00949963219162474, 0.004974331055448485, 0.007876192800163218, 0.00604339090627344, 0.005927604369361808, 0.007939411732103524, 0.007257264959574707, 0.006561809110670431, 0.006413735628811751, 0.007422410389983688, 0.00760344707942113, 0.0062788994956140005, 0.006814997145648926, 0.0069864858676073486)"
rho_11 z2:450.0 z1:1800.0 norm:sum vel:poly data:both,0.013174377373093597,0.002274236870770743,"(0.013329491072437399, 0.012953768639991764, 0.009533998030423273, 0.01745143351651955, 0.013352515920805998, 0.011992919355128093, 0.01577136018256116, 0.010675803189838446, 0.01194864364816895, 0.014215671653388223, 0.013243780460191638, 0.012631059907067059, 0.01110236328656444, 0.015339970835839333, 0.015076310643725188, 0.01131565698410934, 0.017219226007819003, 0.009955597928238727, 0.015002013167648336, 0.01137596303140604)"
rho_12 z2:450.0 z1:1800.0 norm:sum vel:poly data:both,0.005843302270807911,0.000975591807525425,"(0.0059378378494469005, 0.005665254211668665, 0.005130686803507172, 0.00646620387935859, 0.0074024324598901325, 0.004366952174052929, 0.004707669622080447, 0.007055115145575786, 0.006977170722845362, 0.004784145368427534, 0.005935898721546291, 0.0055793133586778555, 0.004938699362489327, 0.006757215986328093, 0.0048376893085691495, 0.006904950727349355, 0.006310360151758592, 0.005296091469104722, 0.007125926924073732, 0.004686431169407579)"
rho_13 z2:450.0 z1:1800.0 norm:sum vel:poly data:both,0.0019569802278634712,0.0003263281628976815,"(0.001981270005547015, 0.0018896998742978007, 0.0017896791729282197, 0.002082787136096584, 0.0020866655677276315, 0.0017737005304363177, 0.002279953817739397, 0.001635003929767912, 0.0014449872014461575, 0.002582017316440436, 0.002341685452523266, 0.0015905401129042874, 0.0015639656229293638, 0.002388396716727382, 0.00238097344701035, 0.0015686994028493717, 0.0021070573789958077, 0.001773439157829146, 0.002102284940036737, 0.00177679777303623)"
rho_14 z2:450.0 z1:1800.0 norm:sum vel:poly data:both,0.0033230893514916075,0.0004916095040231195,"(0.002772040936512477, 0.003937093917248646, 0.0026382387970497025, 0.004005486723161408, 0.0031018159378149927, 0.003478652127833928, 0.0033998690244185026, 0.0031829927836212247, 0.0031586408305257717, 0.003429238962523223, 0.0029891006332205703, 0.003603006546403669, 0.0029334845189634778, 0.0037047140181353843, 0.0027004768595060924, 0.0040218380540059445, 0.0029545207342866445, 0.00367796206555609, 0.002609588358046328, 0.004163025200998068)"
rho_15 z2:450.0 z1:1800.0 norm:sum vel:poly data:both,9.850939245692023e-05,1.3381570614908081e-05,"(9.839027239554951e-05, 9.695594675312189e-05, 9.906677826716172e-05, 9.61095014580391e-05, 0.00011337802867825083, 8.423343915915375e-05, 9.952798794466085e-05, 9.580532095730919e-05, 9.735145626880888e-05, 9.792856271710076e-05, 7.639586581382682e-05, 0.00012475214633216568, 0.0001085888470292943, 8.784134201999907e-05, 8.592441914943616e-05, 0.00011099432285346129, 8.564511761158696e-05, 0.00011134129725012481, 0.00012139174083298829, 7.856545564636508e-05)"
