rho_1 z2:180.0 z1:1800.0 norm:sum vel:poly data:pos,0.015837038582054656,0.008551021829865687,"(0.035479484588983395, 0.013723424600027505, 0.011513897181483717, 0.015897509902864673, 0.011966005052065451, 0.016035743945480702, 0.021354824166296645, 0.009306108916573547, 0.018943675406153285, 0.010495102883483685, 0.01245386439783332, 0.006658665440722839, 0.014065455001090342, 0.014502704412029787, 0.005193545077033162, 0.03908673450744775, 0.01497339918388169, 0.013970659253577163, 0.008662159357733134, 0.02245780836633131)"
rho_2 z2:180.0 z1:1800.0 norm:sum vel:poly data:pos,0.006424238892426614,0.010338195279222792,"(0.0029015511923147033, 0.04978849761763434, 0.005278452052643097, 0.002784575187470732, 0.007557940714684818, 0.0020937737368111275, 0.004188646045307852, 0.003989345376665963, 0.003271513740688629, 0.005198088514106591, 0.005179798196860583, 0.0009416682279474463, 0.0026432656564828218, 0.006621451667757972, 0.0032921671255296955, 0.005277354666832455, 0.004831004299725226, 0.0037987263125970803, 0.0026421421434272975, 0.006204815373043846)"
rho_3 z2:180.0 z1:1800.0 norm:sum vel:poly data:pos,0.006478063101504238,0.0044526295592583085,"(0.0065224289680000415, 0.01793062947614635, 0.0070438542688679735, 0.003482740099171733, 0.011505938690644143, 0.002214427824560668, 0.0017579348956025837, 0.01536069626765395, 0.0058822203340404495, 0.004828066101618712, 0.00295400289860813, 0.0024703979428522065, 0.007419922277868658, 0.003985026426274458, 0.002416530729430592, 0.011908278701497075, 0.0051457320348096145, 0.006018351778379828, 0.004249176724242341, 0.006464905589815251)"
rho_4 z2:180.0 z1:1800.0 norm:sum vel:poly data:pos,0.0009161186480817021,0.00038793513988499633,"(0.0008289920367619547, 0.0012390890047372805, 0.0005018383662802773, 0.0012832813440874326, 0.0008432535403965628, 0.0008057171575913197, 0.0008854325884680894, 0.0007745888107286388, 0.000536540163562814, 0.0012525527657656476, 0.000939725651993071, 0.0006911156357197812, 0.0010769688622914368, 0.0006762775578296528, 0.001465537526469186, 0.00046989635894466975, 0.0009817503927641066, 0.0007398528145027268, 0.0019867191306052632, 0.0003432432521341256)"
rho_5 z2:180.0 z1:1800.0 norm:sum vel:poly data:pos,0.0005973817395067182,0.00012035086306784215,"(0.0006264611699078852, 0.0005790046924850608, 0.0005092339329070188, 0.0006708446518428046, 0.0003921978429683855, 0.000874491076085267, 0.0007226208721277096, 0.00047520237136401884, 0.0004729221511856481, 0.0007270163873353652, 0.0007548756480028575, 0.0004263196586489279, 0.0005125891931104153, 0.0006724279180963905, 0.000517030551315871, 0.0006654628897280824, 0.0005721303646418421, 0.0006041214055536021, 0.000594933047060041, 0.0005777489657671729)"
rho_6 z2:180.0 z1:1800.0 norm:sum vel:poly data:pos,0.003000734423454147,0.0005588329448388607,"(0.0029490622803105882, 0.0033031486420698275, 0.002199729573526585, 0.003915022366236637, 0.0038985747486986896, 0.002223234963582955, 0.0026986506067201025, 0.003219022772029018, 0.00275904695952634, 0.0031528629485605406, 0.0036758637397439273, 0.0021468757906498016, 0.0032443335939850663, 0.0026888708375890505, 0.002869586818262146, 0.0030354636820003455, 0.003477011339652014, 0.0025148200385506315, 0.0023482784996275356, 0.003695228267761133)"
rho_7 z2:180.0 z1:1800.0 norm:sum vel:poly data:pos,0.0014696704061370966,0.00027370466975196986,"(0.001716271492622326, 0.0013170358868434917, 0.001747330513640067, 0.0011928475619464001, 0.0010633463135102852, 0.001969175590367036, 0.001546948593841354, 0.0013564037999913394, 0.001564577374155352, 0.0013433402097220743, 0.000896537516842309, 0.0020525966756970914, 0.0015853798420820628, 0.001328867238301806, 0.0014781611554613623, 0.0014229063750098464, 0.0015590559513785276, 0.0013549338771888845, 0.0014225439535126266, 0.0014751482006276915)"
rho_8 z2:180.0 z1:1800.0 norm:sum vel:poly data:pos,0.0019950634805955747,0.0004942071334104914,"(0.0025933369887366315, 0.0016528788601732696, 0.002157358067616125, 0.0017195784501401166, 0.0018778488279315457, 0.0019935903197061413, 0.0027906066268644216, 0.0013455464450344823, 0.0012874928163597087, 0.0029263796002168994, 0.0027989305935930656, 0.0011417318887718105, 0.0017443372199265337, 0.0021694511026065454, 0.0017807836294714307, 0.0021180915742656974, 0.001894984026368838, 0.0020095391112560515, 0.0017448138989996028, 0.0021539895638725695)"
rho_9 z2:180.0 z1:1800.0 norm:sum vel:poly data:pos,0.0021604200069821997,0.0005012315268287975,"(0.0020749017435899414, 0.002615395228487217, 0.0013336763439617783, 0.0032549979722908857, 0.0021907690010941195, 0.002011401208722928, 0.002339095954160154, 0.0018902328777389505, 0.0015837943632580865, 0.002805402078291763, 0.0026556298258236335, 0.00133678846273219, 0.00258690167272564, 0.0017308999631566477, 0.0023947422243424154, 0.001858177030393315, 0.0017979351324999499, 0.002512725908457059, 0.0023471565127755473, 0.001887776635141769)"
rho_10 z2:180.0 z1:1800.0 norm:sum vel:poly data:pos,0.005808741728870751,0.0025542012073506383,"(0.0037217459805678342, 0.01589861664337602, 0.006034246151057637, 0.004676842561721453, 0.004793431398995507, 0.0061218080961530415, 0.007219612387720846, 0.004106422421054638, 0.006424058178351323, 0.004678744262320915, 0.004600348709345764, 0.0035198965919710826, 0.005830318901445509, 0.005272114455443928, 0.004898228218217526, 0.006168156020093577, 0.0061613601258469755, 0.005111803596140318, 0.005439168056634812, 0.005497911820956304)"
rho_11 z2:180.0 z1:1800.0 norm:sum vel:poly data:pos,0.010023024568151039,0.003655269598344199,"(0.009777955397880029, 0.023237101220697998, 0.007457930580850524, 0.01107954615222765, 0.009128053384758058, 0.009643835038426127, 0.010825265406163418, 0.008266459327898922, 0.009134614215656041, 0.010012338934235109, 0.009302146925148013, 0.0037963705594226053, 0.008150814405414979, 0.01157601862353136, 0.010418188850303104, 0.008850462215339857, 0.01300581853102979, 0.007564202969127203, 0.011033696382991037, 0.008199672241918924)"
rho_12 z2:180.0 z1:1800.0 norm:sum vel:poly data:pos,0.005025106043483739,0.001160123405931994,"(0.005053795700811368, 0.007797172586332131, 0.0044933343085284, 0.005093826857171327, 0.006008803025410255, 0.003937665169971279, 0.003857069976786692, 0.006174610609599388, 0.006039762129997793, 0.0039809273748737575, 0.004948554790044891, 0.0028970664982101197, 0.004247567664191851, 0.00579005401769771, 0.003966709423377712, 0.0061136681272496995, 0.005461877566832759, 0.004605774615579298, 0.006076994854903662, 0.00395688557210466)"
rho_13 z2:180.0 z1:1800.0 norm:sum vel:poly data:pos,0.0019210981287632316,0.0003296174870585047,"(0.0019400907585248115, 0.002218883951542787, 0.001772374335559958, 0.001979700313841324, 0.0019978018121703084, 0.0017784631835952678, 0.0021969398277408717, 0.0016229723455138318, 0.0014304125069103076, 0.0025039609122571717, 0.0022769801842022503, 0.0013327582661611162, 0.0015398006810204657, 0.002344442786970092, 0.002299887221876946, 0.0015600523753387387, 0.0020780633225624384, 0.001751466637249826, 0.002060228539865368, 0.0017366826123607576)"
rho_14 z2:180.0 z1:1800.0 norm:sum vel:poly data:pos,0.0032511693022125344,0.0006572154566958048,"(0.002611573652724504, 0.005219469898803149, 0.002644358638359066, 0.0036257211149808137, 0.0028489429250279645, 0.0034449971781104058, 0.003195741655305087, 0.003098154645133548, 0.0031102428975024513, 0.0031618113763619005, 0.0028610212382367177, 0.003259235010993203, 0.0028121585620401257, 0.0036477900271051637, 0.0025536596366507137, 0.003915165098802277, 0.00289291343889817, 0.003560098613777204, 0.0024124004060266484, 0.004147930029411578)"
rho_15 z2:180.0 z1:1800.0 norm:sum vel:poly data:pos,9.9073966872825e-05,1.3808734903306872e-05,"(9.840598804151338e-05, 9.79436771379344e-05, 9.952901081218412e-05, 9.627123783890691e-05, 0.00011368035100694363, 8.444747558215527e-05, 9.990805992185856e-05, 9.606898329354877e-05, 9.772402161418068e-05, 9.798212157961137e-05, 7.679892101480734e-05, 0.00012983659345141557, 0.00010886137023973512, 8.838859494343643e-05, 8.624356402659818e-05, 0.00011130297629027336, 8.59921234222321e-05, 0.00011168177732995944, 0.00012110868833048502, 7.930380157872013e-05)"
rho_1 z2:180.0 z1:1800.0 norm:sum vel:poly data:neg,0.01565574332658465,0.00863397168818869,"(0.034557167738909676, 0.005870530767353043, 0.010951705216044732, 0.013218019911360172, 0.011719109038487783, 0.015593310717334958, 0.02179771406368421, 0.009023755986509657, 0.01976174973123472, 0.010096028980730056, 0.012708548605797544, 0.01552682575287358, 0.013824537710495627, 0.013805295206121667, 0.005206362658217334, 0.0389673906608091, 0.015082546186876914, 0.013286962018085626, 0.00844502826241418, 0.023672277318352444)"
rho_2 z2:180.0 z1:1800.0 norm:sum vel:poly data:neg,0.00916452667147253,0.0032289873983865195,"(0.0059848910746842674, 0.013464483180039092, 0.010686111131564396, 0.005666859595657649, 0.015489810483003729, 0.004310639896439268, 0.009305311477463595, 0.008239191777176915, 0.007451911960197403, 0.010358371663627255, 0.011148947890599739, 0.006740225059160613, 0.00555547441236057, 0.01273986482097748, 0.007105914889240379, 0.011315532443537404, 0.010352167307064293, 0.007674893461362205, 0.005543511427122612, 0.014156419478171749)"
rho_3 z2:180.0 z1:1800.0 norm:sum vel:poly data:neg,0.007093577417844242,0.004056167363811245,"(0.007413314801303668, 0.005467284577418331, 0.007882311023440542, 0.004078844673297645, 0.011864379496860448, 0.0025366049008752373, 0.002173208421089169, 0.017791096607626306, 0.0073839315460890835, 0.005271500535057912, 0.003530063414335552, 0.010945254887389613, 0.008604338966200773, 0.004356172971274558, 0.0028171393072476464, 0.014333829469823771, 0.005974505513653291, 0.006543372406517232, 0.005009102640406627, 0.007895292196977443)"
rho_4 z2:180.0 z1:1800.0 norm:sum vel:poly data:neg,0.0008329526867922595,0.00038217202803845357,"(0.000777050054190158, 0.0007781201936703063, 0.00045879606491798356, 0.0011222009757376986, 0.0007881984991892897, 0.0007255885039914333, 0.0008104385793042776, 0.0007275647617822265, 0.000501077169086427, 0.0011672074476931755, 0.0008538393616307909, 0.000689337646225189, 0.0009586901723788099, 0.0006085538806127977, 0.0013840903408878725, 0.0004309540308832926, 0.0008921692314961677, 0.0006655310658057985, 0.0020259771389745658, 0.0002936686173869274)"
rho_5 z2:180.0 z1:1800.0 norm:sum vel:poly data:neg,0.0005923211981894593,0.00011737396826965517,"(0.0006211717219953906, 0.0005455962002584615, 0.0005039168127568507, 0.0006693956401461939, 0.00039058459190740636, 0.0008641258770893808, 0.0007177806819642119, 0.00047099329720880315, 0.000469364746837713, 0.0007202839882417007, 0.0007486109061453944, 0.00045142141867644955, 0.0005076349390889828, 0.0006645383326010509, 0.0005136465600892559, 0.0006595096900945176, 0.0005666272400097639, 0.0005972843674057095, 0.0005916310055238316, 0.000572305945748117)"
rho_6 z2:180.0 z1:1800.0 norm:sum vel:poly data:neg,0.0029959979136786816,0.000542965721677789,"(0.0029454759093133654, 0.002966249963836892, 0.0021952042398513285, 0.003911691180671883, 0.003916155299505867, 0.002216482584389277, 0.002707833920884891, 0.003212681808868369, 0.002771713691597907, 0.003143927867727747, 0.0036817792036394725, 0.002361502387097959, 0.0032404085241859943, 0.002685187629824933, 0.0028767524274169983, 0.0030361547577664886, 0.0034813083124580987, 0.002506915989402054, 0.002345903762200382, 0.003716628812933715)"
rho_7 z2:180.0 z1:1800.0 norm:sum vel:poly data:neg,0.001470326823874808,0.00031087673087014335,"(0.001704004606047223, 0.001221004298571937, 0.0017318726385501546, 0.0011898054059978444, 0.0010616186683193403, 0.0019496308263742405, 0.0015425733956284612, 0.001345759578250547, 0.0015592288506109345, 0.0013322156537493618, 0.0008928566666512359, 0.0023256328000714407, 0.0015731707177600947, 0.001318054113358524, 0.0014715430257318514, 0.0014136188962941313, 0.0015486562799989047, 0.0013418531800391382, 0.0014133599821578124, 0.0014700768933329882)"
rho_8 z2:180.0 z1:1800.0 norm:sum vel:poly data:neg,0.001955226655718554,0.000475892316160601,"(0.002538886448797798, 0.0014313705506784468, 0.00210082060090503, 0.001709804352176365, 0.0018540309770103758, 0.0019384618285060184, 0.002749651109835432, 0.001314965185591925, 0.0012663461581149823, 0.0028556580903431154, 0.002744863944864294, 0.0013159483062965994, 0.0017049535530078942, 0.0021150337477536104, 0.0017517846481217778, 0.002073381684647632, 0.0018531297041099412, 0.001955205351420949, 0.0017148512587593602, 0.002115385613429533)"
rho_9 z2:180.0 z1:1800.0 norm:sum vel:poly data:neg,0.0021232975481145578,0.00046748936806617354,"(0.002042150636503096, 0.002126567481009661, 0.0013013921687168232, 0.003257906509576594, 0.002186497097389811, 0.001957882677883499, 0.0023211437528369845, 0.0018574806044406886, 0.0015652263704246368, 0.0027547231869586284, 0.0026181255885609394, 0.0016436051828513233, 0.0025368890083906385, 0.0016945685149526784, 0.002373831974745096, 0.0018259573266013057, 0.0017636460192789398, 0.002450182868559535, 0.0023314728825937366, 0.0018567011100165426)"
rho_10 z2:180.0 z1:1800.0 norm:sum vel:poly data:neg,0.0062164127851935995,0.0012004026254424508,"(0.0041324588256370825, 0.0092244999904425, 0.006595493070613174, 0.0055342959204952745, 0.005524358310676906, 0.006602843490954811, 0.008175051062561015, 0.004547907075870398, 0.007244563766620955, 0.005171283905572323, 0.005177411765562114, 0.007228202787923177, 0.006424616973418727, 0.005736173768260585, 0.005539561947656162, 0.006844697024503621, 0.00677298568855269, 0.005566922253628437, 0.006203520264490788, 0.00608140781043123)"
rho_11 z2:180.0 z1:1800.0 norm:sum vel:poly data:neg,0.011084453542141444,0.0016916675975596122,"(0.011184067673536306, 0.011221661702104396, 0.008266682647443107, 0.013457470602123153, 0.010864723600789761, 0.010624897676634456, 0.0127439707980138, 0.009482587716142384, 0.010772840046861873, 0.011240250395662718, 0.010826778971011338, 0.01119882597926214, 0.00928315189853608, 0.012474264308938644, 0.012200309278160565, 0.010199964088825833, 0.01467055860370895, 0.008405197227809838, 0.013243735311627917, 0.00932713231563562)"
rho_12 z2:180.0 z1:1800.0 norm:sum vel:poly data:neg,0.005279337932479623,0.0009152377058277394,"(0.00534532372145752, 0.005172744448918844, 0.004683047969366366, 0.005618989942102539, 0.006548496730479147, 0.004045722978015172, 0.004176538764242584, 0.00651864813659326, 0.006482830431643299, 0.004212664638415309, 0.005264812370083908, 0.005145524690117741, 0.004449384908412066, 0.005987763816576086, 0.004270652471991887, 0.006441141492193495, 0.005724379800348066, 0.00475712304895493, 0.006573534804433647, 0.004167433485246591)"
rho_13 z2:180.0 z1:1800.0 norm:sum vel:poly data:neg,0.0019086244223397763,0.00030562538453085476,"(0.0019318888874968714, 0.0018551436540867894, 0.001756891127345116, 0.0020092268083248704, 0.0020101106345046644, 0.0017507084027374702, 0.0022006217495386363, 0.0016130561892746698, 0.0014291993931177499, 0.002487799878850347, 0.0022745163840329585, 0.0015650582420763763, 0.0015280411029470402, 0.0023180280820746255, 0.0023050498614206423, 0.0015513182091352491, 0.0020623526507941134, 0.0017284067612612498, 0.002069996264553241, 0.0017250741632228363)"
rho_14 z2:180.0 z1:1800.0 norm:sum vel:poly data:neg,0.0031844975776871933,0.00046022689468075824,"(0.002631197980057158, 0.003882014459357508, 0.002642234881206562, 0.003455235008362759, 0.0028734811889463844, 0.0034286482339659333, 0.0031824719413509513, 0.0031518853324432453, 0.0031611353161708627, 0.003171648573244168, 0.002856939958741354, 0.003511815428038107, 0.0027835533453571936, 0.0035489595889391878, 0.0025788098110779566, 0.003928329746553992, 0.0028793244075791783, 0.003494197430142446, 0.0025304237643267126, 0.003997645157882207)"
rho_15 z2:180.0 z1:1800.0 norm:sum vel:poly data:neg,9.864310760721804e-05,1.3341174813224631e-05,"(9.835912212330299e-05, 9.731535093549595e-05, 9.957131467406247e-05, 9.585793031589871e-05, 0.00011320602279859073, 8.442709685097189e-05, 9.958494120909661e-05, 9.604919496258907e-05, 9.774985016338362e-05, 9.784067429647278e-05, 7.65249423948089e-05, 0.00012500302897132273, 0.00010847548236754134, 8.815428405654784e-05, 8.609948172849953e-05, 0.00011111156822667189, 8.582902771326381e-05, 0.00011144890561236358, 0.00012148008504624713, 7.877384769722857e-05)"
rho_1 z2:180.0 z1:1800.0 norm:sum vel:poly data:both,0.011581317521324002,0.006129359654795696,"(0.02703679967088804, 0.003792355913169916, 0.008090812778049091, 0.012967710520527411, 0.009584380157967825, 0.010868040029953766, 0.015098478676761031, 0.007338143423211013, 0.01404958048789417, 0.007533949329002615, 0.009468330572194216, 0.011300458431110466, 0.010230789038207858, 0.010495796669274395, 0.004007165455801282, 0.02695207779671565, 0.010349901505529628, 0.010602270921657114, 0.006552256600686119, 0.015307052447878404)"
rho_2 z2:180.0 z1:1800.0 norm:sum vel:poly data:both,0.006956853164067284,0.0020468721319348,"(0.006127883641785021, 0.007180286784670864, 0.007748442051206606, 0.004796892259112982, 0.010445268184576873, 0.003611079874323853, 0.00457370781420461, 0.010683916444749546, 0.006542129415079364, 0.007436767685800123, 0.008809355208293592, 0.005227637351579185, 0.0059198967778193974, 0.00813842502184754, 0.004910455297959387, 0.009961580172054882, 0.005859947374396596, 0.009147312354687867, 0.006412796236127828, 0.005603283331069521)"
rho_3 z2:180.0 z1:1800.0 norm:sum vel:poly data:both,0.005001805168081878,0.0030453161284006804,"(0.0056251326654661645, 0.0032070986234890506, 0.005328223108488974, 0.0032217326457457678, 0.010287712458944056, 0.0015670364181598923, 0.0013649910031557715, 0.013439520348758657, 0.004827667982902564, 0.0038762716163261227, 0.0025329296903269173, 0.007318474218300282, 0.0059688339242573085, 0.0031375077497625913, 0.0020737135206551328, 0.008999305169434056, 0.0038208682918373757, 0.005041833913476295, 0.0035862137960514435, 0.004811036216099144)"
rho_4 z2:180.0 z1:1800.0 norm:sum vel:poly data:both,0.0008399669245473516,0.0003718605538639019,"(0.000809209951536852, 0.0007478275129585427, 0.00044741595101093883, 0.0012494567292532695, 0.0007899490295649933, 0.0007289197617108544, 0.0008115587626101986, 0.0007275663977065069, 0.0004967095751244795, 0.001203306835077363, 0.0008819530069525128, 0.000685229958319249, 0.0009797618937922388, 0.0006221343298740005, 0.0013776548895606288, 0.0004387298990809204, 0.0009134156765830732, 0.0006660626162581812, 0.0019150981901460123, 0.00030737752382620757)"
rho_5 z2:180.0 z1:1800.0 norm:sum vel:poly data:both,0.0005908222885992976,0.00011739217900390189,"(0.0006223242866812766, 0.0005425304703603453, 0.000501363544030584, 0.0006658569631402245, 0.0003885136281651037, 0.0008623930171060794, 0.0007132874800042611, 0.00047145829748836756, 0.0004677021312881924, 0.0007202401147852499, 0.0007487575378924014, 0.0004494576868009285, 0.0005079456541589448, 0.0006628111129081262, 0.0005113525151284867, 0.0006585132518426852, 0.0005645627060401419, 0.0005975215979029661, 0.0005899198822560046, 0.000569933894005581)"
rho_6 z2:180.0 z1:1800.0 norm:sum vel:poly data:both,0.0029240746934635978,0.0005328972941839336,"(0.002893879308190506, 0.002858036944029531, 0.002134872154289845, 0.0038608719920051812, 0.003843156863208197, 0.002155162808742105, 0.0026243406178466855, 0.00316944723831011, 0.0026992372839202495, 0.00307377317390238, 0.003601238055830594, 0.002300769864636158, 0.0031678342510084254, 0.0026191959073643446, 0.0028139746041127623, 0.0029491873581359756, 0.003370161824848274, 0.0024672261852422654, 0.0023029337232915287, 0.0035761937103568294)"
rho_7 z2:180.0 z1:1800.0 norm:sum vel:poly data:both,0.001420172206992285,0.0002995394765120306,"(0.001656671181839572, 0.001168042639640183, 0.0016691173316962789, 0.0011526535286189423, 0.0010261131982247432, 0.0018834090395146866, 0.001478140091518524, 0.00131189784893014, 0.0015055267881735523, 0.0012883154890136546, 0.0008640592408707134, 0.0022425657493687972, 0.0015266107592522074, 0.00127045829215376, 0.0014208505936670738, 0.0013644839372709335, 0.0014870230265165275, 0.0013071397439400395, 0.001372789539110082, 0.0014075761205252807)"
rho_8 z2:180.0 z1:1800.0 norm:sum vel:poly data:both,0.0018947070034932027,0.00046269461513295975,"(0.002487891485014697, 0.0013705155036422788, 0.002030989405483438, 0.0016501344065219827, 0.0017922911933865094, 0.0018764978916535437, 0.0026324362446346595, 0.0012912948457144966, 0.0012259357867203213, 0.0027813530809664816, 0.0026763568069588795, 0.0012698999590188506, 0.0016667008752113744, 0.002043220269062638, 0.0016925209405622918, 0.0020122175413238887, 0.0017823694552748651, 0.0019187068926116249, 0.0016702136756265359, 0.0020225938104746987)"
rho_9 z2:180.0 z1:1800.0 norm:sum vel:poly data:both,0.0021185191940666765,0.00047158567567012527,"(0.0020673185377525862, 0.0020999433805827914, 0.0012916689254099877, 0.003246646282768853, 0.0021664934521777083, 0.001950549253144257, 0.0022822850832564297, 0.001875848601524703, 0.0015561835483698606, 0.0027685398765828, 0.0026337365770819194, 0.001629307351830102, 0.002555142129833108, 0.0016836879946141093, 0.002354356662635586, 0.0018264634376567725, 0.001749188977277116, 0.0024723115849881287, 0.0023266077884382605, 0.0018341044354084558)"
rho_10 z2:180.0 z1:1800.0 norm:sum vel:poly data:both,0.006086085187385844,0.0011036293452716763,"(0.004256938473329969, 0.008936867249958116, 0.0063098523476850825, 0.0052428959581293745, 0.005262323584918957, 0.00652579178323824, 0.007708690503977902, 0.004649042381163017, 0.007062774498332524, 0.005173796268623034, 0.005218707337050543, 0.0069599699540152105, 0.006528435378515898, 0.005579039671872875, 0.005341775922811906, 0.006789727130537228, 0.006600689708062437, 0.0056004959013189505, 0.0060704745154254005, 0.005903415178750206)"
rho_11 z2:180.0 z1:1800.0 norm:sum vel:poly data:both,0.010010672105545494,0.00149403617024782,"(0.010793357142602204, 0.009607171812074605, 0.007261218577390434, 0.012339495622895671, 0.009795710015433345, 0.00939355112326827, 0.010969752585341089, 0.008937219396098043, 0.009452282429481247, 0.010626073385742936, 0.010126383963491479, 0.009831330154714213, 0.008647720784038675, 0.011510182241014646, 0.010879225151803925, 0.0091484605149284, 0.012921581017181771, 0.007913689708455001, 0.01189254876148635, 0.008166487723467569)"
rho_12 z2:180.0 z1:1800.0 norm:sum vel:poly data:both,0.005263560982614323,0.0009195177678279783,"(0.005519747277121429, 0.00497797877695767, 0.0045932389677796484, 0.00554507560460449, 0.006440673123215909, 0.004029671264039652, 0.004036613299181044, 0.006647690075897719, 0.0063914345449413885, 0.0042613312773021605, 0.005375389381523808, 0.005054258486714322, 0.004530814198845169, 0.006004620241059003, 0.004227650143141302, 0.006453379927626573, 0.005712697120508576, 0.004824359701845037, 0.006494991517007478, 0.0041496047229740395)"
rho_13 z2:180.0 z1:1800.0 norm:sum vel:poly data:both,0.0019209793498309313,0.0003008670833584806,"(0.0019804646808251757, 0.0018409340165059102, 0.001759109768569605, 0.0019826864370509414, 0.0019753635311319747, 0.001784067245505676, 0.0021794190332428153, 0.0016548922282331921, 0.0014448967158896652, 0.00251495101411747, 0.0023201554747570292, 0.0015640719917320862, 0.0015682889692907164, 0.002316734857994469, 0.002300080096876748, 0.0015778547724484067, 0.0020894204681244214, 0.0017489626135769555, 0.002072527615930631, 0.00174470546481474)"
rho_14 z2:180.0 z1:1800.0 norm:sum vel:poly data:both,0.0033406197553720544,0.0005108408524964089,"(0.002813850044795275, 0.003984441433671711, 0.002706298155686017, 0.003819145005908877, 0.002921647366292391, 0.003629955756267164, 0.003280505586026572, 0.003298218972033773, 0.0032892924047659765, 0.0033329006885175535, 0.0030551630913562096, 0.0036201153785255227, 0.0029791981479395614, 0.003724696962372267, 0.002664250376233353, 0.004106770093600297, 0.0030624492226706363, 0.003630759157132732, 0.0025240411610962907, 0.004368696102548916)"
rho_15 z2:180.0 z1:1800.0 norm:sum vel:poly data:both,9.862670856589475e-05,1.3249517415555539e-05,"(9.832336128890316e-05, 9.726679718282615e-05, 9.934887522007961e-05, 9.606174900746914e-05, 0.00011340273792490987, 8.440694863015649e-05, 9.961110446447962e-05, 9.589631349706498e-05, 9.766679870203411e-05, 9.780146587185166e-05, 7.661222033497686e-05, 0.00012488952160903314, 0.00010858519759467985, 8.818383192092454e-05, 8.608882990160433e-05, 0.00011110932626365557, 8.590226855646995e-05, 0.00011133009888666945, 0.00012091645074900661, 7.913027371109991e-05)"
rho_1 z2:540.0 z1:1800.0 norm:sum vel:poly data:pos,0.02035420614041965,0.01061044219980386,"(0.04411931625299813, 0.007455123450104789, 0.014972912823374629, 0.02155791615786565, 0.017136275996563238, 0.018897034910365793, 0.02883788042819696, 0.011396557357912151, 0.023770797377979488, 0.013642789862583018, 0.017455628689635613, 0.018895447621979793, 0.01705086535734382, 0.019244378344207218, 0.007107718777112031, 0.046451356231386375, 0.019451584985516003, 0.01677947920493253, 0.010007902468620392, 0.03285315650971546)"
rho_2 z2:540.0 z1:1800.0 norm:sum vel:poly data:pos,0.014383088492913011,0.006247813191437663,"(0.008833574178437237, 0.01978512256064158, 0.0175226385081981, 0.009721998822461055, 0.02927346227927912, 0.0057962040511694984, 0.014576594543901727, 0.011947055670933491, 0.009977614937485751, 0.017234813497768394, 0.019005936199938706, 0.00919078881273034, 0.007750452195280541, 0.022426463392804945, 0.011709398150523917, 0.015001463881049816, 0.015513059287387821, 0.011096276336573098, 0.007244073152779933, 0.024054779398915205)"
rho_3 z2:540.0 z1:1800.0 norm:sum vel:poly data:pos,0.011438009374960333,0.006736784618191407,"(0.011509323302534858, 0.008447305926174204, 0.013589409665166132, 0.00695971094645625, 0.02615226299037334, 0.0035533589280572135, 0.0035018005141014066, 0.02773308149554043, 0.010309578791051944, 0.009250591610095773, 0.006174458209016321, 0.01582143551357538, 0.01260394465711087, 0.00762729742526084, 0.0048718763367969296, 0.02008285463098546, 0.009430013979845777, 0.010095137322124687, 0.0068312296919096765, 0.014215515563029127)"
rho_4 z2:540.0 z1:1800.0 norm:sum vel:poly data:pos,0.0008478624986634387,0.0003797219406124204,"(0.0007813836307908913, 0.0007827314538936702, 0.00046936287954789965, 0.00125998913192708, 0.0008217071377771481, 0.000725781141910643, 0.0008449063011351643, 0.0007195901473087252, 0.0004903361338695561, 0.0012246305066700642, 0.0008943511822907655, 0.0006843948380560663, 0.0009572068121846467, 0.0006311774797099163, 0.0013900621138457556, 0.0004382987953138722, 0.0008904649800604967, 0.0006748036663858985, 0.0019645662196065513, 0.0003115054209839639)"
rho_5 z2:540.0 z1:1800.0 norm:sum vel:poly data:pos,0.0005981721367051641,0.00011883178840670472,"(0.00062670426922302, 0.0005503440740790373, 0.0005092906065286832, 0.0006763079872407074, 0.0003959644420768118, 0.000869755746248537, 0.0007269582143234216, 0.00047431950445060044, 0.00047189962970469303, 0.0007303236475813204, 0.0007585971398123463, 0.0004546786936989704, 0.0005112243433382182, 0.0006744176379782907, 0.0005197350108156524, 0.0006637201018672685, 0.0005716159407956925, 0.000602903404962573, 0.000594462846100376, 0.0005802194932770609)"
rho_6 z2:540.0 z1:1800.0 norm:sum vel:poly data:pos,0.0030806589360086287,0.0005697790151903222,"(0.0030233154995807573, 0.003040168717145086, 0.0022641687731634083, 0.0040551323916104935, 0.004057090267889411, 0.0022625943083432153, 0.002792829721177988, 0.0032897698226106386, 0.0028267806261150063, 0.0032489731101265165, 0.003809580655387599, 0.0024125746526906327, 0.0033114880799778286, 0.0027739451076920574, 0.0029724836923806374, 0.0030928810375035793, 0.0035758807995512594, 0.0025685649424113275, 0.002390133524719249, 0.0038448229900958707)"
rho_7 z2:540.0 z1:1800.0 norm:sum vel:poly data:pos,0.0014976852093416821,0.00031406455567618505,"(0.0017354688918731426, 0.0012418653793698931, 0.0017689639059561809, 0.0012170998403167753, 0.001088369278575238, 0.0019775323139692314, 0.0015754017794861143, 0.0013679821789127002, 0.0015792770399793502, 0.0013636312109329125, 0.0009125941427810937, 0.002362330840060578, 0.001596052471921735, 0.00134973904195364, 0.0015061138585209472, 0.0014313586747099682, 0.0015777757893996873, 0.0013651510368611949, 0.0014307863957198567, 0.0015062101155333917)"
rho_8 z2:540.0 z1:1800.0 norm:sum vel:poly data:pos,0.0020115685508549533,0.0004990727240870851,"(0.0026058196723680637, 0.0014665314174578217, 0.0021657930645685055, 0.001759198886007166, 0.0019322485080295931, 0.0019734105862336954, 0.0028419672835501607, 0.0013443337931173353, 0.0012871324974960152, 0.002964920733486508, 0.002845939264176402, 0.0013431172694617656, 0.0017386809213149855, 0.0021962329936072705, 0.0018131267140388955, 0.0021087342608603807, 0.0019025986889809037, 0.0020055766592680124, 0.0017417010385945512, 0.0021943067644810328)"
rho_9 z2:540.0 z1:1800.0 norm:sum vel:poly data:pos,0.0021980527794152947,0.0004932911659493189,"(0.0021067294023212365, 0.002191318868433676, 0.001350491151740225, 0.0033994799884037924, 0.002298318591635421, 0.002000396091833725, 0.0024204874973523284, 0.0019061422101955773, 0.0015953099496720435, 0.002885904355190535, 0.0027394543942278918, 0.0016854134664129913, 0.002599146637480184, 0.0017727522901670083, 0.002475062543586729, 0.001866102790901781, 0.0018195283370650182, 0.002530623813535645, 0.0023730473079100326, 0.0019453459002400602)"
rho_10 z2:540.0 z1:1800.0 norm:sum vel:poly data:pos,0.006758308374645749,0.0012751492029550047,"(0.0044629342482081355, 0.009950540549832108, 0.007275809803826493, 0.0060231476711316, 0.006304494033431681, 0.006951877749910478, 0.009157437732884613, 0.004837051464291313, 0.007552556739510885, 0.005823253323682576, 0.005783787926078693, 0.0076947639656505225, 0.006810274996756805, 0.006486375638842851, 0.006173094986940201, 0.007205557874530544, 0.007316870415567516, 0.006020695530161626, 0.006430242038957111, 0.006905400802719184)"
rho_11 z2:540.0 z1:1800.0 norm:sum vel:poly data:pos,0.012739194270159994,0.0021133233900531008,"(0.012597895671370945, 0.012658486397184926, 0.009690770474518693, 0.015942607714076098, 0.013570029096220826, 0.011488723298243216, 0.015203594810421758, 0.010447748784367505, 0.01145214901691858, 0.013722460826111048, 0.013044332252127545, 0.012261897931810881, 0.010174958250260956, 0.015566592163796852, 0.014514221723822768, 0.011023450297111265, 0.016561246404938692, 0.009492973893326753, 0.013896744236901166, 0.011473002159669392)"
rho_12 z2:540.0 z1:1800.0 norm:sum vel:poly data:pos,0.005879026635204191,0.0009894537087986543,"(0.0059059356524478095, 0.005725413985799695, 0.005295888867598898, 0.0063170511300297575, 0.007614010852128232, 0.004390922219987564, 0.004719129856692529, 0.007158576089606322, 0.006939644453164761, 0.0047939213255294546, 0.00603629683888873, 0.005606093095188834, 0.004863961357554778, 0.006925488407512731, 0.004841493788230592, 0.006983408194625424, 0.00634842677662024, 0.005278479253757275, 0.007020615498371195, 0.004815775060348993)"
rho_13 z2:540.0 z1:1800.0 norm:sum vel:poly data:pos,0.001962662574721232,0.0003277959163395438,"(0.0019790179615909, 0.0018984697512237035, 0.0018106838849044691, 0.0020676370173213867, 0.002104218002886689, 0.0017785556851649825, 0.0022822549208059294, 0.0016429979273439317, 0.0014478729570174278, 0.0025880621444190747, 0.0023566346070221277, 0.0015951106412431311, 0.0015555546224828222, 0.00241133544236229, 0.002384864131824257, 0.0015760508802437703, 0.0021127869444290117, 0.0017731776600385077, 0.0020930496447221954, 0.0017949166673780312)"
rho_14 z2:540.0 z1:1800.0 norm:sum vel:poly data:pos,0.0033651341536861446,0.0005189656143117509,"(0.0027481880687052567, 0.004058807629704757, 0.002795265393194715, 0.0038956144178683067, 0.0030832519247052724, 0.003548573830629849, 0.0034200704370157147, 0.003249560206068407, 0.003232414064993455, 0.003407522783141424, 0.003067540246672865, 0.003639539064640288, 0.0028904175943732582, 0.003832910929019206, 0.0027051545610605947, 0.0041288205295681715, 0.0029951528213102573, 0.003681096410691015, 0.002561877002416056, 0.004360905157944015)"
rho_15 z2:540.0 z1:1800.0 norm:sum vel:poly data:pos,9.868269522273646e-05,1.3314007528089046e-05,"(9.840898027287822e-05, 9.732262150552084e-05, 9.966451568320668e-05, 9.596547732745941e-05, 0.0001131685830995616, 8.451789985277738e-05, 9.965756778351176e-05, 9.607124085985464e-05, 9.766683383854068e-05, 9.792250094670209e-05, 7.663996851756614e-05, 0.00012497640651891657, 0.00010850454000943818, 8.821217516542531e-05, 8.59783686307325e-05, 0.00011138707253267099, 8.583622465827761e-05, 0.00011146684299714898, 0.0001213442778131859, 7.894180644135391e-05)"
rho_1 z2:540.0 z1:1800.0 norm:sum vel:poly data:neg,0.019906551228185788,0.010370433517951206,"(0.043324011450667034, 0.007268343918015461, 0.014674903207725977, 0.020883547107168932, 0.01681181350036764, 0.018419278579259624, 0.02753240858617741, 0.011283968944706707, 0.02387883022327649, 0.013271331170164736, 0.01702777956758286, 0.018696403511485223, 0.0164849171810541, 0.019275027314820167, 0.006917585268107861, 0.045671310498085954, 0.01918338346523606, 0.016022230124294143, 0.009995262580809232, 0.03150868836471003)"
rho_2 z2:540.0 z1:1800.0 norm:sum vel:poly data:neg,0.013739223389496916,0.005946973016366043,"(0.008535902050237035, 0.01864185445905284, 0.016748970200512508, 0.009230760329782886, 0.028112723524842485, 0.0054976697743562555, 0.013322802717696763, 0.011678092353244284, 0.009892817081901656, 0.016391690822217905, 0.018109146837448794, 0.008962738597594715, 0.007255735195258573, 0.022216143157979498, 0.011017956101587468, 0.014493087167632644, 0.015042142416435233, 0.010314113605784875, 0.00718369729489663, 0.022136424101475292)"
rho_3 z2:540.0 z1:1800.0 norm:sum vel:poly data:neg,0.010730428670645317,0.00637644108603529,"(0.010853905619270108, 0.007872711961310628, 0.012801925558902295, 0.006431154051678469, 0.02416367557246173, 0.0033121379485959016, 0.0031841071018853325, 0.02661767533769818, 0.010101910764395658, 0.008617715820552338, 0.005797624805658396, 0.015074807579903288, 0.011571310800136876, 0.007324703463594093, 0.004494971034597742, 0.019097692369143958, 0.009025779222021885, 0.008767637048209027, 0.006684230337148541, 0.01281289701574184)"
rho_4 z2:540.0 z1:1800.0 norm:sum vel:poly data:neg,0.0008227809777091143,0.00037528754579189955,"(0.0007583637955336326, 0.0007578266463529699, 0.00046034273129913825, 0.0011984002334209055, 0.000806351396407645, 0.0006927531940307847, 0.0007930828488677411, 0.0007162538034715144, 0.0004748453795658122, 0.0012139808432846057, 0.000882140003339669, 0.0006595415188569785, 0.0009218638917036036, 0.0005950907563270133, 0.0013268807685940826, 0.0004256692702345967, 0.000880566388470842, 0.0006391045866091504, 0.001952932092590358, 0.0002996294052212452)"
rho_5 z2:540.0 z1:1800.0 norm:sum vel:poly data:neg,0.0005971089345497302,0.00011840902454706529,"(0.0006258033008910915, 0.00054937003742697, 0.0005086481284201396, 0.0006745167908405965, 0.00039561666615961017, 0.000867939603110641, 0.0007235533202698798, 0.0004743218746392503, 0.00047161210215036374, 0.0007294516850364215, 0.0007577536093693741, 0.0004540877694111564, 0.0005099883590375472, 0.0006731300355245186, 0.0005184394678277659, 0.0006630484370670576, 0.000571313562985611, 0.0006005027045405264, 0.0005945446376022233, 0.0005785365986838592)"
rho_6 z2:540.0 z1:1800.0 norm:sum vel:poly data:neg,0.003075813922263842,0.0005685616341242234,"(0.003020095371398384, 0.0030338815716338514, 0.002260872902830913, 0.00404752455650727, 0.004053845788652033, 0.002258419269201582, 0.0027784939922759454, 0.003289026633162352, 0.002827621123333524, 0.003243197895570246, 0.003803705553729976, 0.0024110522191522522, 0.003303793008776279, 0.0027729870113896537, 0.002965933075147733, 0.0030900474440634946, 0.00357298484938293, 0.002560714186379074, 0.0023906463526871687, 0.0038314356400021747)"
rho_7 z2:540.0 z1:1800.0 norm:sum vel:poly data:neg,0.0014948819116829565,0.0003135291415557606,"(0.001732510936829434, 0.0012394064612193923, 0.0017661134353641425, 0.001214050675922299, 0.0010870628238810005, 0.0019732053005723153, 0.0015695537946382905, 0.001366974872420893, 0.001578823021956557, 0.0013608448328924696, 0.0009109964562965747, 0.00235875663213195, 0.0015920659066760157, 0.001348408749050025, 0.00150236958168988, 0.0014294876781907838, 0.00157601155254494, 0.0013597458590035988, 0.0014303044693346919, 0.0015009451930438687)"
rho_8 z2:540.0 z1:1800.0 norm:sum vel:poly data:neg,0.002004345249356602,0.0004958048442743601,"(0.0025980079784220633, 0.0014613403758324621, 0.002160482749327215, 0.0017489422546573179, 0.0019278207706428312, 0.00196571220845217, 0.002818283282497744, 0.001343517864235218, 0.0012865370102037566, 0.0029551721621326726, 0.0028377750591292348, 0.0013401830189280692, 0.0017306510713786835, 0.0021927220587325737, 0.0018039980888859355, 0.002104472931723627, 0.001899792375143332, 0.0019881601402290247, 0.0017417140697251097, 0.0021816195168529963)"
rho_9 z2:540.0 z1:1800.0 norm:sum vel:poly data:neg,0.002182387294034948,0.0004860267505577977,"(0.0020948363789836254, 0.00217421417248317, 0.0013433402430559473, 0.00336159396253535, 0.002287893544807047, 0.0019846255231293617, 0.002385632757628095, 0.0019022920270378024, 0.0015906396383495289, 0.002869066451325434, 0.002724617864719041, 0.001676355713542359, 0.0025770274456786294, 0.0017636808121897101, 0.0024513380617627797, 0.0018573805805847802, 0.0018133054314763079, 0.002494546904103249, 0.002370260286118856, 0.0019250980811878749)"
rho_10 z2:540.0 z1:1800.0 norm:sum vel:poly data:neg,0.006614833591316441,0.00121876150710514,"(0.004388326705032656, 0.009694646688944602, 0.007149355182120697, 0.0058501677783309915, 0.006218199417161421, 0.00678210522611793, 0.008718554846528096, 0.004810889816448406, 0.007488431337315357, 0.0057194530641100855, 0.005689028707629434, 0.0075496306773602815, 0.006628301179690559, 0.006386097449532988, 0.005998030199873754, 0.007100450726020622, 0.007233447039193348, 0.005807527343683566, 0.006410853614491462, 0.006673174826742579)"
rho_11 z2:540.0 z1:1800.0 norm:sum vel:poly data:neg,0.012312165189279047,0.002029184086146378,"(0.012251322261826432, 0.012173463941465092, 0.009453933961949148, 0.015033254825649095, 0.013254875270476023, 0.011039341477253528, 0.014024027834770733, 0.010390540795341808, 0.01131821911811494, 0.013341300472401757, 0.01271602194776312, 0.011917238532487917, 0.009700238432925804, 0.015084454300081495, 0.013826340518853246, 0.010784856012054868, 0.016295350064097734, 0.008917795029461061, 0.013879262298740667, 0.01084146668986646)"
rho_12 z2:540.0 z1:1800.0 norm:sum vel:poly data:neg,0.005753689629623259,0.0010101767930421194,"(0.0058015680457210225, 0.005560951051114361, 0.005172903521068155, 0.006165771652980216, 0.00750291447465451, 0.004269065174490922, 0.004551602687864446, 0.007066279869037434, 0.006858818984344339, 0.0047006358356703574, 0.005912422250286207, 0.005504388041548703, 0.004715386911721822, 0.0068062979629283675, 0.004698053375020091, 0.006855044750565853, 0.006262652777031598, 0.0050449096757827095, 0.006976344124133484, 0.004647781426500588)"
rho_13 z2:540.0 z1:1800.0 norm:sum vel:poly data:neg,0.001954182866252174,0.0003259857364233362,"(0.0019734073376966184, 0.0018879779397108676, 0.0018040854590116043, 0.0020559808045979167, 0.0020989650942227172, 0.001768977199455569, 0.0022482289859337592, 0.0016447588829889034, 0.0014468714600735565, 0.0025806820334886736, 0.0023502720760302936, 0.0015897681500436488, 0.001546327374888232, 0.0024066482691778354, 0.0023683789979415605, 0.0015726359257683378, 0.0021115487517185338, 0.001751893107246364, 0.002096229084926978, 0.0017800203901215087)"
rho_14 z2:540.0 z1:1800.0 norm:sum vel:poly data:neg,0.0032601860259232514,0.0004853253965276603,"(0.0026676769318856658, 0.003927966920684048, 0.0027304751038555544, 0.003765895036779731, 0.0030239728393678536, 0.0034058861209282486, 0.0032391237751635293, 0.0032094569661204526, 0.0031363034955983965, 0.0033504538988076427, 0.0030075579899215173, 0.0035179166231672, 0.0027848742445324005, 0.003664400270051128, 0.0026108849549092827, 0.0040049259339198775, 0.0029452180561296707, 0.0034955286398029102, 0.0025302420837917667, 0.0041849606330481535)"
rho_15 z2:540.0 z1:1800.0 norm:sum vel:poly data:neg,9.854739103020792e-05,1.3295790147867463e-05,"(9.824342654323993e-05, 9.721083257502032e-05, 9.958121287961749e-05, 9.585572444304559e-05, 0.00011308672892134972, 8.429554313493959e-05, 9.947944232365272e-05, 9.602270492400152e-05, 9.748360544856557e-05, 9.791839435536253e-05, 7.660217680829364e-05, 0.0001247156374425813, 0.00010836422531842647, 8.785049183435254e-05, 8.587493192613232e-05, 0.00011115127034569115, 8.579308249413153e-05, 0.00011128195777319546, 0.00012127237396056865, 7.886405715199029e-05)"
rho_1 z2:630.0 z1:1800.0 norm:sum vel:poly data:pos,0.020679261788447152,0.010763502321067124,"(0.045212515972660454, 0.007499517510685772, 0.014993131978471129, 0.022326053783680275, 0.017298092650220826, 0.01936264958303601, 0.029353609303653834, 0.011501180029043687, 0.02442730169281067, 0.013616802553999484, 0.01755518808842849, 0.019329107241770692, 0.017710659424948767, 0.01916741222292448, 0.0073030403412185, 0.04647407689226725, 0.019897733419863724, 0.017004920461275632, 0.01014623634427063, 0.03340600627371268)"
rho_2 z2:630.0 z1:1800.0 norm:sum vel:poly data:pos,0.01566287728497833,0.006611711503929053,"(0.009817483730122633, 0.021420778031974667, 0.01882555343457281, 0.010877479972481547, 0.03144716919867941, 0.006494722522973794, 0.015975387358358278, 0.012999436569330244, 0.011144546347249878, 0.01812154883781203, 0.020555529312967887, 0.010170796961475525, 0.008914420382016586, 0.02354324272340041, 0.013057209643688518, 0.01608620793541794, 0.017214536242566175, 0.012129627018721582, 0.007877226378786625, 0.026584643096970072)"
rho_3 z2:630.0 z1:1800.0 norm:sum vel:poly data:pos,0.012175307283117807,0.007064851133856261,"(0.012485004207754141, 0.008899740786486176, 0.014200902200364445, 0.007599201925124105, 0.02724079357350404, 0.0038966442278617775, 0.003749140845980719, 0.02931157471370416, 0.011257449743373343, 0.009441744176440765, 0.0065138270305988, 0.01706014020309124, 0.014309753379773804, 0.007769187055687089, 0.005307974161245149, 0.02092587034554417, 0.010190526826822933, 0.01078824454341281, 0.007223119716497234, 0.015335305999089263)"
rho_4 z2:630.0 z1:1800.0 norm:sum vel:poly data:pos,0.0008558774845288872,0.0003826615795985126,"(0.0007987345216219008, 0.0007812069776298309, 0.0004652669593010854, 0.0012994562447730632, 0.0008271997115263457, 0.0007394834545040831, 0.0008600843392632284, 0.0007172384715657363, 0.0004957541527397369, 0.001207596486804432, 0.0008946729596838366, 0.0006965612791800362, 0.0009928724923614644, 0.0006288359181061731, 0.001407513558150764, 0.00043656842899536486, 0.0009007176082695035, 0.0006867126509320354, 0.0019672684737975883, 0.0003138050013715345)"
rho_5 z2:630.0 z1:1800.0 norm:sum vel:poly data:pos,0.0005990135098501289,0.00011897119853994334,"(0.0006280345242102261, 0.0005507682884595186, 0.0005094603969477374, 0.0006781858866300217, 0.00039646510467762755, 0.000871677167793991, 0.0007281669464179718, 0.0004747573086462454, 0.0004727509974335257, 0.0007303093335280257, 0.0007591748716201963, 0.00045556978318262977, 0.0005127034236784458, 0.0006746741641768206, 0.0005208332405321322, 0.0006640150410099407, 0.0005725786283863077, 0.0006038912946944515, 0.0005951929314476649, 0.0005810608635290963)"
rho_6 z2:630.0 z1:1800.0 norm:sum vel:poly data:pos,0.003088292146080612,0.000571442324534896,"(0.003033031052414665, 0.003045511412184221, 0.00226702310822832, 0.004070149892694843, 0.004065119312222572, 0.0022702959553774138, 0.002800150219611866, 0.0032962763185006225, 0.0028360095956021045, 0.00325176321537216, 0.003815930513427028, 0.0024200174739323625, 0.0033263228903101165, 0.002776745814779713, 0.0029825484897880276, 0.0030969042149443355, 0.003586788238846657, 0.0025745520567507165, 0.0023956910430955325, 0.0038550121035289455)"
rho_7 z2:630.0 z1:1800.0 norm:sum vel:poly data:pos,0.0014982320637542896,0.0003146548399338491,"(0.0017370738374857845, 0.0012414167219950828, 0.001767670411535571, 0.0012188664950629423, 0.0010882620281174203, 0.0019799944154941947, 0.0015761598118648017, 0.0013677451794099527, 0.0015808114456055877, 0.0013623590669811835, 0.0009122758018854515, 0.0023640119365609517, 0.001599219176537084, 0.0013484855092371212, 0.0015077113509320984, 0.001430335833037534, 0.0015788771882044984, 0.001365508299211982, 0.0014310146398541276, 0.0015068421260724212)"
rho_8 z2:630.0 z1:1800.0 norm:sum vel:poly data:pos,0.002014899031038526,0.0004984930981584604,"(0.002614051380960536, 0.0014672244642979163, 0.00216523052571034, 0.0017674102345283165, 0.0019344037284754379, 0.0019797333086339535, 0.002848189135563601, 0.0013455071321601972, 0.001290994241303195, 0.0029616250813965504, 0.0028471862658620787, 0.0013469855294379433, 0.00174771651401022, 0.0021947818215231766, 0.001819213061634182, 0.0021082371098996113, 0.001907377171148546, 0.0020095052719123693, 0.001744172701654119, 0.0021984359406582274)"
rho_9 z2:630.0 z1:1800.0 norm:sum vel:poly data:pos,0.0022046542685295136,0.0004968747540766425,"(0.0021171439181834383, 0.0021929844767107996, 0.00134978204846496, 0.003425309481507733, 0.0023028550111681757, 0.0020104729323987595, 0.0024288895821137, 0.0019084380174776894, 0.0016021932536113414, 0.002882174248462242, 0.0027412897927000072, 0.0016928548059342427, 0.0026203513384743457, 0.0017714371173099357, 0.0024875630851661813, 0.001865408864249495, 0.0018262729472497139, 0.002538976998582293, 0.002377793618623971, 0.001950893832201248)"
rho_10 z2:630.0 z1:1800.0 norm:sum vel:poly data:pos,0.006837385466051182,0.001286597846415196,"(0.004545649230716493, 0.010005257668306771, 0.007282897722120996, 0.006169739587551586, 0.0063601314712194365, 0.007084813926611254, 0.00928139508236762, 0.004870008352868326, 0.007679710768173248, 0.005821911974027454, 0.005815594481010579, 0.007818831451399654, 0.00700607703972958, 0.006487217866257788, 0.006289265598691326, 0.007217534034816082, 0.007431457887058388, 0.006098423381776483, 0.006490620442652987, 0.006991171353667556)"
rho_11 z2:630.0 z1:1800.0 norm:sum vel:poly data:pos,0.013121296236913228,0.002177943733801619,"(0.013122319423214703, 0.012916845838084461, 0.00982994289289416, 0.01679000392542146, 0.013834954622220674, 0.012034367336883463, 0.015691540440573092, 0.01068640404609589, 0.011917630753367039, 0.013728100593145538, 0.01331636151656323, 0.012721430813614055, 0.010843059952326078, 0.01562013999428211, 0.01513421741875394, 0.011170711161918603, 0.017179457672308954, 0.00980101598229482, 0.014217248303608095, 0.011870172050694256)"
rho_12 z2:630.0 z1:1800.0 norm:sum vel:poly data:pos,0.005923942717928147,0.0009841515502038976,"(0.005988896147703218, 0.005740175769536251, 0.0052877139914523814, 0.006431813083361626, 0.007650314849332276, 0.004454922753944709, 0.004766937424957068, 0.007181756375847628, 0.00703997333315213, 0.004789960380830547, 0.006051288659638346, 0.0056750902484965894, 0.004977028703702499, 0.006904013477998862, 0.004902835793532682, 0.006979203259904227, 0.00641146175406677, 0.005326422817419132, 0.0070600783720396135, 0.004858967161646384)"
rho_13 z2:630.0 z1:1800.0 norm:sum vel:poly data:pos,0.0019706774205537534,0.0003273328781538826,"(0.0019917497859946163, 0.0019029581611045867, 0.0018122075197816796, 0.0020839861053402633, 0.0021113721499505717, 0.0017895259313188943, 0.00229290195841437, 0.001647677980197301, 0.0014561294775153617, 0.002587816165225852, 0.0023622798212353134, 0.001604327315363063, 0.0015703570992229156, 0.0024132303889340847, 0.0024002688037684378, 0.0015780190041019843, 0.002123367023528985, 0.0017816822503513604, 0.002100630295933258, 0.0018030611737921752)"
rho_14 z2:630.0 z1:1800.0 norm:sum vel:poly data:pos,0.0033794911254173632,0.0005167901428305547,"(0.002785242086665615, 0.004042134651174084, 0.002769706090667786, 0.0039736747811378766, 0.0031015065473011215, 0.003586135591494253, 0.0034539952047458553, 0.0032359289537749625, 0.003249030708909483, 0.003382221753455545, 0.0030596784433178092, 0.0036773850688515976, 0.002949287811733005, 0.003819949573057792, 0.0027337229351923117, 0.004103043979763346, 0.0030098207913036488, 0.003717162015659418, 0.002571114658127027, 0.004369080862014718)"
rho_15 z2:630.0 z1:1800.0 norm:sum vel:poly data:pos,9.874309572214618e-05,1.3331982962010276e-05,"(9.854645147583853e-05, 9.731546736406352e-05, 9.961924341590496e-05, 9.611154991631347e-05, 0.00011320756813111319, 8.46113784627467e-05, 9.977347400367672e-05, 9.60565440503783e-05, 9.773589060981123e-05, 9.790721944040587e-05, 7.665414754999085e-05, 0.00012510794348460745, 0.00010871857187270292, 8.821918788563948e-05, 8.604839152932563e-05, 0.00011138453786377368, 8.588885171927893e-05, 0.00011158469996650294, 0.00012139689657621009, 7.897389912463891e-05)"
rho_1 z2:630.0 z1:1800.0 norm:sum vel:poly data:neg,0.01983031147586034,0.010348830283558584,"(0.043860689435981697, 0.007099083465897089, 0.01430185566796437, 0.021477564947577032, 0.01690360393017578, 0.01830762534843851, 0.027928389813267805, 0.011115488600287025, 0.023398943855213013, 0.013221433472236898, 0.016847541107959208, 0.018565752694608535, 0.016927635417860364, 0.018651878722299002, 0.006958140744829892, 0.044900392958507285, 0.0194248444701976, 0.015793646014474468, 0.009938096162710505, 0.030983622686720804)"
rho_2 z2:630.0 z1:1800.0 norm:sum vel:poly data:neg,0.014309435891716855,0.006092345197655206,"(0.009163139701374041, 0.018912290678817903, 0.017026024486314788, 0.01003929766004572, 0.029858875494677927, 0.005769755670883102, 0.01435116197641959, 0.012067965553454482, 0.01008260299257617, 0.017157046056304453, 0.01887808349537099, 0.009314512224361431, 0.00799394594268583, 0.022058600216386597, 0.011764010978236565, 0.014912252718976482, 0.016290701064656268, 0.010451677724042322, 0.007507800674054848, 0.022588972524697583)"
rho_3 z2:630.0 z1:1800.0 norm:sum vel:poly data:neg,0.010782952034201838,0.0064041433619226994,"(0.011279595047095177, 0.007580483258120858, 0.012326761708087901, 0.006790220481159309, 0.025256386159837597, 0.0033111700292940823, 0.0032341201324543405, 0.026096150678697812, 0.009789018317556035, 0.00864981438874559, 0.005735907127546962, 0.015061159861849952, 0.012833030245640857, 0.007108610390733685, 0.004604890224018181, 0.018697462895510296, 0.009346615757294183, 0.008771386123082385, 0.006689055861009906, 0.012497201996301643)"
rho_4 z2:630.0 z1:1800.0 norm:sum vel:poly data:neg,0.0008097210133562369,0.00037299561847716856,"(0.0007610576410111963, 0.0007243866994878299, 0.00044096260915569863, 0.0012077698305696832, 0.0008015539337320291, 0.0006795911993863398, 0.0007929559623235785, 0.0006872184837438028, 0.00045664128263968947, 0.0011835898491600483, 0.0008538181018105393, 0.0006489762676215365, 0.0009340006356363737, 0.0005934709138544828, 0.001314312599830646, 0.000414667495131716, 0.000872933429564746, 0.0006203170670178393, 0.0019185424154447817, 0.00028765385000217923)"
rho_5 z2:630.0 z1:1800.0 norm:sum vel:poly data:neg,0.0005970972296077499,0.0001185448137082967,"(0.0006265999171924866, 0.0005484320268452863, 0.0005078627074140452, 0.0006759923507832449, 0.00039566736525953355, 0.00086791133708951, 0.0007249862125247756, 0.0004737952641032111, 0.00047097800009428996, 0.0007292694759750662, 0.0007572738008706798, 0.0004539898532401003, 0.0005109666154453271, 0.0006727960436752831, 0.0005187576756815057, 0.0006625090388654432, 0.0005717713211837793, 0.0006001327091269714, 0.0005944228860594391, 0.0005778299907250184)"
rho_6 z2:630.0 z1:1800.0 norm:sum vel:poly data:neg,0.003078150752751302,0.0005701419450797593,"(0.0030254849924628937, 0.003030900193199102, 0.002258619558364475, 0.0040575663558071445, 0.004056830298705301, 0.0022596777291846682, 0.002788346173558002, 0.003287948824655615, 0.002825384068807273, 0.003245183411855811, 0.0038043548226445877, 0.0024118660493473248, 0.003321047331943511, 0.002770756761184274, 0.00297050291363879, 0.0030886658622541023, 0.0035802396714888457, 0.0025590241569242423, 0.002391758091400327, 0.0038288577875997512)"
rho_7 z2:630.0 z1:1800.0 norm:sum vel:poly data:neg,0.0014933806776377125,0.00031337904917733784,"(0.001732903901850606, 0.0012362638891202913, 0.0017616671695480464, 0.0012150804788729872, 0.001085939193080948, 0.001971175620909709, 0.0015697035930375425, 0.001364405370981999, 0.0015752363466786, 0.0013593563610422052, 0.0009095432023189954, 0.0023560285138169517, 0.0015965172105943683, 0.0013454264732327172, 0.001501901023184003, 0.001426740023424118, 0.0015760919142952347, 0.0013574753841669532, 0.001428601518349681, 0.0014975563642482962)"
rho_8 z2:630.0 z1:1800.0 norm:sum vel:poly data:neg,0.002000757860204687,0.0004955156806844588,"(0.0025999117665622858, 0.001453757676204309, 0.0021492039811103485, 0.0017550460996196959, 0.0019251147862937956, 0.0019615328002734606, 0.002822102101084349, 0.0013383666409582256, 0.0012806137414234566, 0.0029488242287498117, 0.002829244402953676, 0.0013369463403587164, 0.0017381036304580974, 0.002183033748044217, 0.0018035174870621297, 0.0020964965226221753, 0.00189990837740585, 0.001982904774922367, 0.0017378212850769966, 0.002172706812909778)"
rho_9 z2:630.0 z1:1800.0 norm:sum vel:poly data:neg,0.002179587286386825,0.0004916357584607597,"(0.0020983168109416158, 0.0021587791027865943, 0.0013339336694791722, 0.0033849795612822925, 0.002284792156135933, 0.0019804075309392682, 0.002392017359872836, 0.0018924278420319933, 0.0015808802115666837, 0.002861698631403456, 0.0027142260322278585, 0.0016719470220838853, 0.0026010064471606448, 0.0017559441792884055, 0.0024524981504191693, 0.001848808300421046, 0.0018148994022741324, 0.0024851478166651865, 0.0023643965205211977, 0.0019146389802351164)"
rho_10 z2:630.0 z1:1800.0 norm:sum vel:poly data:neg,0.006614333118583917,0.0012100805132953852,"(0.00443843482950886, 0.009545069737812457, 0.007044005043652223, 0.005977461235612051, 0.00623397116720893, 0.006781084279445298, 0.008883968998879499, 0.004763683402394624, 0.007394033165096907, 0.005710405603999216, 0.005652865024112605, 0.0075461689041439, 0.006839653251743549, 0.0063365732127708884, 0.006040708534107483, 0.007045973265799749, 0.007313697101345251, 0.005740632128664632, 0.006401778012108908, 0.006596495473271302)"
rho_11 z2:630.0 z1:1800.0 norm:sum vel:poly data:neg,0.012310159314645236,0.002184008901132787,"(0.01250662559815092, 0.011801992392340838, 0.00916436675655597, 0.015808996050415337, 0.013329974733619477, 0.011004265107685028, 0.014425135576752807, 0.010181238342789263, 0.011033003563717001, 0.01328359795629485, 0.012545973090824062, 0.011877353536760045, 0.010052788277637332, 0.014851952426166576, 0.013993958508485354, 0.01060822375994414, 0.016585202169779985, 0.008724951342214366, 0.01382169884289977, 0.010601888259871604)"
rho_12 z2:630.0 z1:1800.0 norm:sum vel:poly data:neg,0.0057168583822442475,0.000994424127026981,"(0.005821983765099284, 0.00545923959167989, 0.00507828213063791, 0.0062291334371946325, 0.007491328136164212, 0.004238922440852539, 0.004558937979453249, 0.006965017887056429, 0.006748775130369474, 0.0046690450836974874, 0.0058458839250574, 0.005468963411074535, 0.004774316548817673, 0.0067234432698945155, 0.004707369787550659, 0.00676326654535992, 0.0062656476107269135, 0.005022705552331716, 0.006928741881787585, 0.00457616353007893)"
rho_13 z2:630.0 z1:1800.0 norm:sum vel:poly data:neg,0.001952377918185147,0.0003271381979676674,"(0.0019780169226862707, 0.0018765853923802913, 0.0017940586010282277, 0.0020646810614482615, 0.002100080136293689, 0.001766257507307712, 0.0022642430578980453, 0.0016374214666107034, 0.001439372409120887, 0.0025763140760982186, 0.0023425907604364147, 0.0015876173285470742, 0.0015573734480509667, 0.002397402071685259, 0.0023716175049741774, 0.0015668062238988131, 0.002114187082077102, 0.001748935637848598, 0.0020927537058817503, 0.001771243969430482)"
rho_14 z2:630.0 z1:1800.0 norm:sum vel:poly data:neg,0.003261116707422661,0.0004729181242538097,"(0.0027159307004912345, 0.003863053172921408, 0.0026909657861338095, 0.0037956686604144326, 0.003047128233769923, 0.0034168531396231035, 0.003289698978919066, 0.0031694270212580832, 0.003100594363686977, 0.0033435433689462295, 0.0029872039975995415, 0.0035293162617293333, 0.0028401735225592954, 0.0036976578864781956, 0.002623270459870006, 0.0039986686756170835, 0.002970147133735088, 0.003489623114258412, 0.002534195353667059, 0.004119214316774942)"
rho_15 z2:630.0 z1:1800.0 norm:sum vel:poly data:neg,9.855341284277048e-05,1.3317531566102758e-05,"(9.838409440991748e-05, 9.710974176875019e-05, 9.950179076522142e-05, 9.579008949202343e-05, 0.00011318853010563718, 8.432451349482132e-05, 9.949950442139807e-05, 9.59298158554659e-05, 9.7403027653793e-05, 9.789103730729366e-05, 7.656229492199888e-05, 0.00012478132976667146, 0.00010845087040757096, 8.798860320149822e-05, 8.587968113821837e-05, 0.00011117410098668352, 8.584512750639363e-05, 0.00011128223990444597, 0.00012130119248506923, 7.878067126253777e-05)"
rho_1 z2:630.0 z1:1800.0 norm:sum vel:poly data:both,0.02038264077537316,0.010551951619056131,"(0.044556255451014874, 0.007402791614398516, 0.014713412358692052, 0.022171136576156308, 0.016912881650760072, 0.019038193767367078, 0.028896669879971394, 0.011437727995016663, 0.024011810165313237, 0.013621266082328087, 0.01722844708349492, 0.019144529518368966, 0.017485188435832168, 0.018889866145959795, 0.00726886949787919, 0.04538603438659137, 0.019768162693486833, 0.01662103579175322, 0.010024912478487875, 0.033073623934590464)"
rho_2 z2:630.0 z1:1800.0 norm:sum vel:poly data:both,0.015775180255443173,0.006574903059061572,"(0.009853479628891756, 0.021665897584812556, 0.018781552211851276, 0.011044819951437378, 0.03085666639020541, 0.006535231979490159, 0.015981508430328636, 0.01334817721722624, 0.011133880425967614, 0.01894278514510073, 0.02048436386214816, 0.010314026090346566, 0.009032415635257345, 0.02355537500490266, 0.013468213681971188, 0.015927052911675874, 0.01760904392423959, 0.011974204230431268, 0.007938302765130254, 0.027056608037448797)"
rho_3 z2:630.0 z1:1800.0 norm:sum vel:poly data:both,0.011304909913801764,0.006523442793750655,"(0.011581371206466622, 0.008286869198846698, 0.012997055411527673, 0.007181534626176487, 0.024573858798814692, 0.0035961184655710376, 0.003463962042639507, 0.027819417449689306, 0.010361531874288888, 0.009166225514438684, 0.005970062843722045, 0.016033378887062716, 0.013268284127528228, 0.007244109777000834, 0.0050362742424690165, 0.018983269146993484, 0.009645530339430422, 0.009789241824295447, 0.006759995194930291, 0.01434010730414319)"
rho_4 z2:630.0 z1:1800.0 norm:sum vel:poly data:both,0.0008241942726305692,0.00037199055547413185,"(0.0007607459583573173, 0.0007582496326664131, 0.0004436519106272709, 0.0012453951435531282, 0.0007828914579630087, 0.0007125789310942682, 0.0008227976895490663, 0.0007010194922323136, 0.00047387694354303887, 0.0012085164522423043, 0.0008517835065175058, 0.0006731188854829055, 0.0009542354094319801, 0.000603151260213541, 0.0013510629463916073, 0.00041127894825246597, 0.0008805147151037306, 0.0006445211074071458, 0.0018995162476217005, 0.0003049788143606692)"
rho_5 z2:630.0 z1:1800.0 norm:sum vel:poly data:both,0.0005984107738354725,0.00011883279425053385,"(0.0006271594343981667, 0.0005503709323931065, 0.0005087213842966741, 0.0006776767475996041, 0.0003957818393554206, 0.0008705827599675054, 0.0007272083908017699, 0.00047467564591474577, 0.00047211692176026823, 0.0007308957842364555, 0.0007580259297638874, 0.0004552061272170406, 0.0005122927408567645, 0.0006737738442437865, 0.0005205706732863265, 0.0006627974566401885, 0.000572443670202455, 0.0006025700701807405, 0.0005946268400515553, 0.0005807182835429888)"
rho_6 z2:630.0 z1:1800.0 norm:sum vel:poly data:both,0.0030858084083410873,0.0005713770251537563,"(0.0030299477990270583, 0.0030432742214403586, 0.002263990744603102, 0.004068032757812568, 0.004059957499327689, 0.0022674166883075164, 0.002797242337215918, 0.0032958116082427475, 0.0028325384716161805, 0.0032536951850181514, 0.003810740735672245, 0.002418602124055464, 0.0033241079597817534, 0.0027737261856002277, 0.0029824949254742, 0.0030917421054680217, 0.003585910606898188, 0.002570121472228724, 0.0023936798506653248, 0.0038531348883662983)"
rho_7 z2:630.0 z1:1800.0 norm:sum vel:poly data:both,0.0014951092416645773,0.00031396555550703293,"(0.0017330519491994306, 0.0012390138868189028, 0.0017633585924804246, 0.0012166342040549178, 0.0010855584991535578, 0.001974940177266373, 0.0015723865430185373, 0.0013658743285319035, 0.0015770421356001742, 0.0013610359489746612, 0.0009100856674951761, 0.002359427975339055, 0.0015962704971722024, 0.001345311918040507, 0.0015055891767456146, 0.0014263179670405955, 0.001576497931445783, 0.0013615068345462012, 0.0014280135666352159, 0.001504267033732312)"
rho_8 z2:630.0 z1:1800.0 norm:sum vel:poly data:both,0.0020074825091773944,0.0004967564876842969,"(0.002602821792758276, 0.0014623637755761588, 0.0021556433333819185, 0.001761800687022158, 0.0019244381534673637, 0.0019718984309076582, 0.002835802353708223, 0.0013426157148843027, 0.001285364956912952, 0.0029595429272978244, 0.0028342164259398837, 0.0013425440608814988, 0.0017421217812832604, 0.0021852381995627734, 0.001815228519982776, 0.0020973470701579986, 0.0019028385713952623, 0.001997913886256258, 0.0017378647184040346, 0.002192044823767311)"
rho_9 z2:630.0 z1:1800.0 norm:sum vel:poly data:both,0.0021913534343810707,0.0004949437976706667,"(0.002102092340451121, 0.0021812259725442614, 0.0013396718324349467, 0.0034076555253807427, 0.002283546788455822, 0.001996999469594309, 0.002411229796610815, 0.0019015814799173013, 0.0015906563029187862, 0.002878034875549424, 0.002720230107712372, 0.0016835372055529225, 0.0026057836065628507, 0.00175889802851488, 0.002477890293974513, 0.001849253890920597, 0.0018192329150140175, 0.0025144010882422866, 0.0023638860773799145, 0.0019412610898895267)"
rho_10 z2:630.0 z1:1800.0 norm:sum vel:poly data:both,0.006769211774628298,0.0012727184631774937,"(0.004486005068389195, 0.009936825782412815, 0.007180764151940706, 0.0061215919499096804, 0.006245388884475356, 0.0070071637017875684, 0.009157599079978637, 0.004863613723309821, 0.007579783653245256, 0.005843572841036502, 0.00573633035034065, 0.007751881049491752, 0.006955281432107802, 0.00639938068105299, 0.00626541824939803, 0.007086926968970536, 0.007413856399508271, 0.005972411251265111, 0.006426853660641175, 0.006953586613304101)"
rho_11 z2:630.0 z1:1800.0 norm:sum vel:poly data:both,0.012820589773707536,0.0021955236978694307,"(0.012741111369525647, 0.012652285011604564, 0.009497707084127649, 0.016519901421342572, 0.01333899099657483, 0.011691612585580421, 0.0152337700691725, 0.010581976187551717, 0.01154421268657671, 0.013850186795472548, 0.012875193218437499, 0.01246965511837387, 0.010587236957237414, 0.0151968311865328, 0.01497858891013931, 0.010716883219321514, 0.016999041113860146, 0.009373141674359067, 0.013914707816469526, 0.011648762051890426)"
rho_12 z2:630.0 z1:1800.0 norm:sum vel:poly data:both,0.0058932079502877115,0.0009793141540803618,"(0.005949430399915144, 0.005718780667239674, 0.005230533900755936, 0.0064300504609736756, 0.007583600561553203, 0.004416971343741697, 0.0047292647402139495, 0.007193478229190656, 0.006989630029976948, 0.0048191153324844095, 0.005990473877156624, 0.005661240329752439, 0.004945332481117383, 0.00686963932354624, 0.004896435911083455, 0.006893984577929415, 0.0064188930716115155, 0.005246659814236949, 0.007038977488548351, 0.004841666464726564)"
rho_13 z2:630.0 z1:1800.0 norm:sum vel:poly data:both,0.001960453541355993,0.0003273418436767953,"(0.001979319920200278, 0.0018942713275164513, 0.0017995493068536743, 0.00207487087031979, 0.0020943673965022782, 0.0017795508185383271, 0.0022799515722789665, 0.00164284568399034, 0.0014466863962071836, 0.0025876945696897444, 0.0023464010232052577, 0.0015966765109722586, 0.0015623812145341386, 0.002398602446701237, 0.0023928147715002778, 0.0015654946342464862, 0.002116946002259589, 0.0017654424408386424, 0.002089864352549352, 0.0017953395682155774)"
rho_14 z2:630.0 z1:1800.0 norm:sum vel:poly data:both,0.0033200261401721007,0.0005066113700792963,"(0.002719044152278559, 0.003999588345582999, 0.002710848040739618, 0.0038806924304838042, 0.00301279228885887, 0.003527982107325681, 0.003382981449078923, 0.003217564579251256, 0.0031841544696269717, 0.003399744339445509, 0.002990266266959232, 0.003625484613051099, 0.0029034976366655823, 0.003743750723056741, 0.002698511322856547, 0.003964842603996638, 0.0029923691587703046, 0.0035939013499646133, 0.0025237534778565665, 0.0043287534475924825)"
rho_15 z2:630.0 z1:1800.0 norm:sum vel:poly data:both,9.856051228312653e-05,1.3284492614749887e-05,"(9.830905081896969e-05, 9.720140494351429e-05, 9.939524998017677e-05, 9.590854368095414e-05, 0.00011295908098628773, 8.446459355908483e-05, 9.958413089989871e-05, 9.595815154188506e-05, 9.753452492959986e-05, 9.791242507661687e-05, 7.647485206060434e-05, 0.00012492351969873856, 0.00010851375980541899, 8.805290720473714e-05, 8.59081816045755e-05, 0.00011099160412941492, 8.581039043366877e-05, 0.00011124726501194812, 0.00012116576906327949, 7.889484023315636e-05)"
