n:newdata rho_1 z2:144.0 z1:1512.0 data:neg,0.018280213507118587,0.00804117665302038,"(0.03407889890155624, 0.008218605026774697, 0.013628703325784863, 0.020339375419323215, 0.010675461044849777, 0.026213230385429286, 0.015492165260831123, 0.017965767063509736, 0.023836880494543404, 0.011721022033928396, 0.01802382608024116, 0.015358243236210586, 0.008757129281369229, 0.031735453780008166, 0.012059244867528733, 0.02290898702026253, 0.01508933287064561, 0.01851573119927779, 0.008476265986667602, 0.0325099468636295)"
n:newdata rho_2 z2:144.0 z1:1512.0 data:neg,0.014130786606759947,0.006988131459156085,"(0.023958611715256577, 0.00688770339605136, 0.009674801170840044, 0.016778786383339645, 0.01666995935231384, 0.009893689025407248, 0.03617488014816916, 0.004441993802203841, 0.010696067754856079, 0.015381105984817858, 0.01273703616792425, 0.01271472071090209, 0.012898920948674897, 0.01263906279262054, 0.008007003592288014, 0.020144969802120556, 0.018491021709581223, 0.00889403336014024, 0.013955197521148249, 0.011576166796543198)"
n:newdata rho_3 z2:144.0 z1:1512.0 data:neg,0.012195743839790388,0.005770370834320702,"(0.012494875846037286, 0.009692637166901654, 0.01836306204128911, 0.0064690027495474985, 0.017841574345597813, 0.006788855738837499, 0.01831965086547582, 0.006449372877471541, 0.01750736852222139, 0.006890985850923765, 0.009028557148253092, 0.013141121953162502, 0.009176242498543857, 0.013034167814396518, 0.004635837963152128, 0.02530415205305082, 0.018436031278032162, 0.0065480522784784195, 0.016730354922642094, 0.007062972881792829)"
n:newdata rho_4 z2:144.0 z1:1512.0 data:neg,0.0008751040763370466,0.0005047767699785921,"(0.0014091317640443962, 0.00040849568710081465, 0.0006652483793022282, 0.0008646084799978481, 0.0007658975788013805, 0.0007516154204950479, 0.0006423975204777838, 0.0008944013442691062, 0.0014079338864518899, 0.00040880369289970713, 0.0002769029632166582, 0.0020744802052719384, 0.0007924801368111754, 0.0007259368315415156, 0.0006511545285444724, 0.0008822332069810185, 0.0008683194855334459, 0.0006629571041984762, 0.0002770222485805619, 0.0020720610622214633)"
n:newdata rho_5 z2:144.0 z1:1512.0 data:neg,0.0005941484097154529,7.762175894702843e-05,"(0.00047242364815152917, 0.0007353452198971811, 0.0005122122150714367, 0.0006780563113532871, 0.000667725701710296, 0.0005202623761148747, 0.0006867798694952876, 0.0005056514809468108, 0.0005563759410872425, 0.0006243643550780544, 0.0005972055536631195, 0.0005815168777723485, 0.0006392233424718305, 0.0005433687891871517, 0.0004926010420692164, 0.0007049378469020451, 0.0005874666901911062, 0.0005913161889242562, 0.0006598688172621411, 0.0005262659269598396)"
n:newdata rho_6 z2:144.0 z1:1512.0 data:neg,0.0030659170054522975,0.0005729766581977772,"(0.004128922607668579, 0.002203160257444802, 0.0036665554189053424, 0.002479225166595263, 0.003369663026222133, 0.0026993846689360003, 0.003273277884115817, 0.002777031645907244, 0.0026390313440418783, 0.003446490663813203, 0.0025966483767075484, 0.003500507202716206, 0.002976091943656843, 0.003055038717170456, 0.0025801953005281063, 0.0035223597788010042, 0.0022730497052777148, 0.004001352286672527, 0.0025115086948736425, 0.0036188454189916455)"
n:newdata rho_7 z2:144.0 z1:1512.0 data:neg,0.0015152346712548014,0.0003624491624087017,"(0.0011306729925032162, 0.0019242686093696995, 0.001529564409957833, 0.0014217666613824456, 0.0011514812133219352, 0.001889422234907094, 0.0017989621704739866, 0.0012088538696702594, 0.0009402356020724095, 0.0023138170063887234, 0.0014941106317611264, 0.0014553683238372453, 0.0014269621132371464, 0.0015241913835047018, 0.0019326757596860318, 0.001124979970100699, 0.0011098098083498129, 0.001960205340339278, 0.0016479903046490076, 0.0013193550195833728)"
n:newdata rho_8 z2:144.0 z1:1512.0 data:neg,0.001994584911627331,0.0003698750847387214,"(0.002040289878474416, 0.0018904226145264804, 0.003058898501202235, 0.0012598654659517284, 0.0020919015225077248, 0.0018437231340466384, 0.0023357700041874213, 0.001649917177412642, 0.0017278011589208905, 0.0022320346110320036, 0.0018123565942445923, 0.0021261898398165576, 0.0019212718485997066, 0.002006483152892234, 0.00243124249184704, 0.0015846068241466098, 0.001963080733432968, 0.001964450223386787, 0.0017504953251096173, 0.002200897130808339)"
n:newdata rho_9 z2:144.0 z1:1512.0 data:neg,0.0021864253095832506,0.0002969601761892839,"(0.0022147818528112473, 0.002122278043473418, 0.0021094882032072692, 0.002226272399816521, 0.0023649312763264485, 0.0019875409650632627, 0.0017217364080742363, 0.002727479767468924, 0.0025357698521451134, 0.0018534258461844896, 0.0020306810104422247, 0.00231208306636303, 0.001925244029601284, 0.002440047294838133, 0.0018252103940765334, 0.002571617787212847, 0.0018017584571358046, 0.002608348463931322, 0.001984666672114148, 0.0023651444013787657)"
n:newdata rho_10 z2:144.0 z1:1512.0 data:neg,0.006910819820426024,0.0012168440684697615,"(0.007988181021363812, 0.005819214275958453, 0.005310615965687405, 0.008728177234051778, 0.006545584644597863, 0.007101213367745039, 0.009226668138981023, 0.005015759705747622, 0.007133554246994237, 0.006513825366508649, 0.007262180840779363, 0.006379503816265399, 0.005065175991543612, 0.009160114560834506, 0.006660729648174028, 0.006947518237353809, 0.006185734349475456, 0.007510956228926521, 0.006217498534715023, 0.007444190232816909)"
n:newdata rho_11 z2:144.0 z1:1512.0 data:neg,0.01412021013944943,0.002686669840858339,"(0.012351791495023436, 0.015670770047819575, 0.012737455662076624, 0.015107710701714393, 0.009733100721170725, 0.019879118442504534, 0.01722706623966386, 0.011139149531103934, 0.01738269813627939, 0.011125508058079605, 0.014790272909615888, 0.01298801900328717, 0.01343782886772842, 0.01434557111269818, 0.016987317427653394, 0.011291242408203795, 0.013462001551184644, 0.01436311393855565, 0.017289864919709862, 0.011094601614915557)"
n:newdata rho_12 z2:144.0 z1:1512.0 data:neg,0.006101238894619637,0.0013793861917637687,"(0.008131852360843933, 0.004367525755522689, 0.007895314762801494, 0.004487236672289519, 0.0056553333433163235, 0.006279748387159562, 0.0060494634209835455, 0.005851667477360232, 0.00618509734402273, 0.005740250168721439, 0.005228681115095762, 0.006774070910751026, 0.007353168244500841, 0.004821509031021998, 0.007229160796953287, 0.00489379030097733, 0.008318130693532884, 0.004268037200704507, 0.00815765323744428, 0.004337086668389348)"
n:newdata rho_13 z2:144.0 z1:1512.0 data:neg,0.0019983283045037596,0.0003442050077143025,"(0.001961636221474853, 0.0019804096838727894, 0.0019342259384813596, 0.002006868116308378, 0.001819623653661085, 0.0021349044700984627, 0.002523185114685331, 0.001537694660466958, 0.00232687844605447, 0.0016693747597677432, 0.001755461730337264, 0.002210698304195335, 0.002015791033978712, 0.001926145216614447, 0.0026634084903402336, 0.0014568240721026795, 0.0024023650543432322, 0.0016168862958435455, 0.002422294528885521, 0.0016018902985627972)"
n:newdata rho_14 z2:144.0 z1:1512.0 data:neg,0.003589567498579461,0.0008157688237087576,"(0.0029182155949801884, 0.004211457994879544, 0.0032261786790291147, 0.003806470067171053, 0.0049879645015823825, 0.002464077718463841, 0.0038333436733649882, 0.003199967543102093, 0.0047252342115975225, 0.002600562842302119, 0.0037205178278693694, 0.0032995947719547153, 0.0036400012632278656, 0.0033743233184679654, 0.0022289289010965453, 0.005503520606732058, 0.003428474579317994, 0.0035844672602923966, 0.0031831503738958197, 0.0038548982422616338)"
n:newdata rho_15 z2:144.0 z1:1512.0 data:neg,0.00010047552206858768,2.141483468941284e-05,"(8.777177411792358e-05, 0.00011010146981768116, 0.00010562021050659125, 9.149719391209003e-05, 0.0001075142320772648, 8.988409495220567e-05, 7.642539527679956e-05, 0.00012644418337404481, 8.221627771639101e-05, 0.00011754161264791019, 0.00012536354894794954, 7.708672813906795e-05, 7.449856751750721e-05, 0.00012971893859379822, 0.00011490488527299847, 8.410153004323252e-05, 7.464091137272724e-05, 0.00012947164302885811, 0.00013085829135979772, 7.384895269691437e-05)"
n:newdata rho_1 z2:144.0 z1:1512.0 data:pos,0.020223508033395912,0.009469916323477032,"(0.03481394103616407, 0.009650197676317295, 0.016035516623830397, 0.020686462788252726, 0.01110784314478214, 0.02968961278403901, 0.01339495350013468, 0.0249986019536889, 0.024235801160613975, 0.01381248073232726, 0.01801716498701693, 0.018379705998402985, 0.008375690205623293, 0.03976122788991004, 0.014187334524437897, 0.023359365751549635, 0.01611985762256894, 0.020729195191244342, 0.008621289678461186, 0.03849391741855248)"
n:newdata rho_2 z2:144.0 z1:1512.0 data:pos,0.01498581332793369,0.005285553585251473,"(0.023659230067847863, 0.008584056007555352, 0.012190073985319292, 0.016329482052298307, 0.016998543362411123, 0.011721501070005377, 0.02814934407371039, 0.007154170602598809, 0.010424834274474028, 0.01937653722089233, 0.012262102232754583, 0.016161597134185732, 0.011664360276923792, 0.017183795488770953, 0.010095293738915295, 0.01962950536391407, 0.01962198315586175, 0.010265519480008768, 0.013840287868549276, 0.014404049101676681)"
n:newdata rho_3 z2:144.0 z1:1512.0 data:pos,0.012681874266507936,0.005471581197977226,"(0.012024710322338022, 0.011328852841379048, 0.022252559291399288, 0.005970872122305194, 0.017502051110810952, 0.007638189650433569, 0.01418647261098671, 0.009530394081825225, 0.01643290403043686, 0.008239823550797958, 0.008448135906798429, 0.015733735896445472, 0.008162999969296973, 0.016448998507947687, 0.005546837017101264, 0.023789346955942533, 0.01874344116791021, 0.007208573754659898, 0.01622455901599849, 0.00822402752534496)"
n:newdata rho_4 z2:144.0 z1:1512.0 data:pos,0.0008620268720451245,0.0004921767539602812,"(0.001383308090195222, 0.0004064995477893826, 0.0006856661759208226, 0.0008190924354718575, 0.0007627987663401926, 0.0007361383957498068, 0.0006395509999904311, 0.0008782309752483261, 0.0013707543978498517, 0.000410089234834339, 0.00027443063427196, 0.0020440473424260274, 0.0008079538420188578, 0.0006954255567117049, 0.0006623314718508593, 0.0008473050922987214, 0.0008662302788334403, 0.000648972652074144, 0.0002772536658938067, 0.002024457885132736)"
n:newdata rho_5 z2:144.0 z1:1512.0 data:pos,0.0005942630073695758,7.722407138320469e-05,"(0.0004720440274623328, 0.0007363613359810924, 0.0005138037102011527, 0.0006763236205472396, 0.000667701162652415, 0.0005204378502830667, 0.0006853375281230873, 0.0005071143824467467, 0.0005556404818486207, 0.0006255279649934471, 0.00059686707245651, 0.0005821492904977601, 0.0006392162334288762, 0.000543679495826731, 0.0004937458306260589, 0.0007037217223479078, 0.0005875232578298929, 0.0005915690722189318, 0.0006599410182744281, 0.0005265550893452163)"
n:newdata rho_6 z2:144.0 z1:1512.0 data:pos,0.003075258612874874,0.0005755740363684317,"(0.004127942369854951, 0.002216954040178096, 0.003695089906992772, 0.002474699930919365, 0.003370512560867234, 0.0027130659594830167, 0.0032437239951467497, 0.0028205139526673276, 0.002635868684187864, 0.0034711472431173903, 0.0025916405610014073, 0.003528143739784355, 0.002964266725596167, 0.003085816257518294, 0.0025989088749508566, 0.0035184062762350417, 0.002276837333736288, 0.004018155789674108, 0.0025101437355240274, 0.003643334320062152)"
n:newdata rho_7 z2:144.0 z1:1512.0 data:pos,0.0015198939043134395,0.0003649199012212965,"(0.001131508494953782, 0.0019340311702284734, 0.0015396907391583906, 0.001420530512025077, 0.0011528438037727757, 0.0018972362070384461, 0.0017905453625758944, 0.0012219414274853742, 0.0009401489938639495, 0.0023273436231408323, 0.001493950300545062, 0.001463861405708167, 0.0014253420996188058, 0.0015348106554293856, 0.001944203626815132, 0.0011248876402965206, 0.0011119604551949349, 0.001967585752159069, 0.0016495537658615328, 0.0013259020503971844)"
n:newdata rho_8 z2:144.0 z1:1512.0 data:pos,0.0019892003488394152,0.0003732740207784722,"(0.0020271639949447193, 0.0018911846413298082, 0.0030704081212923496, 0.0012473705839407298, 0.0020808994587176682, 0.001840792016183469, 0.002304255213499982, 0.0016631877230593674, 0.0017142678421450458, 0.0022358555421615844, 0.0017997353756997842, 0.002127864393401816, 0.0019065448910163727, 0.0020096692487002526, 0.002436566230445502, 0.0015717475740531762, 0.0019544118038121606, 0.0019609467286157253, 0.0017413509715298236, 0.0021997846222389693)"
n:newdata rho_9 z2:144.0 z1:1512.0 data:pos,0.0021818325058661514,0.00029798457655013093,"(0.0022012649604956323, 0.0021261190718907886, 0.0021249333680601135, 0.002200373431539104, 0.002355852214393726, 0.0019846468548435233, 0.001700643678647609, 0.0027507884698207297, 0.002515703983018478, 0.001859910014423573, 0.0020190710564555307, 0.002314978852268293, 0.0019159773799061587, 0.0024410670084868283, 0.0018339139438303701, 0.0025485728309646784, 0.001795950934612104, 0.002605066236774272, 0.00197777710689991, 0.0023640387199915978)"
n:newdata rho_10 z2:144.0 z1:1512.0 data:pos,0.0068939413474259255,0.0011445669126279674,"(0.007884781442279646, 0.005886495014196923, 0.005469720260327636, 0.008459094433768743, 0.006509458016832268, 0.007107320062745276, 0.00895027188677944, 0.005177859896265713, 0.0069999357960703525, 0.006625251709465129, 0.007177985002241637, 0.006440735202800113, 0.005024407227917739, 0.009217216042913139, 0.0068055636789668035, 0.006791622987520546, 0.00616133305310995, 0.007524921587276998, 0.006189754006763903, 0.007475099640276552)"
n:newdata rho_11 z2:144.0 z1:1512.0 data:pos,0.013912922952532193,0.0025768757421267183,"(0.011880503878688846, 0.015853605699426492, 0.013381667050090425, 0.013980871319251024, 0.009519326406615458, 0.019632959652968067, 0.015998938241720745, 0.01173439722133946, 0.016514666772546604, 0.011383852691856449, 0.014273742956458228, 0.013078850944642501, 0.013080992476014748, 0.01433458345704467, 0.017553016360384692, 0.01064038288282921, 0.013196955964775946, 0.014238392753623099, 0.016940828308207024, 0.011039924012160137)"
n:newdata rho_12 z2:144.0 z1:1512.0 data:pos,0.005954048774773856,0.001364138024837617,"(0.00785176654390653, 0.004302102527066547, 0.007907486423920633, 0.0042592437400648525, 0.0054960921382895935, 0.006129716688268954, 0.00575818397192052, 0.00585897439591809, 0.005939766717549654, 0.005683330204040083, 0.005057016738679673, 0.006659342073998978, 0.007137730125635507, 0.004724258450697685, 0.0071977843775185135, 0.004676839885737472, 0.008090485847924472, 0.004171691118480067, 0.007934158427607174, 0.00424500509825213)"
n:newdata rho_13 z2:144.0 z1:1512.0 data:pos,0.0019933355906706406,0.00034241111200946684,"(0.001949686312522223, 0.0019830469280482325, 0.0019478054877815746, 0.0019831043942851886, 0.001813394341811426, 0.002130061367741089, 0.00249684148534059, 0.00154775316977274, 0.002308709755316315, 0.001674271524919114, 0.0017461488222141267, 0.0022115067517300547, 0.002008691725042877, 0.0019236091526449303, 0.002675066347294064, 0.0014436730358416657, 0.002395056832459641, 0.0016138160215417668, 0.0024150277144271088, 0.0015994406426780826)"
n:newdata rho_14 z2:144.0 z1:1512.0 data:pos,0.003630526007780645,0.0008050079271662842,"(0.002938963593878151, 0.004287532202513682, 0.0033671673691875593, 0.0037382098504422975, 0.005075043252174901, 0.002479975018415553, 0.0038949502528110858, 0.0032320706612145272, 0.004731102573824905, 0.0026626839411456665, 0.003771710704176285, 0.0033361936285189538, 0.0037631964451275736, 0.003346040354761652, 0.0023037567179520135, 0.00545999272599007, 0.0034925877193116004, 0.0036068410652326205, 0.003250423715868227, 0.0038720783630655613)"
n:newdata rho_15 z2:144.0 z1:1512.0 data:pos,0.0001005681770610207,2.1425051104963596e-05,"(8.783603930368276e-05, 0.00011022861068676948, 0.00010601073391663048, 9.13300781223285e-05, 0.00010768710546906045, 8.990744081262228e-05, 7.659675495139572e-05, 0.0001263991093755984, 8.222805450877403e-05, 0.00011774611591781253, 0.0001255357368812992, 7.712507664661773e-05, 7.476510322582033e-05, 0.000129498835600755, 0.00011522357210475667, 8.402634403590603e-05, 7.47775775213352e-05, 0.0001294778109957067, 0.00013112776996842166, 7.383567117512027e-05)"
n:newdata rho_1 z2:144.0 z1:1224.0 data:pos,0.022036892218879427,0.010290658475226692,"(0.041349535253477496, 0.01008060603939892, 0.01990913166193639, 0.020786166508621733, 0.011563377290985954, 0.035318446664539566, 0.017219450957952184, 0.023650339742219802, 0.027765048350024957, 0.015017539309940216, 0.013957900128038127, 0.019408399527568353, 0.010341782361232484, 0.04026464864386224, 0.01599686801440602, 0.026249860311558407, 0.017966444314191605, 0.023124036524319103, 0.010210976255833006, 0.04055728651748185)"
n:newdata rho_2 z2:144.0 z1:1224.0 data:pos,0.025814269334040543,0.0105177683893674,"(0.042329330618248395, 0.01582952009098689, 0.03126250518621887, 0.02100464228477847, 0.024375239042810193, 0.02664430101212541, 0.04842402083182568, 0.01191594902542402, 0.018162696916950112, 0.03687985718061359, 0.0012789576077674, 0.027864400483840025, 0.02407308906849604, 0.027791905870551543, 0.021148895965618024, 0.03227060141672812, 0.03416904158231814, 0.019445165142611517, 0.026574210426947756, 0.02484105692595065)"
n:newdata rho_3 z2:144.0 z1:1224.0 data:pos,0.016053595127583985,0.007637719847334678,"(0.01569862824835038, 0.01371187374367109, 0.03450223193070645, 0.00611033333331694, 0.019276489981503307, 0.010952271150808029, 0.01912932471156282, 0.010299910766227603, 0.02110408982425253, 0.010205780726233684, 0.009736263668971325, 0.018643404445714846, 0.011791571971203906, 0.018245030757940955, 0.007263010789092112, 0.030027914105548635, 0.02349218894619955, 0.009105673845428335, 0.022174849089961764, 0.009601060514985571)"
n:newdata rho_4 z2:144.0 z1:1224.0 data:pos,0.001043295437007148,0.000576252432634467,"(0.0016501083991109025, 0.0004867272516133511, 0.0008213829684285665, 0.0009772943083215424, 0.000919202358275795, 0.0008731640252317546, 0.0007487367692295025, 0.0010696985132554228, 0.0016321012375380838, 0.0004922648936305349, 0.0005736583937701472, 0.0024314901502133553, 0.0009596790579352417, 0.0008378343454669897, 0.0007746982422623456, 0.0010377305685861774, 0.001044144537672344, 0.0007698753319383153, 0.00032928355503361557, 0.002436833832628969)"
n:newdata rho_5 z2:144.0 z1:1224.0 data:pos,0.0005888830823406391,7.848927404720987e-05,"(0.0004645200444921147, 0.0007242095588567543, 0.000506123157183607, 0.0006645721755703459, 0.000656595380679102, 0.0005122275613796527, 0.0006742781218982527, 0.000498496017575634, 0.0005469534497716165, 0.0006150545155492985, 0.0006722765805194711, 0.0005724576826014931, 0.0006294136440506867, 0.0005344959985383811, 0.00048542771060114165, 0.0006931122352822488, 0.0005782461850040372, 0.0005817575791631018, 0.0006497456008571176, 0.0005176984472387216)"
n:newdata rho_6 z2:144.0 z1:1224.0 data:pos,0.0030828505249200686,0.0005670964743162072,"(0.0041288945705906166, 0.0022066814986831914, 0.003713369211262084, 0.0024524098933550735, 0.0033484364510095706, 0.002718840190378947, 0.0032522062960574473, 0.0027944443554115826, 0.0026331507418712527, 0.0034602381856723417, 0.0028732247482742474, 0.003511325225000555, 0.0029741342318429483, 0.003063413213599272, 0.002596915081142797, 0.0035102273389936976, 0.0022718085164476934, 0.00400978097897002, 0.002512864292089193, 0.00362464547774883)"
n:newdata rho_7 z2:144.0 z1:1224.0 data:pos,0.0014998401397685456,0.0003612075420562046,"(0.0011082406899801608, 0.0018887661896795872, 0.001511934432578849, 0.0013840023733310278, 0.0011248454492378101, 0.0018599656405255808, 0.0017565091848913239, 0.0011898902238691297, 0.0009205001762373368, 0.0022739855217786204, 0.0017273837817093748, 0.0014296498629466842, 0.0013989070511262968, 0.0014963112936860338, 0.0019022010549498527, 0.0011007914906072207, 0.0010878763473588474, 0.001923850284992044, 0.001617031114457831, 0.0012941606314272988)"
n:newdata rho_8 z2:144.0 z1:1224.0 data:pos,0.0019177612472103093,0.0003688886606603622,"(0.0019235150137401945, 0.001788985455569363, 0.002924862645215741, 0.0011757789349452542, 0.0019658914306375373, 0.0017490421866715154, 0.002190089299966372, 0.0015673547213052427, 0.001627281998398169, 0.002114600404271605, 0.0023615192342428776, 0.0020123018930535506, 0.0018148349101016184, 0.0018961547109491842, 0.002308112673024813, 0.0014917450588799858, 0.0018533344618733248, 0.001856433637391792, 0.0016553576389929637, 0.002078028634975084)"
n:newdata rho_9 z2:144.0 z1:1224.0 data:pos,0.0021402960643589724,0.00032649302551373584,"(0.0021164614374399975, 0.0020395119014209474, 0.0020514896956504284, 0.0021030258517101986, 0.002257747374849749, 0.001910192000197997, 0.001636863031897929, 0.002630578031102112, 0.002421473256814497, 0.0017826286101824207, 0.0028416514983747583, 0.002219355836275837, 0.001847526766907099, 0.0023366465586279815, 0.0017582610803048096, 0.0024565427462906442, 0.0017273214616264332, 0.0024987255108793144, 0.0019056822427634206, 0.0022642363938628787)"
n:newdata rho_10 z2:144.0 z1:1224.0 data:pos,0.0055927632698500014,0.0017275510729050838,"(0.0060407376977877625, 0.0044927943863098275, 0.00425901208968498, 0.006360794315196749, 0.004945290306011833, 0.005471470577136998, 0.006846331120412356, 0.003920123925462799, 0.005385555335214302, 0.005039552257156695, 0.011978782663772152, 0.004901710403125584, 0.0038911676739070812, 0.006977235449767938, 0.005176172871511401, 0.005253539597111837, 0.004735934773275943, 0.005728897273116989, 0.004783434901628497, 0.005666727779408312)"
n:newdata rho_11 z2:144.0 z1:1224.0 data:pos,0.01273674418561744,0.00249137668066386,"(0.010817339451716422, 0.014253297208487954, 0.012519050355024357, 0.012264257691643939, 0.008500636671494706, 0.017994304183719757, 0.014534379105380142, 0.01038896116025249, 0.015149443806946621, 0.010175144729192315, 0.015704841499003672, 0.011710685582171532, 0.012120737281033762, 0.012727485906967298, 0.015733498294832834, 0.009837934047529967, 0.012051638209568156, 0.012781586884549941, 0.015638923814112752, 0.009830737828720126)"
n:newdata rho_12 z2:144.0 z1:1224.0 data:pos,0.005832368286176692,0.00133200995203973,"(0.0076133364933459406, 0.004154611046294472, 0.007758841029695374, 0.00406957242076942, 0.005291642705258051, 0.005963947397358779, 0.005584266218342999, 0.005622490825884335, 0.005780801776264068, 0.00547255502494312, 0.006194523977507739, 0.0064166471596779845, 0.006973973000972374, 0.004537760795709906, 0.006935534829818607, 0.004569284716078299, 0.007860607755706786, 0.0040237108603069175, 0.007741402681074448, 0.004081855008524218)"
n:newdata rho_13 z2:144.0 z1:1224.0 data:pos,0.0019845168730630853,0.00034381136729886403,"(0.0019097550696297464, 0.001939097864797534, 0.0019148417529374583, 0.0019328860609313955, 0.0017721947023593817, 0.0020877990948155426, 0.0024438966229642788, 0.0015107216137482278, 0.0022639669661657725, 0.0016357137596522686, 0.00238038532240029, 0.0021611109674168814, 0.001972061356544023, 0.001878061777147768, 0.002612886725060539, 0.0014180178814538797, 0.002347531058208086, 0.0015774420965672328, 0.0023699633593580126, 0.0015620034091033885)"
n:newdata rho_14 z2:144.0 z1:1224.0 data:pos,0.003122510997602976,0.0011233725334997213,"(0.0023670209339826396, 0.003450527458813739, 0.00270935920070386, 0.0030121475324200006, 0.004100057835848154, 0.0019903147591108336, 0.0030933314209677146, 0.0026320588242178715, 0.0038075604486463663, 0.002145028518155492, 0.006994371140914592, 0.002679022430386149, 0.0030114256587719644, 0.0027133274705369356, 0.0018342934565058766, 0.0044543928101271, 0.0028233650484723615, 0.002893499582001341, 0.00260364618650274, 0.0031354692349737957)"
n:newdata rho_15 z2:144.0 z1:1224.0 data:pos,9.997217196106431e-05,2.161771532594169e-05,"(8.706941353053846e-05, 0.00010927888576400822, 0.0001050384245389555, 9.058386870843655e-05, 0.00010681644210773278, 8.90768305311463e-05, 7.581282956623974e-05, 0.00012550349287993528, 8.148146516713573e-05, 0.00011677425564724448, 0.00012995170137117436, 7.643024272567486e-05, 7.404829427135677e-05, 0.00012849957473505666, 0.00011407403120135764, 8.34095779462819e-05, 7.416051047271528e-05, 0.0001283052070339528, 0.00012985627911959503, 7.327211190274799e-05)"
n:newdata rho_1 z2:144.0 z1:1224.0 data:neg,0.02008535001845463,0.00869852698425502,"(0.038478623098025695, 0.008811814537959668, 0.015564709425958674, 0.021739733211450115, 0.011181207782828658, 0.029936586106702114, 0.016362624402106354, 0.0204815347848128, 0.023917592015434627, 0.014188103510411273, 0.02019987883496521, 0.016786840459242714, 0.01008304353168192, 0.03356359809573473, 0.014469989468242454, 0.02350658135429828, 0.01606505809744727, 0.021225427104511387, 0.009465433350252347, 0.035678621197026195)"
n:newdata rho_2 z2:144.0 z1:1224.0 data:neg,0.020886157260700363,0.00850688474014615,"(0.03589254047695963, 0.010561554555636529, 0.015519335598361363, 0.024274736102881646, 0.02245040096647133, 0.016652455094833495, 0.04379239011996476, 0.007765969406633077, 0.012615503459474445, 0.030106980095189112, 0.02046075210776359, 0.018711303812821198, 0.02171364423358398, 0.01745925585005199, 0.015492312319674394, 0.024688893185728915, 0.025822661042591646, 0.01481262261537332, 0.021208019171007238, 0.017721814999005603)"
n:newdata rho_3 z2:144.0 z1:1224.0 data:neg,0.018174863973229177,0.006981451018980593,"(0.01895658409731668, 0.015264055036562425, 0.029964989512077343, 0.00959171400972286, 0.024629970173013504, 0.011615038806083423, 0.022600846774153235, 0.011671654455482697, 0.021018848539334906, 0.013835249365787127, 0.01465567900129515, 0.019758641277171713, 0.015869754068582383, 0.018239159745276772, 0.009156865206662845, 0.032058630633376974, 0.026601984923416255, 0.010956631847061854, 0.026047151315242264, 0.01100383067696311)"
n:newdata rho_4 z2:144.0 z1:1224.0 data:neg,0.0008988944629745471,0.0005143303519202284,"(0.0014491727726017368, 0.0004204125034250748, 0.0006932067162737023, 0.0008807701414891792, 0.0007894336651210788, 0.0007719779310008604, 0.0006468627545386861, 0.0009357875780057566, 0.0014164931613165467, 0.00043077020002530884, 0.0002855776008712081, 0.0021357372393376165, 0.0008256741631144905, 0.0007395936145569371, 0.0006848497015238825, 0.000891180241516203, 0.0009178114683224008, 0.0006653329249364355, 0.0002890513237015676, 0.0021081935578122673)"
n:newdata rho_5 z2:144.0 z1:1224.0 data:neg,0.000595866370262553,7.759816449784046e-05,"(0.00047400701843532616, 0.0007371187040241332, 0.0005141331539070845, 0.0006795703185970154, 0.0006694874166032673, 0.0005218185339838214, 0.0006876084530761451, 0.0005076811050701667, 0.0005571722552125053, 0.0006271120108294028, 0.0005991068581332939, 0.0005833259564859649, 0.0006416137404725285, 0.0005445799312701609, 0.0004949103652861109, 0.0007060582951976915, 0.0005894484311757442, 0.0005927795387669904, 0.0006622462474720337, 0.0005275490712516696)"
n:newdata rho_6 z2:144.0 z1:1224.0 data:neg,0.0031218737564698423,0.000584588926165409,"(0.004210142739234932, 0.002239264855345, 0.0037414467853307833, 0.002519472612320653, 0.0034211165175674074, 0.00275464780258485, 0.0033198833265482863, 0.0028346676613555184, 0.0026717935138552097, 0.0035289345267466065, 0.0026467824497915468, 0.0035620828609412634, 0.0030385930442595336, 0.003102767629509098, 0.0026415604138916673, 0.0035699214562007354, 0.0023105632415249947, 0.004081457870932073, 0.0025593090029699685, 0.0036830668184867177)"
n:newdata rho_7 z2:144.0 z1:1224.0 data:neg,0.0015294314080799712,0.0003673331422405284,"(0.0011422650236061387, 0.001939315784220083, 0.0015456711152241598, 0.0014330101057753411, 0.0011602181237241834, 0.0019087640754702146, 0.0018110198534611473, 0.0012218774674389683, 0.0009457194396012823, 0.0023424392907303282, 0.0015090279692859501, 0.0014683924908861987, 0.001442409311979317, 0.0015357787490706857, 0.0019566862404005025, 0.001132310758882441, 0.001119188816213764, 0.001979560943378513, 0.0016640956879159661, 0.0013308769143342406)"
n:newdata rho_8 z2:144.0 z1:1224.0 data:neg,0.00201234109890862,0.0003752292407748643,"(0.002061076190061388, 0.001903382061411466, 0.003092283933109966, 0.001268420708754135, 0.0021062946448889143, 0.001861792021350105, 0.0023462134221275545, 0.0016689775850092215, 0.0017346241089652428, 0.0022618496212824303, 0.0018300791784132027, 0.0021448079395884833, 0.0019428473499729696, 0.00201925783604753, 0.0024647092562894166, 0.001592168757846641, 0.0019794991709488974, 0.0019821640630648505, 0.001768009542210948, 0.002218364586829035)"
n:newdata rho_9 z2:144.0 z1:1224.0 data:neg,0.0022149306870863535,0.00029832382337255793,"(0.002247077267212142, 0.0021460680011774914, 0.0021431895094946975, 0.00225011228713547, 0.002392727853303803, 0.0020146814227759383, 0.0017353232213757857, 0.0027733000309435093, 0.002555110961080771, 0.0018877421058179041, 0.002059087439314846, 0.002343565748033681, 0.001956131957218074, 0.0024656352477011485, 0.0018603794147016317, 0.002593481233852348, 0.0018271065186916554, 0.002640138140498738, 0.002014966807238319, 0.0023927885741591164)"
n:newdata rho_10 z2:144.0 z1:1224.0 data:neg,0.007374889148471145,0.00124865121522924,"(0.00856516228031892, 0.006182110006800999, 0.005723596361432288, 0.00925226473257301, 0.006962738793212727, 0.007595272176883017, 0.009648087914367753, 0.005426689644798219, 0.007482841278391365, 0.007081769303945415, 0.007798365452611617, 0.006827216534410672, 0.005461809708454454, 0.009698742221421579, 0.007259573293803049, 0.007306593607307164, 0.006630786234911115, 0.007993668896516164, 0.006688430788331071, 0.007912063738932315)"
n:newdata rho_11 z2:144.0 z1:1224.0 data:neg,0.015653734356005398,0.0029370727173728866,"(0.013812300559120725, 0.01719286914364985, 0.014391632750071654, 0.01649023085841289, 0.010711603365426436, 0.022063864385120126, 0.018289936776426263, 0.012698783849811691, 0.0185442140566251, 0.01281441413083922, 0.016525601616940472, 0.014459559520850762, 0.015211373106334539, 0.015621574619737543, 0.01966938782955976, 0.012096011147703577, 0.015046803723238102, 0.015800943006779627, 0.01946560967903519, 0.012167972994424393)"
n:newdata rho_12 z2:144.0 z1:1224.0 data:neg,0.00625809441209624,0.0014456928649685494,"(0.008358605244833334, 0.004453498932572693, 0.008154572640347349, 0.004566370617924158, 0.005775171808495485, 0.006440699526037563, 0.006093820406118521, 0.0060617351177194795, 0.006240459377115145, 0.005971581001071179, 0.005362777270253389, 0.006949421084349065, 0.007596892761217783, 0.004905418667752758, 0.0075505072769488125, 0.004937880542116414, 0.008550786933767736, 0.0043579788842356745, 0.008408906192984391, 0.004424803956063869)"
n:newdata rho_13 z2:144.0 z1:1224.0 data:neg,0.0020252382437561025,0.0003493206910824082,"(0.0019905305227104087, 0.002003678071160881, 0.001965471372285738, 0.0020292400904149263, 0.001842341152417733, 0.0021639277442050864, 0.002541773031714329, 0.001564026487590922, 0.002346224541646039, 0.0017002319740790257, 0.0017804657801351912, 0.0022415278807651354, 0.002048356340219043, 0.0019474692299795645, 0.0027156009918097093, 0.0014690251380004313, 0.002437519732110164, 0.0016366873188160835, 0.0024596724761341967, 0.0016209949989274494)"
n:newdata rho_14 z2:144.0 z1:1224.0 data:neg,0.0035468288971933007,0.0007807333070952996,"(0.002893002919157882, 0.0041575192233435825, 0.0032137233707153576, 0.0037437608736256398, 0.004933855590664946, 0.0024358762849180254, 0.003737667406020537, 0.0031963451890477633, 0.004613503191709451, 0.0026074836313294304, 0.003697147130067433, 0.00326517187136292, 0.0036247888549047137, 0.0033196442962154537, 0.002250632801789207, 0.005345711489192134, 0.003439077657387292, 0.0034989960115168017, 0.0031686887760189538, 0.00379398137487849)"
n:newdata rho_15 z2:144.0 z1:1224.0 data:neg,9.986063043056605e-05,2.1295924006495448e-05,"(8.723318644850256e-05, 0.00010942130660092523, 0.00010503795749218258, 9.087991776357755e-05, 0.00010685201240736187, 8.932907588078989e-05, 7.58921224698209e-05, 0.00012575050236182794, 8.159686695108823e-05, 0.00011698494613760533, 0.00012465549286604566, 7.658672633055098e-05, 7.408689946214534e-05, 0.00012884117343931332, 0.00011436386179452511, 8.346280749987265e-05, 7.431981396002458e-05, 0.00012844058472877065, 0.00013012061532581087, 7.335673869057982e-05)"
n:newdata rho_1 z2:144.0 z1:864.0 data:neg,0.02153883531485175,0.009057092863729202,"(0.03819873655079973, 0.010329965643540327, 0.017275004384490145, 0.0228122649706853, 0.013396165585387719, 0.0292872808576735, 0.01568113263234514, 0.024865888054424377, 0.026508603286414415, 0.01484223990965984, 0.020632143037730106, 0.018776142689646294, 0.011224315087201316, 0.0349743861838431, 0.013242031374061594, 0.029493011055095823, 0.01713295604342723, 0.023000696894495312, 0.009937512342135206, 0.03916622971397851)"
n:newdata rho_2 z2:144.0 z1:864.0 data:neg,0.01623013801076292,0.00679057237982626,"(0.025680024142058968, 0.008823777491121145, 0.012770843893372293, 0.017723065896027096, 0.021295544896677326, 0.010553269561796872, 0.033434625840618855, 0.006560569020912557, 0.01134655606630767, 0.019874503472202598, 0.014261195418257964, 0.015506618712001194, 0.01688980801323178, 0.013386475681232498, 0.008381760788659175, 0.026530312535472573, 0.020588726149529765, 0.010987888336979543, 0.016261552871341876, 0.013745641427456542)"
n:newdata rho_3 z2:144.0 z1:864.0 data:neg,0.013637955947920114,0.006850594260507998,"(0.01281377277401278, 0.01159787662006297, 0.02339621511393851, 0.00634103089226706, 0.021505031150085164, 0.006852312321707927, 0.01652361240104082, 0.008771797045802799, 0.017705309292648193, 0.00836715580317008, 0.009620899448713307, 0.01503395762565478, 0.011166087097819072, 0.013255969921909607, 0.0046132439621960186, 0.0313833670908397, 0.019700180010212252, 0.007532088227283078, 0.01872760558263734, 0.007851606576400823)"
n:newdata rho_4 z2:144.0 z1:864.0 data:neg,0.0009421259927302478,0.0005365034379960037,"(0.001518066707811157, 0.00044282920913061023, 0.0007588230402787691, 0.000886832207958743, 0.0008343400334300149, 0.0008056869575154348, 0.0006903280334094593, 0.0009722577558024672, 0.0014818864222695596, 0.0004537766202326583, 0.0003004638237484125, 0.0022219991879456956, 0.0008691098675568984, 0.0007741593937444344, 0.0007182482365927115, 0.000933882292642132, 0.0009597647893803779, 0.0007010697999371084, 0.0003020421119401341, 0.002216953363278175)"
n:newdata rho_5 z2:144.0 z1:864.0 data:neg,0.0005943086522109064,7.757415522265426e-05,"(0.0004723298559954493, 0.0007358431303891042, 0.0005140805337450765, 0.0006760966783391214, 0.0006686466139395357, 0.000519758398446915, 0.0006859135816041238, 0.0005065673800623777, 0.0005557592740814665, 0.0006253631197056228, 0.0005972591041582548, 0.0005817696052032436, 0.0006400060175257963, 0.0005430634251944459, 0.0004925143205212467, 0.0007054900519417348, 0.0005879363464569555, 0.000591165252064537, 0.0006604621826582672, 0.0005261481721848495)"
n:newdata rho_6 z2:144.0 z1:864.0 data:neg,0.003083751239231484,0.0005789465042985122,"(0.004141903851356737, 0.002220830077447139, 0.003704333956963871, 0.002483023305521928, 0.003399427902457593, 0.00270525234974983, 0.0032659693781095307, 0.0028141018179466317, 0.002645254515297427, 0.003476876032999469, 0.0026068294154683795, 0.003525161160694994, 0.0030044802396532264, 0.0030612667590361065, 0.0025838808647902743, 0.003557989161873028, 0.0022822700556389118, 0.004030217297867426, 0.0025260216686116563, 0.003639934973145519)"
n:newdata rho_7 z2:144.0 z1:864.0 data:neg,0.0015082863999860644,0.0003604885621115513,"(0.0011237932282220312, 0.0019182782674956077, 0.0015283711713777648, 0.0014104604943972216, 0.0011487850332647764, 0.0018762637936402668, 0.0017823885266778218, 0.001208860357322517, 0.0009339911300576382, 0.002307898076688415, 0.0014860951311059804, 0.0014498990305874169, 0.0014235072251874408, 0.0015143201173075, 0.0019188324956154212, 0.0011229976578090483, 0.0011041014874339009, 0.001952467646556796, 0.001641283184680036, 0.001313133944293685)"
n:newdata rho_8 z2:144.0 z1:864.0 data:neg,0.0019977120718333357,0.00037332824129235136,"(0.002038703417702476, 0.001896605951128163, 0.0030861850818142294, 0.0012528452888929502, 0.0021020821454088767, 0.0018389922074034159, 0.0023241680049199786, 0.0016623536695671223, 0.0017243499280311767, 0.002242104776451502, 0.0018129443795508174, 0.0021310960906623577, 0.0019293363902646273, 0.0020039898118199965, 0.002426057047867753, 0.001592706917898169, 0.00196551928197517, 0.0019672441911160474, 0.0017546859803510824, 0.0022022708738407967)"
n:newdata rho_9 z2:144.0 z1:864.0 data:neg,0.0021938625881489783,0.00029912144014941064,"(0.002217584565951117, 0.002133101112734178, 0.0021400631234370976, 0.002210576125479209, 0.0023825166310468926, 0.0019849674985496124, 0.0017168124156723141, 0.0027531264080301095, 0.0025324623184985536, 0.0018677411004384024, 0.002035564819637378, 0.002321584098882268, 0.0019379626699626527, 0.002440843878725617, 0.0018264324474980065, 0.002587672203858881, 0.0018099512723927643, 0.0026137505885642613, 0.0019950845530752083, 0.0023694539305450357)"
n:newdata rho_10 z2:144.0 z1:864.0 data:neg,0.007000724128202105,0.001148946531873784,"(0.008055059717039048, 0.005938428314419228, 0.005586024854580283, 0.008565892279065653, 0.00673037862409762, 0.007102084248327982, 0.009186627212637343, 0.005188540447086657, 0.007132374227683719, 0.006705093495740141, 0.007351277983405598, 0.006490908615036758, 0.005193717947012571, 0.00920797473183782, 0.0067093110008692594, 0.007109434698030669, 0.006304635660878974, 0.007589416732553729, 0.006349215413005459, 0.007518086360733569)"
n:newdata rho_11 z2:144.0 z1:864.0 data:neg,0.013887429989289638,0.0024186111690609876,"(0.012017736433623178, 0.015631101035717597, 0.013542850372799137, 0.013875515650017064, 0.009869048810138595, 0.019001315109375708, 0.016321757769311003, 0.011428807203503687, 0.016602872781397292, 0.011306603396008823, 0.014509624249841408, 0.012869627395236857, 0.013545359766416399, 0.013867249360350952, 0.01650829525466837, 0.011315253160416955, 0.013395597205649671, 0.014028625815227182, 0.01728373398500641, 0.010827625031086401)"
n:newdata rho_12 z2:144.0 z1:864.0 data:neg,0.006029050839265692,0.0013955795126856419,"(0.007981027952646982, 0.0043311765654598005, 0.008060507382100365, 0.004289662764477707, 0.005646232324301662, 0.00611887917680178, 0.005874546621015011, 0.00586924287569488, 0.006020431680984756, 0.005741343229216142, 0.005147809482147554, 0.0066912669913537235, 0.007328673001067617, 0.004718487473533385, 0.007098485242247287, 0.004858677170640077, 0.008249362205377737, 0.004191799359379691, 0.008103419064724964, 0.0042599862221427065)"
n:newdata rho_13 z2:144.0 z1:864.0 data:neg,0.001996158832624002,0.00034124472854865894,"(0.0019566586921047737, 0.0019813796330969114, 0.0019536553503348053, 0.0019845860445234127, 0.0018248497422376244, 0.0021240540110839153, 0.0025078661425727592, 0.0015443280254650402, 0.0023143485144723895, 0.0016750443602033007, 0.0017527346319531041, 0.002209842713285412, 0.002020132909203051, 0.0019191904130535238, 0.0026569767304583302, 0.0014580077950113435, 0.002403633663086179, 0.0016129835027541902, 0.0024247948849938123, 0.0015981088925861586)"
n:newdata rho_14 z2:144.0 z1:864.0 data:neg,0.0035499055972373784,0.0007857821343315875,"(0.0028847711044851735, 0.004176311565219721, 0.0033147297846256897, 0.0036361421543843492, 0.004966504656384867, 0.0024247469974787487, 0.003777613743825055, 0.0031835818076712094, 0.004596662416707234, 0.002620918932669398, 0.0036932086161984646, 0.0032557116035941834, 0.0036393200150038585, 0.003311430664896328, 0.0022389382721375024, 0.005368662045835029, 0.003443469227483665, 0.0035000433316248023, 0.0031702040722208545, 0.0037951409323014316)"
n:newdata rho_15 z2:144.0 z1:864.0 data:neg,0.00010027469941416086,2.1391481362054775e-05,"(8.757969607294154e-05, 0.00010989544147782753, 0.00010575791560108282, 9.101064772519208e-05, 0.00010732656023118998, 8.96758885144901e-05, 7.626685441991693e-05, 0.00012618930540066019, 8.190311791189133e-05, 0.00011751311761170111, 0.00012516988687782436, 7.687801864250909e-05, 7.441692253640813e-05, 0.00012933585455092027, 0.00011488799754095129, 8.376656273333993e-05, 7.461894057508934e-05, 0.00012898860327724328, 0.00013065031143987688, 7.36623451421613e-05)"
n:newdata rho_1 z2:144.0 z1:864.0 data:pos,0.024054739239728513,0.010245906912454911,"(0.04267127452658007, 0.011476743861187425, 0.01985264448134804, 0.02453539190256682, 0.015410396078384726, 0.031486963510008556, 0.017988439275999548, 0.0267384314899825, 0.0315667470288645, 0.015493583680284289, 0.02311913140144888, 0.02112873610812749, 0.011563971573574004, 0.04230160471468835, 0.015365803440004296, 0.031599461735331076, 0.019988780235641698, 0.02452722542705183, 0.011302731458339836, 0.042976722865156275)"
n:newdata rho_2 z2:144.0 z1:864.0 data:pos,0.01967868863530841,0.007997057637485759,"(0.03037988385827228, 0.01107009332960278, 0.016772031525041264, 0.01989986944929602, 0.0274091329868346, 0.012110608082596118, 0.04036999793876048, 0.0077821805788949655, 0.015010125418786949, 0.022370891282393918, 0.01746748638339555, 0.01919881511671985, 0.018500434607275518, 0.01816941030522189, 0.010836725194475842, 0.03042984145193375, 0.02616370392380077, 0.012899165107954351, 0.02039582911235255, 0.016337547052558823)"
n:newdata rho_3 z2:144.0 z1:864.0 data:pos,0.013553887321498183,0.006887656410761972,"(0.012930261863824089, 0.011144641821089193, 0.023951371658548642, 0.005974228594952874, 0.021415683885496105, 0.00665321023489685, 0.017488780958851202, 0.00792851687848901, 0.019000550050339696, 0.0075825314304997175, 0.00959842656393491, 0.014969415952486473, 0.010117390666383445, 0.014244653835094856, 0.0047996619760508966, 0.02938665307746151, 0.020091956029574802, 0.007201825409623022, 0.01909776691483766, 0.007500218627528652)"
n:newdata rho_4 z2:144.0 z1:864.0 data:pos,0.000953699963801373,0.0005413058831358792,"(0.0015340891676202061, 0.0004494676328068132, 0.0007734864341862067, 0.0008920692965365082, 0.0008343071438419199, 0.0008255673356159444, 0.0006981659435034437, 0.0009857502256242453, 0.0015058355459019643, 0.0004582522874682101, 0.0003051309609754673, 0.002255495985846505, 0.0008964266750479602, 0.0007701402617163648, 0.0007322594435087073, 0.0009412045958093244, 0.0009648801607890324, 0.000715627726391029, 0.00030959509004779314, 0.002226247362789812)"
n:newdata rho_5 z2:144.0 z1:864.0 data:pos,0.0005941117079095474,7.750466813055473e-05,"(0.0004721131746529493, 0.0007356666223501314, 0.0005142757388920279, 0.0006753463607461071, 0.0006680566936816294, 0.0005198068153213864, 0.0006859739040664656, 0.0005061371273174312, 0.0005558679186690446, 0.0006248453410823738, 0.0005972078806815281, 0.0005815580961479538, 0.0006399681923729064, 0.00054273950904216, 0.0004926442768561675, 0.000704923221586072, 0.0005875850724085743, 0.0005911502653316799, 0.0006607368445928847, 0.0005256311023914762)"
n:newdata rho_6 z2:144.0 z1:864.0 data:pos,0.003097031838907249,0.0005805413804342804,"(0.004163411505279207, 0.002228475311788509, 0.0037257048766833963, 0.002489691549055261, 0.0034170859816416085, 0.0027142428856279915, 0.0032884034866186985, 0.0028178825577283278, 0.0026657234281709037, 0.0034803570682783434, 0.0026192284381967718, 0.0035418860283727145, 0.003006644010934977, 0.0030858142682014676, 0.0026008147000513007, 0.003566181465372795, 0.0022961426967374934, 0.004041071110104386, 0.0025400784645360497, 0.003651796944764766)"
n:newdata rho_7 z2:144.0 z1:864.0 data:pos,0.0015062720477623745,0.00035977138275370703,"(0.0011226643609895696, 0.0019150659455791606, 0.0015281159281118925, 0.0014067809571234676, 0.001147477238356819, 0.0018731750279126983, 0.0017829297795864194, 0.0012049717139744147, 0.0009344750869917654, 0.0023007089261059236, 0.0014845974655013046, 0.0014481426548694429, 0.0014191405967610155, 0.0015150052934454353, 0.0019189212120074154, 0.0011201418801307073, 0.0011031745310794625, 0.0019490733063940295, 0.001640547494442818, 0.0013103315558837293)"
n:newdata rho_8 z2:144.0 z1:864.0 data:pos,0.0019970916227596393,0.0003747523307159365,"(0.0020378996135061037, 0.0018954372780181868, 0.0030908874994997797, 0.0012495083324351789, 0.0021001313565886795, 0.0018384865613762051, 0.002328057740425399, 0.0016573944734621952, 0.0017274861415181439, 0.002236161361354996, 0.0018131798018276258, 0.00213027009275178, 0.001925759020614524, 0.0020059538169058806, 0.0024298425622581864, 0.001589196488549552, 0.0019646291352261058, 0.0019665471037674425, 0.0017568237531626091, 0.002198180321944217)"
n:newdata rho_9 z2:144.0 z1:864.0 data:pos,0.0021901599306017,0.00029727592686275614,"(0.0022132290995055363, 0.0021300405867671107, 0.0021418823376875332, 0.0022008610769147074, 0.0023749288097084926, 0.0019839394778579885, 0.0017173677984338622, 0.0027423354649899635, 0.0025337109107534967, 0.0018608504709637667, 0.002033944568911333, 0.002317655798011617, 0.0019350445527645224, 0.0024366643804253846, 0.001827461058499583, 0.0025786445994612573, 0.0018056908163326597, 0.002611658034047093, 0.001996701740225657, 0.0023605870297724314)"
n:newdata rho_10 z2:144.0 z1:864.0 data:pos,0.007017758665522843,0.00115084931896488,"(0.008066160301892042, 0.0059559109962578705, 0.005642133765722222, 0.00851406780957711, 0.006711058629448248, 0.0071462507147079645, 0.009261516905720427, 0.005164158038329351, 0.007197809916831114, 0.006677342151695232, 0.007388434960559986, 0.006502999741916899, 0.0052103249141079964, 0.009225481786333423, 0.0067737692044584595, 0.00708428210119446, 0.006303231295611197, 0.0076301440384765745, 0.0064135838745706525, 0.007486512163045671)"
n:newdata rho_11 z2:144.0 z1:864.0 data:pos,0.013610627780818799,0.0024904206736016416,"(0.011740238435598179, 0.015303952712468944, 0.013454615419148871, 0.013349810919989179, 0.009552659060578296, 0.018740051687935355, 0.016169092933561682, 0.011016344758700721, 0.016479319939192605, 0.01091108184390826, 0.014280031972867724, 0.01257935066894009, 0.013276699916585585, 0.013547551305002636, 0.016409582354442464, 0.010926800190722228, 0.013032466655439475, 0.013815899341073393, 0.01718170881309152, 0.010445296687128788)"
n:newdata rho_12 z2:144.0 z1:864.0 data:pos,0.006031581797998564,0.001407759474822337,"(0.007972966866353922, 0.0043329592098451455, 0.008107103054112434, 0.004261208392473776, 0.005615734221569819, 0.006142649998032854, 0.005903554075779738, 0.005834032620866891, 0.00605652584310965, 0.005707430115409466, 0.005160924302253368, 0.006690488846186567, 0.0073371007706909816, 0.00471156704616108, 0.007147360063728615, 0.004830128808760699, 0.00822414126563759, 0.004205365038769622, 0.008155792913139353, 0.004234602507089706)"
n:newdata rho_13 z2:144.0 z1:864.0 data:pos,0.0020049153697602805,0.00034478115449648186,"(0.0019640711074917247, 0.0019902693359978322, 0.0019664032938510475, 0.0019878581349052613, 0.0018295506899369315, 0.002135662547350169, 0.0025220698754704392, 0.0015479942270601027, 0.002328266154490411, 0.0016791639777358578, 0.00176148606051374, 0.0022190032085756006, 0.0020299840574126197, 0.0019259806908716042, 0.0026738657175473866, 0.0014615638932467777, 0.002411736113975294, 0.001621270154497233, 0.0024407702397107904, 0.0016013379145647896)"
n:newdata rho_14 z2:144.0 z1:864.0 data:pos,0.0035091236758731815,0.0007697973585774931,"(0.00284760954606269, 0.004135572949077915, 0.0032938931450651352, 0.0035761277389876746, 0.004867345508334139, 0.0024163806649458697, 0.0037323481435454376, 0.003148942186133634, 0.004555469130218053, 0.002586181894464351, 0.0036587610468039756, 0.0032181333825977406, 0.0036420461507826974, 0.0032355269022058494, 0.0022233840021369383, 0.005291473426055495, 0.0033881760439865645, 0.0034784817862369482, 0.0031608860327260978, 0.003725733837096421)"
n:newdata rho_15 z2:144.0 z1:864.0 data:pos,0.000100259599191821,2.1390610192000277e-05,"(8.755230637854622e-05, 0.00010989259906350625, 0.00010578609667418547, 9.095407392618195e-05, 0.00010721797442139118, 8.973248835380734e-05, 7.623561679537761e-05, 0.0001261947704407075, 8.189735231735656e-05, 0.00011748525667538513, 0.00012516686942968717, 7.686504523269438e-05, 7.451160769345187e-05, 0.00012913221072029964, 0.00011490568721045873, 8.37310502701261e-05, 7.457108649655692e-05, 0.0001290285861904822, 0.0001307357107794018, 7.359559476681581e-05)"
n:newdata rho_1 z2:108.0 z1:1008.0 data:pos,0.018702748671021542,0.008339479317285892,"(0.03143980691420278, 0.009418461000526625, 0.015617219840041375, 0.01856576960208993, 0.010181633099805732, 0.028431427211632165, 0.015046051447103114, 0.019118665982057467, 0.023253465745234788, 0.012657905019397985, 0.01788222927263278, 0.01632502827695779, 0.00963013565182085, 0.030019055896507635, 0.012837708624305059, 0.02236932183729161, 0.013626263158292974, 0.021478872457075606, 0.007440391127657079, 0.038715561255797476)"
n:newdata rho_2 z2:108.0 z1:1008.0 data:pos,0.017119471929432094,0.00663001521254495,"(0.024118823356984686, 0.01106138004715849, 0.014922582595691528, 0.017273078091613037, 0.01896396087924034, 0.013607854695468406, 0.0384059246728317, 0.006280445310264783, 0.012119111838407451, 0.021798202344242634, 0.015377992816319304, 0.01697765131661333, 0.01806782225101897, 0.014291757090426219, 0.010858253282942446, 0.023084315065337525, 0.018414576069155367, 0.01424543673692113, 0.013683933683527948, 0.01883633644447662)"
n:newdata rho_3 z2:108.0 z1:1008.0 data:pos,0.011582044549444281,0.005047401351854742,"(0.0101859848800681, 0.011332354406737018, 0.02129909627464984, 0.005220222644635278, 0.016109816740096768, 0.006954443588940655, 0.0156376410058785, 0.006874621326095873, 0.015592148879921362, 0.0073525261351633986, 0.008443060154341027, 0.013402968245877132, 0.009661202878265785, 0.011624205510808013, 0.004690591784540337, 0.022887653309555243, 0.014756882955303327, 0.007720978561818374, 0.01365724604189611, 0.0082372456642935)"
n:newdata rho_4 z2:108.0 z1:1008.0 data:pos,0.0008511947335564196,0.00048791536645626844,"(0.0013612211531978575, 0.0004019279246276036, 0.0006848443343845052, 0.0007984992530437005, 0.0007559822707840326, 0.0007233388998587405, 0.0006112768507172618, 0.0008913822556966013, 0.0013396268025926612, 0.00040825615705409127, 0.0002708284578334399, 0.0020193717244568147, 0.000792152131707131, 0.0006907135824978242, 0.000641517343802007, 0.0008510601165526623, 0.000859475358564245, 0.0006368521082568997, 0.0002708109411212492, 0.0020147570043790625)"
n:newdata rho_5 z2:108.0 z1:1008.0 data:pos,0.0005941663264405912,7.751108322900081e-05,"(0.00047166746859210137, 0.0007366268203323601, 0.0005140709370569181, 0.0006756860695147908, 0.0006679530228312771, 0.000520042437545288, 0.000685537387689821, 0.000506450243597974, 0.0005555507893288571, 0.000625368702418783, 0.0005971416831085359, 0.0005818258827404128, 0.0006400489592419446, 0.0005427438761776693, 0.0004927069799974114, 0.0007048405737680456, 0.0005868543413856106, 0.00059200711666267, 0.000659545302722103, 0.0005266579340992489)"
n:newdata rho_6 z2:108.0 z1:1008.0 data:pos,0.0031005414795670636,0.0005840772821728001,"(0.004147076261229296, 0.002243601489747994, 0.0037334281304256395, 0.002488684516649023, 0.0033958983063848815, 0.0027365048757365088, 0.003294573363191531, 0.0028170630512911275, 0.002659455756558077, 0.00349699118788998, 0.0026212453483616064, 0.0035464927302104477, 0.0030197959254292506, 0.0030772634644782243, 0.002614132892639073, 0.003552709056314237, 0.0022804988399515924, 0.004077106800801071, 0.0025189597562045056, 0.003689347837847213)"
n:newdata rho_7 z2:108.0 z1:1008.0 data:pos,0.0015235650877333119,0.00036659756787251147,"(0.001131812305132168, 0.0019428004082218584, 0.0015449195617376233, 0.0014222468099946305, 0.001155945479301897, 0.0019010032992502113, 0.0018028671076034443, 0.0012179304327429685, 0.0009430171920496068, 0.002331287816823064, 0.0015007550802779743, 0.0014647233501679103, 0.0014371715268815756, 0.0015290428536957226, 0.0019441811440326136, 0.0011297360401715051, 0.0011104142130775414, 0.0019796037806850703, 0.0016502362135736859, 0.0013316071392451645)"
n:newdata rho_8 z2:108.0 z1:1008.0 data:pos,0.002004202136703357,0.0003767137725120735,"(0.0020370273902885583, 0.0019108182006605638, 0.0030981584943443052, 0.0012548032419818502, 0.0020992568912576704, 0.0018524109305781107, 0.002334454051743645, 0.0016637095912912256, 0.0017290400368496482, 0.0022506525632187903, 0.0018187434846464662, 0.0021394165933479124, 0.0019354641664970564, 0.002009489498282395, 0.002443406948913489, 0.0015903813796235655, 0.00195984417475265, 0.001985289479708994, 0.0017512037404491423, 0.002220471875631106)"
n:newdata rho_9 z2:108.0 z1:1008.0 data:pos,0.0021730890611924027,0.00029675015573068305,"(0.002186789244181875, 0.0021232695905191333, 0.0021215219090135744, 0.002186368909696007, 0.0023512507772612294, 0.0019730423164663123, 0.0017006009359437654, 0.002724371636724979, 0.0025070561268632587, 0.0018516842719962017, 0.0020163631673937414, 0.0023021662773838156, 0.0019210851991009411, 0.0024153516061064893, 0.0018147743331390178, 0.002553793115329796, 0.0017815293233936923, 0.002605600487618917, 0.0019669507890016087, 0.002358211206713705)"
n:newdata rho_10 z2:108.0 z1:1008.0 data:pos,0.006981001074692942,0.0011413569288997358,"(0.007922940935632953, 0.006013424552049803, 0.005587438395456776, 0.008499457128034007, 0.006638591126245055, 0.007156737547752008, 0.009141927358923932, 0.0051635227625329615, 0.007099100450465891, 0.006706126740612641, 0.0073451517234861, 0.0064946492080197125, 0.005194676460601948, 0.009150469838806725, 0.006750695709594805, 0.007019168481474255, 0.0061661072494879525, 0.007719941152593802, 0.006242299767692357, 0.007607594904395143)"
n:newdata rho_11 z2:108.0 z1:1008.0 data:pos,0.014348335290170303,0.0025925105247974474,"(0.0121195674279283, 0.01655773480339185, 0.013988214019438894, 0.014254879844306938, 0.009954752844905206, 0.02004207391688027, 0.016863142900393632, 0.011702697883814131, 0.017134217082794112, 0.011696058781830556, 0.015007109504657522, 0.013363843146705034, 0.014024522428490272, 0.014245961303463152, 0.01738885612712823, 0.011422317413300312, 0.013294189887010767, 0.015069537661736014, 0.017325931344437637, 0.011511097480793198)"
n:newdata rho_12 z2:108.0 z1:1008.0 data:pos,0.0061499104509129396,0.0013971874854098536,"(0.008055561459471413, 0.004479262811397201, 0.008245488278776738, 0.004362925413450049, 0.00571661379917681, 0.006297971386293451, 0.005984874012545396, 0.005987726656858855, 0.006138984924283622, 0.005875662329439294, 0.005253286464608088, 0.006859864041797586, 0.007503574840273936, 0.0048001855023422696, 0.007294248775389219, 0.004924846887687731, 0.008288313931286779, 0.004351200629438269, 0.008176335539993045, 0.0044012813337490604)"
n:newdata rho_13 z2:108.0 z1:1008.0 data:pos,0.001996769796658889,0.0003400654414620011,"(0.0019497955772007232, 0.001990847727835721, 0.0019560774900119256, 0.0019827039415528875, 0.001820493313041135, 0.00213064524517163, 0.002506409432530589, 0.0015447476168083643, 0.002314154884597904, 0.0016771397420604869, 0.0017536228702428563, 0.0022132673615136854, 0.002022982005000519, 0.0019177527198659173, 0.002664018721209249, 0.0014550481710089037, 0.0023919394628221387, 0.001622534338516515, 0.002416194176078876, 0.0016050211361077467)"
n:newdata rho_14 z2:108.0 z1:1008.0 data:pos,0.00351722141792608,0.0007874231760706193,"(0.0028416976798775802, 0.004157918830658449, 0.003287551787198321, 0.0035917195038965206, 0.004930920467218472, 0.0023945805172426358, 0.0036927409109587636, 0.0031870193326075553, 0.004555042314872299, 0.0025932068698940347, 0.003661258732276487, 0.003233549486505431, 0.003630646962231678, 0.0032537362893366117, 0.002201921353525216, 0.005354381107921634, 0.0033915660579010884, 0.003484158786396824, 0.0031252320790597196, 0.003775579288942268)"
n:newdata rho_15 z2:108.0 z1:1008.0 data:pos,0.00010036366618093248,2.140716741393717e-05,"(8.763799297021509e-05, 0.00011001531364582784, 0.00010586392465516404, 9.107714719953852e-05, 0.00010748057312937017, 8.970595827316557e-05, 7.622674124952377e-05, 0.0001264723357911954, 8.199445643457914e-05, 0.00011758996813747606, 0.0001252770262633373, 7.696996800865365e-05, 7.454626062309751e-05, 0.00012933930876313403, 0.00011487603480913661, 8.392560674755405e-05, 7.467559513524622e-05, 0.0001291155766620835, 0.00013074024577202297, 7.374328934832861e-05)"
n:newdata rho_1 z2:108.0 z1:1008.0 data:neg,0.018493151708975985,0.0076831644880666124,"(0.033270061958491914, 0.008713480034018239, 0.013443527840311303, 0.021479808288621838, 0.011230202138034709, 0.025645230084500002, 0.013571272101773195, 0.021058422259260738, 0.023378404932344624, 0.012368126745212054, 0.020345052430123398, 0.014394959469200238, 0.010801783158348703, 0.02684949352785154, 0.012414440604619624, 0.02329800759233674, 0.012087511306879377, 0.023935904853366236, 0.008817053219230039, 0.03276029163499523)"
n:newdata rho_2 z2:108.0 z1:1008.0 data:neg,0.01655599343148344,0.006720231305737663,"(0.026864692825993304, 0.008794260477775708, 0.0112422156245112, 0.020862493745639907, 0.02118943735168981, 0.011044372786843601, 0.03369692169049994, 0.006769193939409461, 0.012026197118788592, 0.01958946360861021, 0.018164530767385736, 0.013331543467709718, 0.02026574677387075, 0.011630935670592677, 0.009630430263420591, 0.024427202608117992, 0.01582525402366562, 0.014895302359103581, 0.017290089742134564, 0.013579583783905814)"
n:newdata rho_3 z2:108.0 z1:1008.0 data:neg,0.011096489685857235,0.004990142024316893,"(0.01102717428040281, 0.009311818901521916, 0.016970585110147336, 0.005998789913848526, 0.017465010094525776, 0.005818608756467571, 0.013668624600201011, 0.007315605097629919, 0.01529227455474769, 0.006683082378336838, 0.009566684850297269, 0.010888356230663768, 0.01053387869594901, 0.009736681010515554, 0.004224766224209687, 0.024156602209373327, 0.012987554275870408, 0.007895442070315593, 0.016034652170291923, 0.006353602291828738)"
n:newdata rho_4 z2:108.0 z1:1008.0 data:neg,0.0008690488608890783,0.0005005339870728113,"(0.001400662105464268, 0.00040557122432680683, 0.0007056494502687133, 0.0008050196034270482, 0.0007662444936436925, 0.0007409897702362657, 0.0006308246608259162, 0.000898895503318349, 0.0013828143304829487, 0.0004107579759686728, 0.00027517124673803555, 0.002066021797153159, 0.000800955852295244, 0.000709565303524728, 0.0006618625196747959, 0.0008577502660601245, 0.0008977632791813362, 0.0006329835878875116, 0.0002763065667690504, 0.0020551676805349)"
n:newdata rho_5 z2:108.0 z1:1008.0 data:neg,0.0005947407451264335,7.755615192219888e-05,"(0.00047280288637312337, 0.000736154673044362, 0.0005141681296374021, 0.0006768572416305836, 0.0006691144749875901, 0.0005201086626246223, 0.0006861014945480055, 0.0005071329735815195, 0.0005564752661989052, 0.0006254409841526196, 0.0005983939406243536, 0.0005818578651778803, 0.0006409126099879468, 0.0005430616268155376, 0.0004932238892797268, 0.0007056065069999484, 0.0005877210117716145, 0.0005921942442642186, 0.0006608840509413546, 0.0005266023698873528)"
n:newdata rho_6 z2:108.0 z1:1008.0 data:neg,0.00309368184509582,0.0005810309263533679,"(0.004156564668058134, 0.00222685975961189, 0.0036957908670369652, 0.002503817421594923, 0.003407528326868249, 0.0027155382276154464, 0.0032722758490358983, 0.0028259361211439814, 0.002656275644737001, 0.003484233062083931, 0.002635396684021191, 0.0035143285889333046, 0.0030326780097916267, 0.0030520945474177144, 0.002603194029643255, 0.0035552132024927936, 0.0022650531308219726, 0.0040863120312699674, 0.002537348954513881, 0.003647197775224268)"
n:newdata rho_7 z2:108.0 z1:1008.0 data:neg,0.0015210917781711718,0.0003645171023855956,"(0.0011337751855736754, 0.001933093910437025, 0.0015360507680829793, 0.0014264561774018983, 0.001157845727498896, 0.0018923718635953325, 0.0017958766082135636, 0.0012195962445798478, 0.0009424645958011949, 0.0023252094895777316, 0.0015051582904542621, 0.0014569977838210942, 0.0014397669257337827, 0.0015221590657352754, 0.0019392492597088734, 0.0011299761297156382, 0.0011068929108878091, 0.0019797628135769718, 0.0016558382877333991, 0.001323293525294188)"
n:newdata rho_8 z2:108.0 z1:1008.0 data:neg,0.0020001645401142598,0.0003712948644070977,"(0.0020434316622362438, 0.0018972278400234744, 0.0030778261553001214, 0.0012591166518990953, 0.002104131468435893, 0.0018418298863078037, 0.0023246075011500657, 0.0016662079370227945, 0.0017288364544288891, 0.0022422167216547863, 0.0018255663426116054, 0.002125888954084781, 0.0019387071450689907, 0.0019996506139854735, 0.0024368512492816664, 0.0015905919701848972, 0.001954727115069235, 0.001983151878215575, 0.0017578541378701607, 0.0022048691174536457)"
n:newdata rho_9 z2:108.0 z1:1008.0 data:neg,0.0021907036924015857,0.00029977051648921526,"(0.002216444742505189, 0.002127412753245107, 0.0021305405488981424, 0.002212355612358465, 0.002378441398607804, 0.001981636530450273, 0.0017113405754297121, 0.002752518527428579, 0.0025329258553020936, 0.0018613071550461645, 0.0020422469930455305, 0.0023114151794066335, 0.0019407105306772517, 0.002429611908184662, 0.0018288534577421236, 0.00257751732619066, 0.0017974645576834555, 0.0026229735709344323, 0.001991927236277916, 0.002366429388617526)"
n:newdata rho_10 z2:108.0 z1:1008.0 data:neg,0.0070044443727915046,0.0011510498440024256,"(0.008083006986292265, 0.005917544449242969, 0.005540048458650688, 0.00862395154630067, 0.006728341928959931, 0.007099909833921421, 0.009142731690267986, 0.005211705236400156, 0.007174553452071543, 0.006664581674900028, 0.007482448902250168, 0.006435970129348411, 0.005242114263133573, 0.009125608650423484, 0.006770677968453858, 0.007058454307225339, 0.006206281687380007, 0.0077050250554956965, 0.006348712260438097, 0.007527218974673802)"
n:newdata rho_11 z2:108.0 z1:1008.0 data:neg,0.014538140259336233,0.0025947963205218386,"(0.012681465962334689, 0.016185328862403973, 0.013874446169320223, 0.014756130557503262, 0.010294300874048841, 0.01988091469884311, 0.01695506436274188, 0.012017141834856835, 0.01760328614972271, 0.011647869826220377, 0.01566531846732478, 0.01322465747431941, 0.014393652821320211, 0.01426036498168826, 0.017620785864176973, 0.0116255370948581, 0.01355603487500847, 0.015129850367453054, 0.018036953127208304, 0.011353700815371135)"
n:newdata rho_12 z2:108.0 z1:1008.0 data:neg,0.006210213576051016,0.001430048800547535,"(0.008246622432637499, 0.004447421865621636, 0.008255665295068444, 0.0044379682833961135, 0.005815444156866308, 0.006300244395611715, 0.006025086237100365, 0.006069826963747297, 0.006236159993183809, 0.005880236648131163, 0.00535848925318978, 0.006856665779784434, 0.00760589145645804, 0.004823145137195262, 0.007367869122400819, 0.004974488240434645, 0.008402300809305367, 0.004365124161902618, 0.008343598366541671, 0.004392022922443349)"
n:newdata rho_13 z2:108.0 z1:1008.0 data:neg,0.0019995326632128003,0.000341438609679612,"(0.0019618582184015377, 0.0019826434818098803, 0.0019529811280340817, 0.001990947378805036, 0.0018276991340399498, 0.0021273378494569392, 0.0025085391740838478, 0.0015488583983075369, 0.0023224089911041564, 0.0016746135411680402, 0.0017625535979917447, 0.0022091079367923027, 0.0020283414252246184, 0.0019176510075699406, 0.002668254948451993, 0.0014572993336845299, 0.0023983755118412264, 0.0016216140807533343, 0.002428316532748894, 0.00160125159398642)"
n:newdata rho_14 z2:108.0 z1:1008.0 data:neg,0.003517911753599806,0.0007812615082371066,"(0.0028638250136280735, 0.004127510059337984, 0.0033100170397421472, 0.003569832581511462, 0.004917643094520884, 0.0024018972692335947, 0.003725961540717874, 0.003166640456779142, 0.004597217763370482, 0.0025705725871078026, 0.0036624531164820874, 0.003240362456233874, 0.0036133477170763612, 0.0032714899502095975, 0.0022208890289637266, 0.005317769121160647, 0.0034486961774920204, 0.003427347598090305, 0.003130816908697073, 0.003773945591641007)"
n:newdata rho_15 z2:108.0 z1:1008.0 data:neg,0.0001003354752647975,2.136621143155425e-05,"(8.765714133826317e-05, 0.0001099458219079735, 0.00010594629546882408, 9.096617655470046e-05, 0.00010738806586686254, 8.974214106318642e-05, 7.628597778905277e-05, 0.00012632554285078125, 8.204711117220205e-05, 0.00011746355507011388, 0.00012519627542774452, 7.699012825648385e-05, 7.447720325338371e-05, 0.00012940231657402172, 0.00011496555737478845, 8.382655555471498e-05, 7.479683988442434e-05, 0.00012885050137105108, 0.00013069768923669974, 7.373860928067676e-05)"
n:seeda rho_1 z2:108.0 z1:1116.0 data:neg,0.018865087071106613,0.008728110142516971,"(0.03473973108401095, 0.00830359923608703, 0.026210875588685754, 0.0109798784443514, 0.008472181233040155, 0.03413678673246953, 0.015447802221703624, 0.018679358506383737, 0.02709401346747298, 0.010711771560290092, 0.019933136793008184, 0.014510511782630601, 0.018854243339147994, 0.015454621811248116, 0.027657443343359067, 0.010396693136503918, 0.00888390308299621, 0.032574335919668254, 0.015362513332679812, 0.018898340806394843)"
n:seeda rho_2 z2:108.0 z1:1116.0 data:neg,0.013310991869048812,0.006443989288802527,"(0.013556360559099296, 0.01106225447893767, 0.011564364390971709, 0.01287385357917683, 0.010964746789436802, 0.013660307577458675, 0.037182890294327586, 0.004011324686329783, 0.019972502715094927, 0.007528333387332856, 0.014879578055747382, 0.01007073121501215, 0.01447022335720287, 0.01045777708265521, 0.012992750140249509, 0.011475992862096815, 0.012374537234291879, 0.012120642610738936, 0.014877508377373618, 0.010123157987441693)"
n:seeda rho_3 z2:108.0 z1:1116.0 data:neg,0.01149824626204426,0.003770684930751414,"(0.011843537264766531, 0.010130624783517995, 0.012524210776422122, 0.009477457065383632, 0.016425125640247732, 0.007268294415793188, 0.005847408056826508, 0.02030263128758347, 0.009853315612514183, 0.012184204808477124, 0.01365498091689265, 0.008758981871876953, 0.014313150340747234, 0.008434669953001492, 0.006629470705178417, 0.017958189427872043, 0.010377374166834985, 0.011523128474385693, 0.008787433791354334, 0.013670735881208927)"
n:seeda rho_4 z2:108.0 z1:1116.0 data:neg,0.000824641446599142,0.0004536221236231728,"(0.0005463149946599101, 0.0009956170012372768, 0.0009569417109601075, 0.0005676882586222882, 0.0010494463068191373, 0.000517791095090803, 0.00048767777240389844, 0.0011138720887603954, 0.0007327054219847527, 0.0007419919257108407, 0.0007274426458377525, 0.000747047122178242, 0.001107792349039278, 0.000490842017251375, 0.002449348766553203, 0.0002215716740321145, 0.0006104228935074149, 0.0008902596630262457, 0.000987512706318065, 0.0005505425179897372)"
n:seeda rho_5 z2:108.0 z1:1116.0 data:neg,0.0006030304195988276,0.00012327129297963127,"(0.0007926216837534036, 0.0004410606197086328, 0.0004953636458101215, 0.0007056380628732099, 0.0005659546733031918, 0.000617672018817648, 0.0005771277994022354, 0.0006056875923042132, 0.0004906824154855853, 0.000712470122099444, 0.00039970537038047573, 0.0008745894922373059, 0.000529324577221495, 0.0006605098646194166, 0.0004703432645773644, 0.0007432085398657403, 0.0005715404724479275, 0.0006116484493101564, 0.0006853514096152682, 0.0005101083181437169)"
n:seeda rho_6 z2:108.0 z1:1116.0 data:neg,0.003136784998363177,0.0007990577284970373,"(0.003218190454112115, 0.0028822348487562177, 0.003759262670090283, 0.0024661302133611902, 0.002803713842233069, 0.003307595333804939, 0.0037364389721413847, 0.0024815540298850445, 0.004889855211743604, 0.001896843590086114, 0.0029117868303813097, 0.0031848753879874622, 0.0033340858741830754, 0.0027828439937827723, 0.0031748863230925146, 0.0029202693716049192, 0.002939309037228684, 0.003155229275129118, 0.005055854990016319, 0.001834739717643406)"
n:seeda rho_7 z2:108.0 z1:1116.0 data:neg,0.0015054254428848155,0.000343197942632943,"(0.0014553133494459962, 0.0014828279690438466, 0.001086260486508082, 0.001986020968689139, 0.0022062128386791243, 0.0009780194023458187, 0.0017911202193123302, 0.001204604907279172, 0.001564329270618117, 0.0013795258081568658, 0.0012943640531643485, 0.0016670666625664863, 0.0010332800196718487, 0.0020889730116330518, 0.001498873640163663, 0.0014394187389261993, 0.0018318812418838743, 0.0011779466751218586, 0.001391090699083048, 0.001551378895403436)"
n:seeda rho_8 z2:108.0 z1:1116.0 data:neg,0.002039617516880499,0.0005395423944158071,"(0.0033564785305152944, 0.0011616472560071758, 0.0020748728509043775, 0.0018787175045847124, 0.0020891150898596097, 0.0018663819657768138, 0.0014907133272388242, 0.0026151547190342325, 0.002098448876026311, 0.0018584183564643267, 0.0017089401017901427, 0.00228169265869053, 0.0018627244357098326, 0.0020942396204694604, 0.0019529718921868359, 0.0019962027131009744, 0.001333765432666817, 0.0029234923778487343, 0.002708286791136674, 0.0014400858375982995)"
n:seeda rho_9 z2:108.0 z1:1116.0 data:neg,0.00223395034882693,0.00046218362566580727,"(0.001873664560414481, 0.0025579462573866955, 0.0030371234813674894, 0.0015769779345227082, 0.0020392067689203835, 0.002349342173391673, 0.0015766988699746692, 0.003037928603475851, 0.002160371415644479, 0.0022180506311909455, 0.0017841877688912124, 0.002685290492274789, 0.001952344953922459, 0.002455215250572789, 0.0028779856880521417, 0.0016643203870682324, 0.0019176060693076808, 0.00249851340352836, 0.0019191543639904757, 0.002497077902641078)"
n:seeda rho_10 z2:108.0 z1:1116.0 data:neg,0.007168519741960801,0.001215187675250377,"(0.004836125296628349, 0.010359398367693355, 0.006604609923674501, 0.007565567784379343, 0.006576979248790749, 0.007603910644863893, 0.008463725571669568, 0.0059062131850223885, 0.006686135817160724, 0.007485103081045255, 0.005688323341131362, 0.008793434857639473, 0.007517226350244476, 0.00666453384028999, 0.00669072697689515, 0.007471302769114932, 0.008013646448279458, 0.006242546029147705, 0.0076955564113131815, 0.006505328894232169)"
n:seeda rho_11 z2:108.0 z1:1116.0 data:neg,0.01492273367474163,0.002378371496988199,"(0.012662181409792786, 0.017198888560701408, 0.018666570045019246, 0.011617736447648533, 0.012240823774624245, 0.017745865484655555, 0.01537911696743887, 0.014111911691353953, 0.01901547281316099, 0.01143787048789578, 0.01436250620052376, 0.01513216244190863, 0.014838519990207343, 0.014690757058455689, 0.011688233472781326, 0.018570361570763284, 0.015719551144472783, 0.013826739417028356, 0.01398188851198984, 0.01556751600441024)"
n:seeda rho_12 z2:108.0 z1:1116.0 data:neg,0.006295296197468634,0.001277582437046941,"(0.009056724717840461, 0.004210945327855302, 0.0054280550457001895, 0.007018868246004694, 0.006383380263103466, 0.005972481264931097, 0.004339012934492922, 0.008781770835832186, 0.00674191804026424, 0.005658186854916454, 0.004835846402351162, 0.007884989218504624, 0.005654342998729468, 0.006750704432431218, 0.006934868355610229, 0.005495121734189039, 0.0065850511172321725, 0.005790688748812408, 0.005770357004833583, 0.006612610405737755)"
n:seeda rho_13 z2:108.0 z1:1116.0 data:neg,0.0019731982868842657,0.00022612275748627497,"(0.002179179512231849, 0.001764918658932164, 0.0019250199893370912, 0.0019969409873522416, 0.0020835837430754826, 0.0018454010421093269, 0.0023091052534935565, 0.0016649539853469065, 0.0017578303250917154, 0.0021878376146514363, 0.002031900757171246, 0.0018924898643445437, 0.0021354655498448923, 0.0018013847004999185, 0.0020483805538831427, 0.0018768846299854539, 0.0021470528178467595, 0.0017909932248034986, 0.001561343394721752, 0.002463299132962328)"
n:seeda rho_14 z2:108.0 z1:1116.0 data:neg,0.003550979379851248,0.0006360497858744439,"(0.003290472670880327, 0.0037208148966928695, 0.0038273837402264996, 0.0031962883674083596, 0.0037904029071813, 0.0032282407876040938, 0.005068755517360573, 0.0024135018717838285, 0.002905674076418244, 0.004212737972603145, 0.0032191376525759173, 0.0038012735780217186, 0.0032804363387551666, 0.0037318827779366597, 0.00367336290687634, 0.0033302758793367364, 0.003601137605432644, 0.003398167595986422, 0.0047557435600600545, 0.0025738968938840375)"
n:seeda rho_15 z2:108.0 z1:1116.0 data:neg,9.99705860578914e-05,1.8646750127955327e-05,"(0.00011497584578758357, 8.409969058078468e-05, 0.00011816377968664448, 8.182997892791382e-05, 9.74507504488694e-05, 9.922338796484061e-05, 8.966951175808198e-05, 0.00010783286407892733, 8.007092459917303e-05, 0.00012076192390772495, 0.00013013853471599993, 7.430022671483369e-05, 7.085004603988938e-05, 0.00013647553351857263, 8.240784782106413e-05, 0.0001173341498378829, 0.00010366845606263548, 9.327176854516003e-05, 0.00010309347732350406, 9.379302283774141e-05)"
n:seedb rho_1 z2:108.0 z1:1116.0 data:neg,0.01992497863674335,0.010895473197493087,"(0.04364531421152273, 0.006877591749872629, 0.024264270186941723, 0.012486488475182314, 0.03592835995916867, 0.00836690337514375, 0.027362551152352334, 0.011037396331339214, 0.013503033235563351, 0.02235817318623048, 0.01874931325021922, 0.015976690790952482, 0.03949573250277006, 0.007584846543590521, 0.013116666670687265, 0.02302699848673059, 0.011950539802603851, 0.022719564463192315, 0.029965372545075097, 0.010083765815728339)"
n:seedb rho_2 z2:108.0 z1:1116.0 data:neg,0.015091501274834338,0.007143219361342054,"(0.006419681651474444, 0.028808910177360234, 0.011498878530534922, 0.01623091286772134, 0.012292276132306419, 0.015032952322753132, 0.01294034417568446, 0.014346425840316718, 0.02217323744559683, 0.008367912021365992, 0.01880588953462638, 0.0097473084425829, 0.0065895792442113126, 0.027383789133634144, 0.02751049091324185, 0.006754462830174509, 0.0196688736898696, 0.008821636981687996, 0.01020155245228942, 0.018234911109254206)"
n:seedb rho_3 z2:108.0 z1:1116.0 data:neg,0.012262099266586715,0.006932588491736397,"(0.012818162150467936, 0.008890368946958504, 0.008407930509765446, 0.013670667099275549, 0.003949035340735646, 0.0287316570808341, 0.015124240460973744, 0.007567660871216503, 0.010443719877804958, 0.010956071162904375, 0.028114760172311678, 0.003985028324269364, 0.011501527064001708, 0.00979800089081116, 0.0103592952148796, 0.011044513036974594, 0.02149924749111894, 0.005149192127199411, 0.016127570669912314, 0.007103336839318706)"
n:seedb rho_4 z2:108.0 z1:1116.0 data:neg,0.0008701772675262806,0.0002716627203244811,"(0.0006907293541571827, 0.0010037285649405097, 0.0011065797457726193, 0.0006273091871765574, 0.0010720977136362785, 0.0006469205788877664, 0.0010570269835173116, 0.0006566351216881259, 0.0008552982132116739, 0.0008114253015106915, 0.0009068026807247002, 0.0007645162740328935, 0.0008535359685256515, 0.0008106010716363344, 0.001623188546377839, 0.00042739737997551225, 0.0008509651076221931, 0.000814301462145206, 0.0005407194073366473, 0.0012837666876499192)"
n:seedb rho_5 z2:108.0 z1:1116.0 data:neg,0.0005927998201481544,6.603862940647746e-05,"(0.0006343503407124143, 0.0005475435606059606, 0.0006381878672623794, 0.000544304456985398, 0.0006384866855503104, 0.0005439947467256545, 0.0005651881575238034, 0.0006145851876418453, 0.0005122409466736138, 0.0006781102122083963, 0.0007523956592584112, 0.00046158325449430107, 0.0006082818471835439, 0.0005708962586692767, 0.0005874365278230889, 0.000591295623330771, 0.0006421643686754354, 0.000540616719216075, 0.0006496160716452632, 0.0005347179107771473)"
n:seedb rho_6 z2:108.0 z1:1116.0 data:neg,0.0031374405065448356,0.0008007912698281395,"(0.0028924640331106847, 0.003203405666727234, 0.002740738359659595, 0.0033819752368928913, 0.003261125021098549, 0.0028411557523223235, 0.0018858863188052906, 0.004913772557470901, 0.0035659054207570814, 0.00259878771812136, 0.0026621397458825038, 0.0034792839890295264, 0.0022004196756294334, 0.004208779119312822, 0.003091098753122945, 0.002998045798949918, 0.002153157452201978, 0.004268641978024923, 0.004190292072101758, 0.002211735461674984)"
n:seedb rho_7 z2:108.0 z1:1116.0 data:neg,0.0015328860560538688,0.000442576299076542,"(0.0026773646947362544, 0.0008124764398679558, 0.001271317592957251, 0.001711467586900422, 0.0010463736961416866, 0.002078914702389623, 0.0011419452996609821, 0.001905121497532349, 0.0013012576073662845, 0.0016719057645750808, 0.0018078122850388692, 0.0012030113855854392, 0.0011191659712953166, 0.0019430011721821017, 0.0014566722150451173, 0.001493515280085626, 0.0019541002088428365, 0.0011119664577380407, 0.0014541853927546155, 0.0014961458703815298)"
n:seedb rho_8 z2:108.0 z1:1116.0 data:neg,0.0020035558494827127,0.000328654307997667,"(0.0016339559058865904, 0.0023965700275359117, 0.002102172018769005, 0.0018632983226809705, 0.001797550297726347, 0.0021783688769316466, 0.0020593980596964098, 0.001901743572137327, 0.0014139619528897402, 0.002769822728542396, 0.00197344862510183, 0.0019835384714856105, 0.002061063838742874, 0.0018987876501501918, 0.0026483221460938573, 0.0014787837402121227, 0.0019754715378447357, 0.001976472954477732, 0.0020028643422430404, 0.0019555219205059063)"
n:seedb rho_9 z2:108.0 z1:1116.0 data:neg,0.0021942523490905658,0.0002730856620317413,"(0.0018699595676255321, 0.0025384586228934967, 0.002041623979515357, 0.002325756384405953, 0.002193919309678815, 0.002163509094611515, 0.002450637959872489, 0.0019373268714540015, 0.002057923743564977, 0.0023070079963248787, 0.0023660358873864268, 0.002005276325957291, 0.0021628164531798883, 0.002193220427714173, 0.0016134957036838481, 0.002942216211532791, 0.002233714917563475, 0.002119977573599551, 0.0020852762715624445, 0.002276893679684407)"
n:seedb rho_10 z2:108.0 z1:1116.0 data:neg,0.007060501478465632,0.0012660138305075135,"(0.006163509097470008, 0.007857055548595364, 0.007036650351340283, 0.006889272684952695, 0.006429975093966212, 0.007530423572443957, 0.006318603272140258, 0.0076687035572418445, 0.007624828437046104, 0.0063549719368637915, 0.0049189242254170104, 0.009829126570385956, 0.004892879761991532, 0.009865646465182861, 0.007025476484094256, 0.006895737426686737, 0.007668273880206727, 0.006261655907464328, 0.006371119661396722, 0.00760719563442599)"
n:seedb rho_11 z2:108.0 z1:1116.0 data:neg,0.01385074209868899,0.0020872731610206566,"(0.01776007203631132, 0.010600592459840791, 0.016181323227356516, 0.011661256935715849, 0.010477747134246687, 0.017965433947288004, 0.013412892522107067, 0.014056429572296808, 0.015433445900085859, 0.012215757768944608, 0.013231992134963478, 0.014189739431546822, 0.012840318407960447, 0.014588022731932796, 0.011996159779949894, 0.015708488233780946, 0.012229839083886857, 0.014995771175293339, 0.013551147443949066, 0.013918412046322685)"
n:seedb rho_12 z2:108.0 z1:1116.0 data:neg,0.006157227628436954,0.0009274729902971007,"(0.006085165778876263, 0.006101361293767051, 0.007768761754176901, 0.004783570743922959, 0.005983656687785088, 0.006204291681566109, 0.005091849297680567, 0.007295517105937216, 0.005350917035509324, 0.006942386641899044, 0.005405015012874327, 0.006860280657635249, 0.005244424005039821, 0.00705777541875826, 0.0071400382456506305, 0.005201855297239213, 0.006479806942253316, 0.005696324479394449, 0.007493273935108463, 0.00495828055366482)"
n:seedb rho_13 z2:108.0 z1:1116.0 data:neg,0.002039010479817891,0.00047210797134063774,"(0.0024605267209206827, 0.0016050472000825973, 0.0014342709882338796, 0.002754645811927507, 0.0024715709007733853, 0.0015979742839434962, 0.0019750920931122912, 0.002000109698488512, 0.0014898110934477857, 0.002651596729189186, 0.0017521259504908538, 0.00225328035932518, 0.002679645710834241, 0.0014730519149494068, 0.002655681441256093, 0.0014874261866297761, 0.0019687092238687537, 0.002000706344827402, 0.0024686175477252508, 0.0016003193963315425)"
n:seedb rho_14 z2:108.0 z1:1116.0 data:neg,0.003641222353816623,0.0009847410934216122,"(0.00323346664238552, 0.003828547431054474, 0.0029476711035204065, 0.004203651019586607, 0.0035781872985081293, 0.0034604948575637138, 0.004857990208791632, 0.002550355307921563, 0.0023427567963820576, 0.005288043146298068, 0.003084294504861291, 0.004013456878876762, 0.004346531803704795, 0.002845156749419336, 0.0021046624355798914, 0.005884424473020954, 0.0028898617623113023, 0.004273114770404019, 0.003118210221357761, 0.003973569664784175)"
n:seedb rho_15 z2:108.0 z1:1116.0 data:neg,0.00010004584654315153,2.022908926068981e-05,"(9.174301813102303e-05, 0.00010496844305440419, 0.00012096875267772678, 7.961372995933472e-05, 0.00010435307188767094, 9.228766204119744e-05, 7.337372711226396e-05, 0.00013125642345492152, 0.0001147481788048761, 8.392917666859454e-05, 0.00011428024455391915, 8.427090250870612e-05, 8.097809992379475e-05, 0.00011890948130737762, 9.492737106398532e-05, 0.00010145201126759355, 6.632841897170774e-05, 0.0001451970946014217, 0.00010886796734354663, 8.846315552896485e-05)"
n:seedc rho_1 z2:108.0 z1:1116.0 data:neg,0.019419381723868118,0.00838101239317279,"(0.031413889961020784, 0.009927434293703819, 0.012255174941992344, 0.02526450441182793, 0.010951219871436149, 0.02817581524330643, 0.014529185672012607, 0.02131646541042721, 0.02468099203318119, 0.012561093575841304, 0.0245904315065551, 0.014324390900731078, 0.01022435748556812, 0.03042943251201895, 0.014056138377365563, 0.021972995622311895, 0.013040636721041915, 0.02379499021539753, 0.008427038573920817, 0.036451447147701495)"
n:seedc rho_2 z2:108.0 z1:1116.0 data:neg,0.01431183555400701,0.00597753391032,"(0.02088288922058167, 0.008223115198251228, 0.00837524229792534, 0.020296949862899143, 0.016593335623292363, 0.010237995258120424, 0.031498778254490524, 0.005267021811550197, 0.010564246163927505, 0.0161147139657997, 0.020612062972361213, 0.011186643295980823, 0.014832942011071014, 0.011577483120461604, 0.009260855447592295, 0.018307259450704595, 0.014949702478327161, 0.011416192848386521, 0.013499517500343039, 0.012539764298073807)"
n:seedc rho_3 z2:108.0 z1:1116.0 data:neg,0.013157256677299814,0.0050579937778451635,"(0.011736231120029958, 0.012594202554006085, 0.01777284162462409, 0.008213869491958603, 0.019509713703669898, 0.007484052983863127, 0.017153676814655256, 0.00837440614170526, 0.01840950182627737, 0.007957975762169897, 0.015007742008741592, 0.012564753819485049, 0.011201002536726706, 0.013179605370234711, 0.005827413194765982, 0.024944578368200736, 0.016249878505722442, 0.009032635439353166, 0.017713179019613924, 0.008217873260192403)"
n:seedc rho_4 z2:108.0 z1:1116.0 data:neg,0.0009273989359699802,0.0005312697379237111,"(0.0014936114165951338, 0.0004343521729519808, 0.0007644771617599575, 0.0008480979252528762, 0.0008189140574322994, 0.0007912917111168563, 0.0006772167417037231, 0.0009554866646125497, 0.0014605748874054012, 0.00044377112051936167, 0.00030264341628144715, 0.0022013394121021034, 0.0008515028585110333, 0.0007618781730572298, 0.0006918964761104624, 0.0009361563685657934, 0.0009319784606617842, 0.0006958638472048199, 0.00029505081207536435, 0.0021918750354794226)"
n:seedc rho_5 z2:108.0 z1:1116.0 data:neg,0.0005953577901789423,7.766171011238888e-05,"(0.00047269291361146874, 0.0007373927677198135, 0.0005141027749668769, 0.0006779061378144878, 0.0006693005075616041, 0.0005207124499313612, 0.00068687869196474, 0.0005072768710873543, 0.0005566021620016708, 0.0006261575417168967, 0.0006030078459028415, 0.0005819881212360815, 0.0006406564520107529, 0.0005440727980876144, 0.0004939836753630133, 0.000705468911053565, 0.0005875933683137128, 0.000593155694553303, 0.000660979904552497, 0.0005272262141291884)"
n:seedc rho_6 z2:108.0 z1:1116.0 data:neg,0.0030935915824505337,0.0005729336506929364,"(0.004137186153328036, 0.0022377902173782967, 0.003674021896971278, 0.0025186707495803958, 0.003396627099577645, 0.0027243553001989316, 0.003280083706918702, 0.0028198403182392237, 0.002658197383244822, 0.0034815822290566846, 0.0026615918501124393, 0.003509242569765248, 0.003017065474692459, 0.0030684486668685904, 0.0026172575208314322, 0.0035352533967645096, 0.0022709001245636994, 0.00407574149635419, 0.002528028217613344, 0.003659947276950749)"
n:seedc rho_7 z2:108.0 z1:1116.0 data:neg,0.001522682932551345,0.00036587979960920605,"(0.0011309098576437941, 0.0019393806107675434, 0.0015316626263007004, 0.0014315146713058944, 0.0011562881437331446, 0.0018962487040673282, 0.001798780489143875, 0.0012185903619612883, 0.0009427522495886511, 0.0023258679566483197, 0.001522984113130034, 0.0014562299515432048, 0.0014359535522207164, 0.0015273723757408286, 0.0019466968403484652, 0.0011262203252683327, 0.0011083438754888554, 0.0019784915211161604, 0.0016532489661143085, 0.001326121458895449)"
n:seedc rho_8 z2:108.0 z1:1116.0 data:neg,0.002015663004887338,0.00037217072400667217,"(0.0020496600404625934, 0.0019182429465052907, 0.0030866445660386824, 0.0012731093790500673, 0.0021145582753852583, 0.00185854349848399, 0.0023444813342303754, 0.0016754028132652406, 0.0017396963584507146, 0.002259188576750074, 0.001874526178150025, 0.0021375113338007604, 0.001944316416641036, 0.0020221580369319267, 0.0024654347222917935, 0.0015937066660896256, 0.0019683312247452105, 0.0019969740228242944, 0.0017660445975449808, 0.002224729110104815)"
n:seedc rho_9 z2:108.0 z1:1116.0 data:neg,0.0021779855711621973,0.0002960185877003815,"(0.0021934914405807296, 0.002121267642285866, 0.0021082718681548454, 0.002205925602178343, 0.002358141735242448, 0.00197219006931126, 0.0017028705865808132, 0.0027297637295620116, 0.0025124894171386276, 0.001851179015177791, 0.002073816809401708, 0.0022917979231734807, 0.0019193580480899063, 0.002424240156647965, 0.0018240041310581445, 0.0025491163988029613, 0.0017814804687210312, 0.0026111084709546963, 0.001974108378605463, 0.0023550895315758566)"
n:seedc rho_10 z2:108.0 z1:1116.0 data:neg,0.007006766384086771,0.0012090119946259511,"(0.007934670697749918, 0.005958635215787427, 0.005449809292181807, 0.008661197175549338, 0.006652046742293296, 0.0070958008237974836, 0.009125202362978597, 0.005157506181354984, 0.007091916585172693, 0.006657448739128083, 0.008289160022638985, 0.0063605145527984575, 0.005141711948570509, 0.009194591054217157, 0.00680799840168216, 0.006928002408625524, 0.006119134288189928, 0.007719255906074172, 0.006267731612184641, 0.007522993670760249)"
n:seedc rho_11 z2:108.0 z1:1116.0 data:neg,0.014320450206783401,0.0027548033027272882,"(0.012065244578082494, 0.016183505775301848, 0.013267418243071379, 0.014668999258088138, 0.009931735383422301, 0.019591517148180256, 0.01667289334285107, 0.011613415473668912, 0.01697486913607641, 0.011471965194963437, 0.01809569900112877, 0.012753634107908007, 0.013673260200801039, 0.014281770488956921, 0.017555723071362637, 0.011066150782060984, 0.013012957492243075, 0.0149780774733906, 0.017357651579084896, 0.011192516405024788)"
n:seedc rho_12 z2:108.0 z1:1116.0 data:neg,0.006137993291459314,0.0013732540391984376,"(0.00807787195707876, 0.004434846051313077, 0.008074236709834079, 0.00443016282034006, 0.00571773573310669, 0.006256940100810884, 0.005984880048345289, 0.005966912558423181, 0.006137524450718167, 0.005831002984582043, 0.0055061412937663, 0.006742778983453648, 0.007426354187889992, 0.00482467801128283, 0.007348714340102289, 0.004864681645870759, 0.008226715255618107, 0.004351389800403914, 0.008192905623458405, 0.004363393272787793)"
n:seedc rho_13 z2:108.0 z1:1116.0 data:neg,0.002010858808535817,0.0003418437903988688,"(0.001964844469033776, 0.001998967460250115, 0.001957589815080748, 0.0020054460263217383, 0.001833917279891376, 0.0021406923024886036, 0.0025238237151432694, 0.0015542523595983707, 0.0023296271939835453, 0.001685329382794755, 0.0018089778730331217, 0.002216220257067154, 0.002030703524576413, 0.0019341859857991228, 0.0026881475092511388, 0.001460029983038179, 0.0024035357189722516, 0.0016337872998401703, 0.0024357117597342734, 0.0016113862548182206)"
n:seedc rho_14 z2:108.0 z1:1116.0 data:neg,0.0036007174161302065,0.0008079200411377219,"(0.002916601603809058, 0.004217631494718926, 0.0033957715127443714, 0.003620648074233448, 0.005014379524001655, 0.002451061760867129, 0.003815424415510396, 0.0032170303564710385, 0.004656974382103697, 0.002639903531326944, 0.003967300053538945, 0.003298392605294571, 0.003668571255461447, 0.0033530581941441143, 0.0022393372571579235, 0.0054866121026120205, 0.003447611284570518, 0.0035669512952500445, 0.00318922550640625, 0.003851862112381629)"
n:seedc rho_15 z2:108.0 z1:1116.0 data:neg,0.0001003243217439144,2.1398568231417947e-05,"(8.764670986110422e-05, 0.00010990073711794802, 0.00010600810725190983, 9.086431031972486e-05, 0.0001073645848582068, 8.971328133375695e-05, 7.6296776147007e-05, 0.0001262380402205748, 8.197549234624736e-05, 0.00011750204604036564, 0.0001254028029155739, 7.696419419729953e-05, 7.44385475729608e-05, 0.0001293984157330418, 0.0001147398095355051, 8.394584554724608e-05, 7.461329202200337e-05, 0.00012909734505608432, 0.0001306585441884334, 7.371755261329445e-05)"
