n:newdata sigma_1 z2:144.0 z1:1512.0 data:neg,3.819678166286021,0.8725308232217499,"(2.821355414959548, 4.932435279262606, 4.6857545401670135, 2.9593197775971003, 2.8073393277244074, 4.9554690409900415, 2.692119772770707, 5.157595803398806, 3.3780680971160066, 4.116127084145802, 3.145854073244698, 4.405787889376743, 4.090096219342621, 3.393252164218335, 5.368739154134209, 2.5799234037049383, 3.5861187864402955, 3.877284554031053, 3.6371590021933327, 3.8037639409021526)"
n:newdata sigma_2 z2:144.0 z1:1512.0 data:neg,6.983820192564668,1.195349946520202,"(4.673033761661085, 10.173530617304712, 6.626010540013999, 7.1624504618117175, 6.965830217459858, 6.825004130398734, 6.921688487981868, 6.843636963296983, 6.709025863271619, 7.084405925933367, 7.234408119462259, 6.5583619251339, 7.228180996668744, 6.569594171445586, 7.887987874766226, 6.01165973947994, 5.13613655728054, 9.253553612479905, 6.393952459122745, 7.41795142631957)"
n:newdata sigma_3 z2:144.0 z1:1512.0 data:neg,9.129337055194702,0.9153256860134887,"(10.480180814182173, 7.883414116993545, 8.481341005498063, 9.731480703520994, 9.716119932513298, 8.503971209655335, 10.506155675750817, 7.849170693452182, 8.325690128945384, 9.922375182260891, 8.164632852777302, 10.107282177777215, 7.898618436924745, 10.454048397939912, 9.382217291119646, 8.788272869620549, 9.752111145321297, 8.470848423462423, 9.245785684754264, 8.923024361424014)"
n:newdata sigma_4 z2:144.0 z1:1512.0 data:neg,39.998129912788315,0.9860344476379964,"(39.27905394892161, 40.706691027677635, 39.91927241617764, 40.05407812355232, 38.65090270026234, 41.3682812956996, 41.00139161678913, 38.99686670223214, 38.78439097111549, 41.22590199408019, 40.66145548061651, 39.323071885142895, 39.56199658254442, 40.41573262598612, 41.66356249882516, 38.377203447085236, 40.862067068934095, 39.12977144197877, 40.53846046495224, 39.44244596319266)"
n:newdata sigma_5 z2:144.0 z1:1512.0 data:neg,19.992671688740142,1.85985056373944,"(19.13311059184815, 20.719894752937343, 18.780093802647542, 21.109682196515777, 21.069382225320858, 18.815802630682846, 20.261510311713007, 19.565192520977806, 21.66946277641687, 18.294760425793214, 17.20542973693077, 23.041372305751032, 20.260022765388804, 19.567534167690663, 17.49028589077715, 22.66603883107821, 18.769240268840477, 21.121779417227835, 17.018539328029412, 23.294298828235007)"
n:newdata sigma_6 z2:144.0 z1:1512.0 data:neg,7.405123816879183,1.9306895482820199,"(7.33429254258256, 7.018215861193182, 7.950208998350571, 6.46571101053898, 5.145796502031229, 10.00144916179427, 9.31664944242098, 5.514678531112881, 8.903297344227326, 5.780299042184748, 6.59357855941664, 7.793936102208377, 7.466492351402605, 6.887435552892927, 11.698124759374341, 4.393122624892329, 9.726850946311616, 5.290294514852466, 9.293180578369405, 5.5288619114262305)"
n:newdata sigma_7 z2:144.0 z1:1512.0 data:neg,10.625429059633376,2.4301491436812257,"(11.370534634697899, 9.46145466641433, 12.322485122499467, 8.727601554822535, 12.11217888071949, 8.881933698170746, 10.036444640537121, 10.713157836235597, 13.333753777777106, 8.068048426756835, 11.551776962775211, 9.30863572346277, 12.259095279239155, 8.773652943127187, 9.541827925736259, 11.268055048721482, 7.975908903554751, 13.487186958844354, 16.98275408794885, 6.332094120626371)"
n:newdata sigma_8 z2:144.0 z1:1512.0 data:neg,13.971460237755947,1.4940136350651045,"(13.076034678139314, 14.76900203890632, 13.379825160807703, 14.431042806416535, 14.045055760133403, 13.750291437484801, 12.51566138659029, 15.423252596651043, 12.757315092647806, 15.137930521762824, 15.564514898894213, 12.404328175896783, 11.875309491882541, 16.260876163468293, 15.284487876069612, 12.630504697389597, 12.012865706742724, 16.07580352215116, 12.163587943366737, 15.871514799717177)"
n:newdata sigma_9 z2:144.0 z1:1512.0 data:neg,18.093514731752617,2.4123730184929326,"(23.383200789373678, 13.767786513806525, 14.589071162507075, 22.067251318141707, 18.382754193321183, 17.51327360965775, 18.083983141839102, 17.799215592606284, 18.57468828658036, 17.33223119131078, 15.924838344500344, 20.21474428123757, 15.614729735425101, 20.617526113908088, 19.771527522059035, 16.28058399323311, 16.259024679520195, 19.800890946247474, 17.53124706919126, 18.361726150585763)"
n:newdata sigma_10 z2:144.0 z1:1512.0 data:neg,18.556690768989956,2.471022514476706,"(21.00797767631171, 16.122212252164598, 19.58361623176156, 17.295372071843985, 20.72133449630673, 16.345952358683085, 19.163912125508453, 17.660512067494494, 20.785400518450302, 16.295629208717312, 24.967537552993516, 13.566326422707654, 17.941367242343887, 18.878939863722042, 16.692325881027628, 20.285791034714066, 17.296559664762956, 19.58357880324896, 16.88870755594594, 20.05076235109021)"
n:newdata sigma_11 z2:144.0 z1:1512.0 data:neg,18.765877725322646,1.4097893307947147,"(17.897431464239762, 19.575800396529452, 19.922130229545054, 17.58889215864108, 18.938616540478037, 18.501357912736793, 19.113015099323764, 18.30489110872055, 18.541402464675656, 18.89813422822138, 17.98952567357048, 19.47148988637772, 19.75958414859576, 17.732432121958933, 22.836760481810224, 15.336201804761027, 19.57605362669681, 17.900534026855027, 18.37854309529675, 19.054758037418658)"
n:newdata sigma_12 z2:144.0 z1:1512.0 data:neg,20.86507614705571,5.100430753812616,"(24.539360628537803, 16.784479981455334, 18.770432576326797, 21.96253133505598, 25.32237451653195, 16.26888459460464, 22.716095738441886, 18.1038458465689, 16.285926287270364, 25.30550734890751, 12.175185011701025, 33.85452569729428, 21.525824954609103, 19.143689406550145, 22.165511868386194, 18.574230479557798, 14.234618159905793, 28.961449261802386, 19.56972246236102, 21.03732678524522)"
n:newdata sigma_13 z2:144.0 z1:1512.0 data:neg,20.446491241822528,5.775651886152229,"(24.029820519224554, 16.198515188509127, 19.46349741894676, 20.0038915122491, 16.41419320843528, 23.717062757671005, 21.107753250894948, 18.42595571379805, 19.100795774383034, 20.380661878414454, 17.972145111399232, 21.658501219900835, 18.930489431130443, 20.56410021308186, 27.877256678580597, 13.96380970528805, 37.20034996909853, 10.46386438557615, 27.085365693873623, 14.371795205994918)"
n:newdata sigma_14 z2:144.0 z1:1512.0 data:neg,37.220253471795004,3.604977691737515,"(31.316964985843864, 43.8270447722722, 38.03455522638949, 36.11011521747684, 33.610241580587626, 40.835141088397, 37.35336875311496, 36.75813799010635, 38.474076403437685, 35.67572427880373, 43.24100547685311, 31.765580045025448, 35.37216987535153, 38.819455925479474, 31.95285278519572, 42.99007814589553, 36.46531510974055, 37.64543818630792, 35.97525609202799, 38.18254749759307)"
n:newdata sigma_15 z2:144.0 z1:1512.0 data:neg,100.13934108468482,11.017493183611611,"(89.37530559075061, 110.91634853972866, 119.79124714905844, 82.75450696311756, 109.28189496994167, 90.71216229943606, 111.04398187379655, 89.27272313635261, 83.26000086940175, 119.06314745412982, 94.05974717085572, 105.39311093506343, 91.64980567682963, 108.16423232025608, 93.04625735079566, 106.54093054867721, 100.28235636228634, 98.85298301007597, 104.0760247168382, 95.2500547563042)"
n:newdata sigma_1 z2:144.0 z1:1512.0 data:pos,3.9203297634941165,1.0008084334228513,"(2.8111578421218133, 5.15453866069608, 4.908304888406895, 2.9389426890443704, 2.816972059937368, 5.10991212621719, 2.539114192720866, 5.699396677146025, 3.357540278786425, 4.3102910706694235, 3.1143395853652076, 4.629380095306676, 3.9936490921467573, 3.616728876969904, 5.621966132723306, 2.565110687014641, 3.628048152868392, 3.9865400334341583, 3.623340632078014, 3.9813214962288312)"
n:newdata sigma_2 z2:144.0 z1:1512.0 data:pos,6.969899710232747,1.2247066782138396,"(4.6132388560520985, 10.251082496524303, 6.7144620786436535, 7.028119466430622, 6.898682381507728, 6.840965700967252, 6.709444078320732, 7.042214988872618, 6.598751182595449, 7.162832237845832, 7.132188489878799, 6.612979193969959, 7.102421226008556, 6.648968510654106, 7.9772571131718655, 5.911678201664661, 5.098603960748335, 9.268405799754133, 6.329735006710903, 7.45596323433334)"
n:newdata sigma_3 z2:144.0 z1:1512.0 data:pos,9.04549465966051,0.8941906031364175,"(10.34168209397576, 7.84576649454846, 8.483285818530065, 9.550565637522997, 9.603627232069265, 8.43959272733525, 10.30711858047255, 7.868883442535037, 8.196685670322156, 9.895868119296937, 8.06241942112403, 10.04901919798463, 7.799739033903278, 10.394112069663535, 9.3581381070006, 8.652870247681339, 9.642887130199194, 8.411052601922526, 9.151535979514522, 8.85504358760804)"
n:newdata sigma_4 z2:144.0 z1:1512.0 data:pos,39.99995363622743,0.9872598060009079,"(39.28100910327089, 40.70835819308957, 39.92647176072136, 40.05043609629937, 38.654475545537046, 41.368345407463636, 41.00832689087364, 38.993704533477434, 38.785142432111954, 41.22887071179089, 40.66494291816075, 39.32321397813556, 39.57071643667736, 40.41045249950662, 41.66903662063889, 38.37558816245067, 40.8664424618232, 39.12913018344035, 40.54335170713486, 39.441057081944464)"
n:newdata sigma_5 z2:144.0 z1:1512.0 data:pos,19.992820171793575,1.8558084309849239,"(19.133835949086382, 20.720169339406695, 18.79217358015363, 21.09700227952189, 21.07773789045474, 18.809214590133333, 20.279235460468882, 19.549358069170502, 21.668347237609048, 18.296676327665434, 17.211560564896573, 23.034168718961613, 20.282842301819883, 19.546467378582594, 17.498072322622455, 22.657191192918194, 18.774981369879217, 21.116423913787045, 17.026723594396618, 23.284221354336683)"
n:newdata sigma_6 z2:144.0 z1:1512.0 data:pos,7.356812018852956,1.915876467210642,"(7.247481340943511, 7.0126403242175, 7.988765410823773, 6.351595616687488, 5.091393060024417, 9.96782714487451, 9.085878252131911, 5.5907442838184735, 8.768002855595634, 5.794035164651062, 6.5026252546786925, 7.801674650014944, 7.346251513049838, 6.911488989730058, 11.730236696928829, 4.325827445626428, 9.63388308320131, 5.272442339188974, 9.192424408590353, 5.521022542281437)"
n:newdata sigma_7 z2:144.0 z1:1512.0 data:pos,10.607008927287811,2.426168133737703,"(11.335521070340711, 9.45803100692169, 12.349602763771761, 8.677699166565747, 12.08624855259746, 8.866405829967727, 9.992679374288345, 10.727033237144422, 13.281504079959337, 8.071392145794226, 11.523767509345982, 9.298258046185321, 12.236079898519995, 8.759465938391209, 9.548877732824732, 11.22138180127672, 7.957012643826131, 13.472104785333082, 16.956486950456235, 6.320626012245409)"
n:newdata sigma_8 z2:144.0 z1:1512.0 data:pos,13.891612065434614,1.4789369090769513,"(12.993122536147327, 14.695523787620738, 13.348154783907063, 14.300457914492677, 13.976958432594229, 13.657710367862858, 12.460239369665988, 15.321478466259292, 12.670887110955551, 15.06859198108786, 15.48907152700914, 12.323361031676766, 11.84269216555837, 16.12057035475661, 15.229668515713385, 12.532980220616318, 11.948445604447821, 15.979718693236768, 12.1118847562326, 15.760723688850941)"
n:newdata sigma_9 z2:144.0 z1:1512.0 data:pos,18.071072597156185,2.392669379139679,"(23.354906635848256, 13.753728149673208, 14.60958601748491, 21.98572556937086, 18.38736078806877, 17.468367981778, 18.117376115157196, 17.727455557314677, 18.546025793684578, 17.320115955916833, 15.927141183267246, 20.16589352010691, 15.661241115873084, 20.50990527327151, 19.78381486090571, 16.23424616378311, 16.255788607674713, 19.760669297699877, 17.54179912332651, 18.310304232917797)"
n:newdata sigma_10 z2:144.0 z1:1512.0 data:pos,18.534942791479608,2.4867917747752357,"(20.97736562290289, 16.103921450700184, 19.709128170806043, 17.13960130195025, 20.784822887897946, 16.250358383437217, 19.323925846412436, 17.47524016833116, 20.73415042662905, 16.293713965690635, 25.037384724291606, 13.493634219743846, 18.14831514525896, 18.61331251976186, 16.762423741220545, 20.149336345729026, 17.324797783343303, 19.501099670652867, 16.95588654616358, 19.920436908668734)"
n:newdata sigma_11 z2:144.0 z1:1512.0 data:pos,18.62099680512525,1.548807262276635,"(17.745697924705585, 19.41631369935205, 20.07639817246109, 17.162174100778888, 18.95419169531414, 18.17319346672337, 19.34961127960823, 17.793232309807685, 18.343182771573172, 18.785478988967505, 17.9919157771526, 19.143397187168894, 20.13613158099984, 17.110166097511, 22.905652781526012, 15.03655819559389, 19.538197238743074, 17.638509983382676, 18.431446468901147, 18.688486382234252)"
n:newdata sigma_12 z2:144.0 z1:1512.0 data:pos,20.6212613625202,5.037832015610043,"(24.254694517425424, 16.583568390301835, 19.197339272572666, 20.95161149213847, 25.5515120868731, 15.733841968745741, 23.508621922445954, 17.085520109035468, 16.01083122361426, 25.13068276511882, 12.269078976356173, 32.780728665868864, 22.610899752127814, 17.793375216836633, 22.560874754998732, 17.81787120482662, 14.2660033901524, 28.210899950576245, 19.80295987181958, 20.304311718569306)"
n:newdata sigma_13 z2:144.0 z1:1512.0 data:pos,20.408727795466433,5.83453509342472,"(23.970450070100405, 16.15217482988238, 19.658260672097498, 19.69668731695103, 16.49039208802715, 23.481045296878992, 21.41299415824476, 18.070662857377013, 19.01818874213235, 20.359671678513486, 18.044390835721426, 21.454020965525007, 19.30547540185628, 20.05593917357126, 28.02772569556642, 13.812820030613802, 37.31921448969046, 10.375776120542282, 27.26503304790667, 14.20363243812992)"
n:newdata sigma_14 z2:144.0 z1:1512.0 data:pos,37.55299352204109,3.568410650901111,"(31.623571757660187, 44.19737761762465, 38.988802779835716, 35.868319150239536, 34.11981435077351, 40.982229276444265, 38.28377862159642, 36.509868048248094, 38.71579277938705, 36.10661441911866, 43.863451492872905, 31.888743917051883, 36.465755958784406, 38.34341344214925, 32.56866906122352, 42.946148669881104, 37.07277867376802, 37.709094536358364, 36.63562428214541, 38.170021605658654)"
n:newdata sigma_15 z2:144.0 z1:1512.0 data:pos,100.15820648260662,11.034844505671998,"(89.38701400474132, 110.94043959050882, 119.90249421978731, 82.70604626602652, 109.32155097609277, 90.71075951106195, 111.10769255200007, 89.25217281376761, 83.25708299617554, 119.10866870501538, 94.08850276306867, 105.39730577651346, 91.73474253320263, 108.10141231690223, 93.10863652973103, 106.50619106152082, 100.32589689209604, 98.84429396752594, 104.12769854274919, 95.23552763364437)"
n:newdata sigma_1 z2:144.0 z1:1224.0 data:pos,4.161515484136363,1.0517155838137202,"(3.050380756096874, 5.377138738600535, 5.423034050026407, 3.0162769245838144, 2.9286267504560914, 5.556929478953001, 2.826186691214314, 5.756026388267794, 3.606384849585219, 4.548543462248858, 3.2311434264653505, 4.841207476976824, 4.396888108227131, 3.7292528114099417, 6.006884994767657, 2.737670608654078, 3.8624334178720106, 4.241869298781766, 3.9346640776951722, 4.15876737184442)"
n:newdata sigma_2 z2:144.0 z1:1224.0 data:pos,7.3050903778657785,1.3667488819827294,"(4.866814376722875, 10.953682373408304, 7.352871118318434, 7.233037940824869, 7.1986322159198695, 7.378550314246318, 7.02031320815449, 7.457495182486375, 6.994389353213977, 7.619791493848484, 5.727455468247234, 7.007637507270107, 7.656700987168389, 6.962276009926168, 8.547999537749497, 6.248883538140511, 5.424018228527629, 9.821850969004513, 6.786085981247089, 7.843321752890434)"
n:newdata sigma_3 z2:144.0 z1:1224.0 data:pos,9.347195531383745,0.8889433210008795,"(10.650707844970238, 8.109886878894699, 8.813619658517938, 9.786557445641595, 9.878318173883974, 8.73370110222286, 10.603555592244325, 8.10442534633598, 8.473770409377625, 10.193461781048958, 8.641363056643398, 10.362382583498015, 8.093971601593168, 10.672917208090137, 9.647906376057552, 8.958938003787665, 9.972892994208065, 8.658893011369635, 9.489275068392754, 9.097366490896363)"
n:newdata sigma_4 z2:144.0 z1:1224.0 data:pos,40.003046187955334,0.9865129511689359,"(39.28329471720898, 40.71155745644532, 39.927517894227044, 40.05481051755515, 38.65925317134962, 41.36895285236007, 41.00671382148702, 39.00104769628099, 38.78600066302925, 41.233603317403926, 40.67584862566822, 39.32524246297126, 39.571015401113215, 40.41566166680698, 41.66782674251632, 38.381687636265916, 40.870495542196785, 39.13068658328835, 40.5431863557035, 39.44652063522874)"
n:newdata sigma_5 z2:144.0 z1:1224.0 data:pos,19.961447781470003,1.801416687747382,"(19.066715832386414, 20.65129124227578, 18.720910669844116, 21.032743421702712, 21.014035887159388, 18.73780390140505, 20.1954514154294, 19.497748181641715, 21.592719672812258, 18.235422875797052, 17.88293269138548, 22.957257124779066, 20.201995430370257, 19.491106625481574, 17.4307268333738, 22.58922508170846, 18.712603459714593, 21.042568594110765, 16.962601201147617, 23.213095486874582)"
n:newdata sigma_6 z2:144.0 z1:1224.0 data:pos,7.663506001981794,2.018389410314052,"(7.41610017410879, 7.149423412213225, 8.253586031514466, 6.41720320351204, 5.169902232917721, 10.240722007702983, 9.32403356664575, 5.657685577870129, 8.984705476375865, 5.901325022502846, 9.524805482430265, 7.945425108913929, 7.578090257818624, 6.997103092226177, 11.988926804426614, 4.4262079753105406, 9.859854103133175, 5.375913196343794, 9.45411421670863, 5.604993096960291)"
n:newdata sigma_7 z2:144.0 z1:1224.0 data:pos,10.648538765456818,2.605853281916481,"(11.174605609130563, 9.334060648808126, 12.195104591920133, 8.550560210244726, 11.918582210537046, 8.74721416783634, 9.845492462068865, 10.578628499899644, 13.113559151890321, 7.953745521026926, 15.067032702670254, 9.171277118455347, 12.084032823883561, 8.632000047881276, 9.411233765071861, 11.085876373309342, 7.856085156571701, 13.276656859576473, 16.74763317702321, 6.227394211330651)"
n:newdata sigma_8 z2:144.0 z1:1224.0 data:pos,13.945140795147598,1.9363695357995292,"(12.831967059296622, 14.540674846893527, 13.18506012003802, 14.147946765018961, 13.83455321947364, 13.483979705080296, 12.280288755833524, 15.18009721182763, 12.532945026637409, 14.887331435994849, 19.554364647732537, 12.186520867072774, 11.695150658353429, 15.955455774730984, 15.02740396596491, 12.417519176002092, 11.821966888744855, 15.783703212450545, 11.973004861800447, 15.582881704004883)"
n:newdata sigma_9 z2:144.0 z1:1224.0 data:pos,18.03080853650928,2.322754238407695,"(23.10785231916044, 13.62177440434147, 14.442567497630183, 21.793605681704776, 18.230763875546334, 17.26563396544634, 17.882995559149606, 17.60043451526242, 18.35783962521603, 17.14615004737863, 18.583817207213492, 19.97001741732629, 15.471229264373113, 20.34694479785028, 19.547974219238117, 16.101343544949096, 16.099569056308457, 19.55306250809087, 17.3459067809934, 18.146688443006266)"
n:newdata sigma_10 z2:144.0 z1:1224.0 data:pos,18.466848742788397,3.950005438655488,"(20.36782507528877, 15.684233108417448, 19.08835163171114, 16.734872627236456, 20.32369583128733, 15.717682568043532, 18.6304171034415, 17.14913065402295, 20.153664899974327, 15.850980987423807, 33.1423091865002, 13.134264201897139, 17.54220286305539, 18.215103449561244, 16.196480556350387, 19.721647275650927, 16.879304760975298, 18.93146488564756, 16.437133214700008, 19.43620997458256)"
n:newdata sigma_11 z2:144.0 z1:1224.0 data:pos,19.27083315584104,2.880835275337695,"(17.748990292267138, 19.54461192700771, 19.95848089759338, 17.378249441067446, 19.214341101942253, 18.052942091513916, 19.053776120693627, 18.207393931494835, 18.387040361982226, 18.86588524005325, 29.86529404062339, 19.2518801222852, 19.924320642102778, 17.41898554448768, 22.702517378928363, 15.271080041527922, 19.66355820683084, 17.651559239101136, 18.35137981794741, 18.904376677370312)"
n:newdata sigma_12 z2:144.0 z1:1224.0 data:pos,21.230357210484097,8.525526411651812,"(22.405295632782796, 15.519309721549211, 17.475922147610675, 19.88411196800381, 24.318369220001845, 14.294604670042357, 21.00495750055488, 16.592087613983228, 14.842814790995408, 23.434531667389155, 52.56650895869581, 30.63171639021763, 20.37408691372251, 17.087281592587992, 20.414026498573268, 17.015906434798328, 13.346176467144208, 26.08106489580581, 18.084272765199113, 19.234098360023772)"
n:newdata sigma_13 z2:144.0 z1:1224.0 data:pos,20.880159339794893,7.113863427174042,"(23.194080526948653, 15.687296565384477, 18.91281241571396, 19.23736613814093, 16.11717379079446, 22.585403142296197, 20.46874889948598, 17.794345989700535, 18.40889430519478, 19.764920997328165, 39.607945448621, 20.831188311855023, 18.503122471304426, 19.671359005511885, 26.88992309654175, 13.52248240862712, 36.25944282182601, 10.039060223076257, 26.238241704845862, 13.86937853270043)"
n:newdata sigma_14 z2:144.0 z1:1224.0 data:pos,35.964449823895244,3.785880143397375,"(30.12841137459899, 42.16607645097616, 36.89646293299768, 34.44109486789504, 32.712518507318826, 38.856540818446256, 36.033254549521764, 35.31737501023683, 36.74756299260005, 34.57450077955126, 45.05745418614564, 30.358130763348868, 34.44597082278303, 36.889718529234564, 30.791264908880898, 41.247517879821686, 35.430745896781346, 35.86960689513399, 34.5937994409892, 36.7309888706429)"
n:newdata sigma_15 z2:144.0 z1:1224.0 data:pos,99.99736215565797,11.032318658819618,"(89.26040196752336, 110.78903218099214, 119.71924514016085, 82.60257248101242, 109.18858650581242, 90.56922536798392, 110.90400322844339, 89.16872965740946, 83.1295844276421, 118.96015285482206, 93.53360287140345, 105.23899313654954, 91.58320734436137, 107.98006203453349, 92.94227651126478, 106.40003998602604, 100.19847246325324, 98.69573411534816, 103.95008884885057, 95.13323198976657)"
n:newdata sigma_1 z2:144.0 z1:1224.0 data:neg,3.966291742458377,0.9497684979008999,"(2.942874169403424, 5.064460290766987, 4.911050116597652, 3.032822056868207, 2.859050619570025, 5.188963611949085, 2.7421717225975035, 5.411419092037701, 3.3850297887503125, 4.4048585384123085, 3.278761633962829, 4.548261771939549, 4.300383842094521, 3.4637828463141336, 5.7330559317392655, 2.6032726308114413, 3.6748971305411087, 4.063625865844995, 3.782802239338569, 3.9342909496279157)"
n:newdata sigma_2 z2:144.0 z1:1224.0 data:neg,7.411465143620515,1.2861764187426268,"(4.954893486526608, 10.796435616805061, 7.060071382874478, 7.573148589399466, 7.339701588959003, 7.278500102073507, 7.151101601980868, 7.3693477393193865, 6.984061573236555, 7.663460930233755, 7.711352364628796, 6.950632035065617, 7.749752058183613, 6.905156759527862, 8.530392464317542, 6.279885307542558, 5.449329277675702, 9.820704005812457, 6.793671739915286, 7.86770424833219)"
n:newdata sigma_3 z2:144.0 z1:1224.0 data:neg,9.413212817613353,0.9299407407004401,"(10.795503235736234, 8.136830911851765, 8.758163208172824, 10.026564376476738, 10.007300995827734, 8.772270630305078, 10.687436639570814, 8.161577357345527, 8.522860168129212, 10.311016464859994, 8.420287516735197, 10.438335989320132, 8.192762545488, 10.725620114477529, 9.736333038185858, 9.032139732065698, 10.09068380419398, 8.705623041746946, 9.560716079027323, 9.18223050275045)"
n:newdata sigma_4 z2:144.0 z1:1224.0 data:neg,39.98088997226445,0.986791486701599,"(39.26165161749447, 40.689554076122306, 39.90346579721183, 40.035435979388424, 38.63444794278923, 41.35027521715178, 40.98187131340366, 38.98149051429992, 38.764647077725115, 41.21145852216853, 40.64488578448019, 39.30524944991907, 39.546404393604284, 40.39685119525922, 41.64764117558159, 38.358507893259, 40.849846312485596, 39.10788340722102, 40.52255675710009, 39.42367501862364)"
n:newdata sigma_5 z2:144.0 z1:1224.0 data:neg,19.979193759950164,1.8561057115164539,"(19.119505505906478, 20.707188579714654, 18.770511417470136, 21.092702107357656, 21.059599439256456, 18.799474940835502, 20.24132080497129, 19.555938288726644, 21.652527604144563, 18.284916221991004, 17.1944849803264, 23.028267912976798, 20.247478124199652, 19.55400270350951, 17.484331002354903, 22.643599708260904, 18.766916741749554, 21.096355503778394, 17.010959258569702, 23.273794352903078)"
n:newdata sigma_6 z2:144.0 z1:1224.0 data:neg,7.732776827228384,2.0241749460653726,"(7.676973711698946, 7.303524590925464, 8.329422657432271, 6.730629350852346, 5.356840287847554, 10.462174214881356, 9.64287167125452, 5.78879267630366, 9.217716996415769, 6.085103292184087, 6.896263097386331, 8.13393171906186, 7.832124073829723, 7.160906866661675, 12.319731886241168, 4.554321040432426, 10.15140005694968, 5.5265919344632195, 9.71809163471735, 5.768124785028263)"
n:newdata sigma_7 z2:144.0 z1:1224.0 data:neg,10.67533470376195,2.4423019512838917,"(11.428083231412785, 9.500594212631198, 12.38863282382427, 8.763705332536757, 12.170972316458936, 8.918550832218678, 10.058669717850192, 10.7798201038363, 13.380256205648767, 8.115014053993296, 11.609184661630655, 9.356597472396631, 12.327238553698656, 8.80800564483247, 9.60178219596318, 11.30991520478419, 8.019249966745026, 13.53851947037789, 17.073603751474597, 6.358298322924562)"
n:newdata sigma_8 z2:144.0 z1:1224.0 data:neg,13.982431643055254,1.492113028686784,"(13.084582655905841, 14.781383026169395, 13.398810513521477, 14.435294918618302, 14.06933434531257, 13.745543182434128, 12.501909774449452, 15.45271007957326, 12.763602319982748, 15.154386335268168, 15.575572242860027, 12.423387375364863, 11.888696381717978, 16.270080900667505, 15.312127467924547, 12.63237990088286, 12.043227341294376, 16.059327033863124, 12.186886809675443, 15.869390255619034)"
n:newdata sigma_9 z2:144.0 z1:1224.0 data:neg,18.03831930951062,2.4012362754349788,"(23.30750965957508, 13.72817292202086, 14.553764909517547, 21.987755716368532, 18.343324137101526, 17.44332611760671, 18.00746570825757, 17.758962518753737, 18.512035253278373, 17.285483703995016, 15.876078923030294, 20.16407030405192, 15.56952200229391, 20.55330561045505, 19.733115073897576, 16.21544526926332, 16.242765394874464, 19.699929853539924, 17.494321275693977, 18.290031836636963)"
n:newdata sigma_10 z2:144.0 z1:1224.0 data:neg,18.517925077800403,2.4507500581372974,"(20.951469997648353, 16.100602023180365, 19.58394560398083, 17.231793210037342, 20.74077642605477, 16.264005253510373, 19.033659631966792, 17.67060926567455, 20.72163318380002, 16.282920259229297, 24.914660611266566, 13.561232819834697, 17.91614820695797, 18.8347828887218, 16.715421771805932, 20.18283353230206, 17.38016797264377, 19.41189037183572, 16.909307045744068, 19.950641479812685)"
n:newdata sigma_11 z2:144.0 z1:1224.0 data:neg,18.65297752934592,1.4602812333269681,"(17.758782393353407, 19.482555042387528, 19.88063140304787, 17.41517015530485, 18.936432409595202, 18.266056009802373, 18.808089122663933, 18.2892134179506, 18.378044314380414, 18.83024081554081, 17.87802184348098, 19.42072326657581, 19.66246968673506, 17.60630617668886, 22.822746476070304, 15.154337450010752, 19.74598288410764, 17.524383074830634, 18.388302986712688, 18.811061657678767)"
n:newdata sigma_12 z2:144.0 z1:1224.0 data:neg,19.33002239522017,4.686944651132713,"(22.666966334037113, 15.606557479024007, 17.545803150269528, 20.208471735563773, 23.778937541704398, 14.880980663951009, 20.649478504804797, 16.975427795120392, 15.006119798547171, 23.609144665234606, 11.27721120435239, 31.575576640097008, 20.00505681732031, 17.72176139296123, 20.943666092735565, 16.893892160109427, 13.615728692358182, 26.00764830835111, 18.372298432279425, 19.259720495581956)"
n:newdata sigma_13 z2:144.0 z1:1224.0 data:neg,20.16614823442635,5.780445447760549,"(23.655070888934926, 15.977035248076357, 19.23485121967686, 19.660992211919606, 16.23904824999617, 23.275213465351356, 20.651733220945765, 18.22652710360359, 18.780896401187547, 20.129093515886275, 17.71359054991533, 21.38574540951271, 18.670177742496374, 20.25372383609698, 27.622701376356858, 13.678066010081853, 37.06880317522987, 10.201988639582975, 26.789971516831365, 14.107734906844186)"
n:newdata sigma_14 z2:144.0 z1:1224.0 data:neg,35.700561867875614,3.3960765956320493,"(30.03009689585227, 42.07444937502997, 36.580067007419075, 34.55781819299329, 32.263629590453206, 39.161739690415025, 35.65615091689887, 35.39301621290468, 36.66095785675127, 34.4702668023306, 41.597004220592844, 30.4095171550169, 34.04254553614846, 37.12678569834723, 30.959313346619314, 40.800414265762065, 35.45005113518676, 35.654327963855025, 34.61002138322249, 36.51306411171288)"
n:newdata sigma_15 z2:144.0 z1:1224.0 data:neg,99.89050797257282,10.995749157273467,"(89.15216152627549, 110.64049444036782, 119.51589335857625, 82.53335259261694, 109.00862175543307, 90.48672130301051, 110.74952597487214, 89.06377603392295, 83.01821409469079, 118.81703955054996, 93.83880754775294, 105.11576184409441, 91.43754843399797, 107.87587121264758, 92.84612227796157, 106.238510629448, 100.08677290522473, 98.55416860676877, 103.83048028170452, 95.00031508153977)"
n:newdata sigma_1 z2:144.0 z1:864.0 data:neg,4.101541401087121,0.9779311813108117,"(2.9598218440215023, 5.395973528156865, 5.151214610313288, 3.099242660526153, 3.069337325954174, 5.193572561819154, 2.732317721327593, 5.822488843588421, 3.536194941352611, 4.51219051032721, 3.3317876249752776, 4.763750451071999, 4.495113834129782, 3.546552279762613, 5.605152214319848, 2.8391040141337838, 3.7928475319623445, 4.209249732319022, 3.884956637564922, 4.089959154115843)"
n:newdata sigma_2 z2:144.0 z1:864.0 data:neg,7.117587939530036,1.2325109791848934,"(4.716463889819556, 10.460925447258033, 6.866306120470098, 7.185280304287733, 7.16716384885016, 6.878715063002917, 6.91459854665574, 7.108082358822987, 6.7688386279685355, 7.28609369634691, 7.354075455593719, 6.694266654738228, 7.417921258229553, 6.64981300894506, 7.959323143796062, 6.185072311084122, 5.228296354897029, 9.436113304354667, 6.5270220677631, 7.547387327716509)"
n:newdata sigma_3 z2:144.0 z1:864.0 data:neg,9.11902004023554,0.8998981071154761,"(10.433312837196786, 7.900469721550534, 8.569401038062402, 9.61900048783645, 9.751888562374203, 8.449808695471042, 10.432445302584123, 7.890888104697509, 8.283768892885421, 9.950004818762709, 8.152965128752653, 10.101028162936874, 7.903445316506291, 10.43004998230243, 9.33283627957472, 8.81724606101799, 9.755486409976639, 8.450085420164328, 9.259198913138905, 8.897070668918806)"
n:newdata sigma_4 z2:144.0 z1:864.0 data:neg,39.99717076891464,0.9880422968280985,"(39.27792066729946, 40.70604104939742, 39.92504691202001, 40.04642554543801, 38.6500665304472, 41.36737424680529, 41.001202727679, 38.99517139704544, 38.77968561959187, 41.22911670171192, 40.66201902215798, 39.319678135929514, 39.56307085223475, 40.41278703344687, 41.66796812025206, 38.371103696864196, 40.86560529429116, 39.12468410823674, 40.538447115738755, 39.44000060170507)"
n:newdata sigma_5 z2:144.0 z1:864.0 data:neg,19.978578084419738,1.8524905604474455,"(19.122795344737373, 20.702997436380773, 18.78500370616143, 21.075604789594323, 21.05478407138198, 18.803321323707756, 20.254198151708795, 19.54617247784754, 21.646207781617033, 18.289701221713578, 17.19628694158686, 23.021776507586043, 20.248809769147627, 19.552057532541447, 17.491255787148123, 22.633505848743415, 18.76609249329286, 21.096844637900944, 17.010370126233905, 23.27377573936287)"
n:newdata sigma_6 z2:144.0 z1:864.0 data:neg,7.475797299610029,1.9239866411235786,"(7.3721638374074745, 7.124269124454822, 8.13230571069176, 6.458458793281896, 5.23492648304125, 10.029790173336622, 9.302137253926357, 5.637306588241407, 8.940030377069656, 5.8739742245074265, 6.651349802341914, 7.884715118834967, 7.576869506378183, 6.931092257226865, 11.741596637777176, 4.46938644427922, 9.824093565020826, 5.346576107198872, 9.40617631621016, 5.578727670973741)"
n:newdata sigma_7 z2:144.0 z1:864.0 data:neg,10.581734774418228,2.4259572037516115,"(11.314637839709471, 9.426461427087977, 12.32934191545001, 8.650970921515814, 12.08174403637694, 8.827323028677098, 9.980825046176168, 10.681907554201661, 13.261121600622936, 8.042558269165246, 11.50393209300497, 9.269061494028769, 12.209698256029476, 8.735377301321282, 9.491422891448925, 11.233450372506638, 7.950098645697521, 13.416423784831656, 16.92931213231492, 6.299026878197076)"
n:newdata sigma_8 z2:144.0 z1:864.0 data:neg,13.949601511413887,1.4852343481324974,"(13.060036571569082, 14.740463389140604, 13.423961288761022, 14.341477667231958, 14.034107230283842, 13.717031865617448, 12.506651914109437, 15.389092563239215, 12.723063474759389, 15.13121196392938, 15.545328953037036, 12.382203095031484, 11.858287216957745, 16.235828476533122, 15.27785403448049, 12.598076982856197, 12.017213059743598, 16.02072156990811, 12.160634555612791, 15.82878435547578)"
n:newdata sigma_9 z2:144.0 z1:864.0 data:neg,18.04802330057086,2.3954567116258527,"(23.34011851199176, 13.725611109775766, 14.611401333377346, 21.926597077897352, 18.33932388323618, 17.468448875427967, 18.06292358777818, 17.73473520241094, 18.50282593216743, 17.314584357429815, 15.89382111193728, 20.154360340313016, 15.582404956341826, 20.560526084525506, 19.772602868032354, 16.199745701446837, 16.251827274495504, 19.713465362986174, 17.50439629172294, 18.300746148122954)"
n:newdata sigma_10 z2:144.0 z1:864.0 data:neg,18.52911772339361,2.463455458644781,"(21.015294221560815, 16.068595546979807, 19.79095946867165, 17.066441472055708, 20.694622540071684, 16.318304362712468, 19.213726155283894, 17.569834937196962, 20.661900938267774, 16.345486568111806, 24.95950382664709, 13.525964137487833, 17.93697602415064, 18.830936093173836, 16.805666841278303, 20.08671130090866, 17.37891344777625, 19.435174195619865, 16.909959629882696, 19.9673827600345)"
n:newdata sigma_11 z2:144.0 z1:864.0 data:neg,18.429881503232362,1.5398162993550406,"(17.631696863559412, 19.13931902953295, 20.049778132222926, 16.83781030930583, 18.591539938166132, 18.151616951657218, 18.91930590263967, 17.826088842521337, 18.02194428671848, 18.728638323422153, 17.713816453804334, 19.04137584178357, 19.445699805935707, 17.36180043052534, 22.799168401849602, 14.789380710605327, 19.470199202274657, 17.33919005221633, 18.140765855294095, 18.598494730612174)"
n:newdata sigma_12 z2:144.0 z1:864.0 data:neg,19.740980355454695,4.7621945546268645,"(23.433484459847154, 15.753873025121184, 18.823924923100957, 19.633194694799418, 23.971363042744805, 15.40670244429442, 21.91813913292987, 16.83347592556184, 15.056350483304549, 24.53742498729591, 11.631935190438409, 31.62706909256437, 20.526812885825514, 18.008002046480797, 21.89034996331485, 16.84057320122342, 13.900333179675103, 26.5902773186242, 18.760692962085137, 19.67562814986192)"
n:newdata sigma_13 z2:144.0 z1:864.0 data:neg,20.065459200575646,5.777909392250434,"(23.61800313455706, 15.830566852990653, 19.431104926418747, 19.247802310669414, 16.081965870714807, 23.249798992981965, 20.8173296571687, 17.953213254761895, 18.57798888341433, 20.12883399963005, 17.66382315328257, 21.15650768850216, 18.59542128880959, 20.113545644374454, 27.708085500391253, 13.48540414756837, 36.82704477367926, 10.154887121126068, 26.629965569334026, 14.037891241137434)"
n:newdata sigma_14 z2:144.0 z1:864.0 data:neg,36.72693745502381,3.4886768332151634,"(30.905955671735097, 43.27529906493526, 38.23830864218912, 34.98896186469888, 33.16745506103807, 40.32734594869811, 36.961488875194895, 36.179330195257926, 37.56349163579624, 35.61030506578984, 42.85381911174085, 31.183757790510747, 35.103560031209426, 38.10950644351905, 32.07008268510485, 41.69115747832594, 36.44209475051704, 36.7104444929016, 35.58457661001653, 37.571807681296626)"
n:newdata sigma_15 z2:144.0 z1:864.0 data:neg,100.09528426968035,11.033482968915285,"(89.33015698198986, 110.87104803587236, 119.84645481910755, 82.64140709191017, 109.23936885362771, 90.66480231984912, 110.99452559661286, 89.23014971786999, 83.18030510742288, 119.06857658613367, 94.03087920411738, 105.32282316589885, 91.63172788789436, 108.08679385834593, 93.05320905496414, 106.43354539130073, 100.28645519510813, 98.75945336903409, 104.04008197561453, 95.19392118093236)"
n:newdata sigma_1 z2:144.0 z1:864.0 data:pos,4.238654051914412,1.0029770345029005,"(3.058071856854679, 5.578692080470475, 5.39139467638309, 3.158830982985904, 3.2040978632482426, 5.306488580735072, 2.8527250378218763, 5.9453894745111, 3.733764206652821, 4.567609434530367, 3.4507461428100403, 4.939675224868964, 4.533031119316811, 3.7624340600568886, 5.874926815145618, 2.8953897335542695, 3.9701549041818383, 4.299517388568633, 4.045937381475015, 4.2042040741165225)"
n:newdata sigma_2 z2:144.0 z1:864.0 data:pos,7.18769644800493,1.2544436089207245,"(4.742312631206817, 10.605704428197546, 7.009307374296407, 7.171654771462849, 7.250280812103912, 6.925836659484024, 6.992409468729826, 7.141726602184855, 6.865389857410527, 7.32661588699255, 7.432068538408506, 6.766094709677551, 7.454185006592468, 6.748284080001527, 8.07470377235564, 6.216414152841618, 5.270692820458089, 9.548967172016393, 6.619552123468273, 7.591728092209188)"
n:newdata sigma_3 z2:144.0 z1:864.0 data:pos,8.98420978706973,0.8843704730128441,"(10.274179150609573, 7.786314131852229, 8.465747505160225, 9.44832671032066, 9.586852087154401, 8.337928350623821, 10.30885971604579, 7.748128047017716, 8.172985065157617, 9.789792839704196, 8.03916589118569, 9.950853544933203, 7.789163641063283, 10.27238403893655, 9.213957411756224, 8.674144089668994, 9.584861794653014, 8.34965294072399, 9.140405020961495, 8.750493763865908)"
n:newdata sigma_4 z2:144.0 z1:864.0 data:pos,39.99763700419025,0.988150147723068,"(39.27808767157755, 40.706740523865946, 39.92597738439365, 40.04628778927333, 38.648649863373976, 41.369683182579756, 41.00073036437236, 38.996402864053685, 38.78014960705379, 41.22951029247613, 40.662638022713864, 39.32038396366453, 39.56690160757613, 40.40974216374783, 41.66901061481736, 38.37104272056656, 40.86486482087707, 39.1262029281845, 40.540502609425424, 39.43923108921157)"
n:newdata sigma_5 z2:144.0 z1:864.0 data:pos,19.97505471918129,1.8512318126354113,"(19.1176463762993, 20.701252487665176, 18.78271329904447, 21.070806728222664, 21.04430325010835, 18.80562119092653, 20.246332950143998, 19.54717731949883, 21.640059628946826, 18.288591592828737, 17.19382341229494, 23.01733174587969, 20.257380496336086, 19.536964311446027, 17.48845766473153, 22.62985514936437, 18.75909939448923, 21.0973145114147, 17.010831786424202, 23.265531087560156)"
n:newdata sigma_6 z2:144.0 z1:864.0 data:pos,7.48305918150262,1.9388866224134211,"(7.379433486153104, 7.123591650084991, 8.166775557555683, 6.435227333278737, 5.23666198608886, 10.032355180533457, 9.355751635610604, 5.6076225260148655, 8.980775658390787, 5.853724709263291, 6.6596807711332575, 7.89263120345386, 7.554752956215399, 6.959166286957404, 11.789869505381748, 4.456529573061288, 9.815862234257313, 5.357111997850718, 9.4328277584462, 5.5708316203208295)"
n:newdata sigma_7 z2:144.0 z1:864.0 data:pos,10.54465460018262,2.422307284881116,"(11.267464446834401, 9.397113660808866, 12.299734627399992, 8.608855605910897, 12.024160629443683, 8.803675929315254, 9.950378677376548, 10.63610860232975, 13.213244435068956, 8.013947299995118, 11.466465251988932, 9.23422544372352, 12.178913458476087, 8.694705112192434, 9.463127984783371, 11.188332562293976, 7.910792153342283, 13.386759086743087, 16.884002949997388, 6.271084085627853)"
n:newdata sigma_8 z2:144.0 z1:864.0 data:pos,13.910850039832235,1.4790328103384016,"(13.014066133998625, 14.709790233736747, 13.395792550095518, 14.292090977734565, 13.972526537736986, 13.698544941276047, 12.464525861802187, 15.355356878747667, 12.680334833413262, 15.09875493177354, 15.507642833151472, 12.344814053727545, 11.854233833398157, 16.151069333149223, 15.238503385544721, 12.562892651244406, 11.968560682132317, 15.997403300179425, 12.138839465498686, 15.771257378303636)"
n:newdata sigma_9 z2:144.0 z1:864.0 data:pos,18.01229936273701,2.383389282633661,"(23.2841510785246, 13.70510859129814, 14.586800030895295, 21.87848736536821, 18.278652377560896, 17.45641160719627, 18.01222454147236, 17.716302249724702, 18.457547533704943, 17.29015519445861, 15.865892263895748, 20.112535948509365, 15.590129911358606, 20.470719727923647, 19.73559210281792, 16.169734233844885, 16.205804148954293, 19.69294901495998, 17.484814769158618, 18.251974563113016)"
n:newdata sigma_10 z2:144.0 z1:864.0 data:pos,18.50255667378181,2.4469771943417222,"(20.9571539657434, 16.067863368123916, 19.775628070198117, 17.032411404100156, 20.581473193190366, 16.35707685140703, 19.136921152509448, 17.595064262937427, 20.603522833435434, 16.347658839861257, 24.939657844149664, 13.502594781782596, 18.044908148947368, 18.666393035010902, 16.78741491439175, 20.061113542937782, 17.306771272899308, 19.462513314978256, 16.927197641973347, 19.89779503705863)"
n:newdata sigma_11 z2:144.0 z1:864.0 data:pos,18.250301725464162,1.5416104272145843,"(17.406943368623356, 19.002347206128537, 19.87168062452729, 16.65502679089456, 18.253312114791388, 18.114180305714758, 18.62740826583376, 17.755382935277478, 17.791687887446912, 18.59950794070583, 17.5581322382334, 18.837173634365538, 19.55150132043421, 16.928006140143044, 22.5925217838115, 14.643840388516974, 19.16302282171681, 17.271165566771256, 18.048542815348455, 18.334650359998122)"
n:newdata sigma_12 z2:144.0 z1:864.0 data:pos,19.420433809157245,4.698942768323559,"(22.903823469016253, 15.585114766407976, 18.531202671039896, 19.290566243394064, 23.12730303179433, 15.418784587192825, 21.271448638866755, 16.783715850626415, 14.724146612978263, 24.270584440764576, 11.466909821772955, 31.098349558279644, 20.894735316583354, 17.10786852971266, 21.580779397248794, 16.550451475806863, 13.485779489740821, 26.50656015408709, 18.644048115909264, 19.166504011922047)"
n:newdata sigma_13 z2:144.0 z1:864.0 data:pos,19.961544953971018,5.733321066926459,"(23.451694109338, 15.778951344248906, 19.35210947510802, 19.129472733520686, 15.898099085844983, 23.26920941625827, 20.62414457523318, 17.9413191661865, 18.441613106782786, 20.071972560677303, 17.585712081448644, 21.038661133290642, 18.71975967517368, 19.77605507580524, 27.579389031732216, 13.41905354817427, 36.493809519923886, 10.144734820619078, 26.59936496258018, 13.915773657473887)"
n:newdata sigma_14 z2:144.0 z1:864.0 data:pos,36.758094679213016,3.4977652800668615,"(30.905072255433964, 43.344190868151, 38.326902626234755, 34.959261413298826, 33.01152982679211, 40.569581181456655, 36.88985073650333, 36.30431361651132, 37.58803678748235, 35.64532329241378, 42.91061119127182, 31.209790482170643, 35.48995084953391, 37.756401641086185, 32.137132069122494, 41.676794573254135, 36.35497981417821, 36.85413050775004, 35.77593385576718, 37.452105995847525)"
n:newdata sigma_15 z2:144.0 z1:864.0 data:pos,100.09529018616287,11.030035361463838,"(89.32691199601372, 110.87515783510226, 119.8603856689959, 82.63142456878616, 109.21441138551391, 90.68492193868323, 110.98633423529309, 89.23592833675062, 83.18216988578304, 119.0668163048389, 94.03457538971148, 105.32297030159982, 91.66933776559503, 108.04342892589666, 93.06098804920225, 106.42606557962719, 100.27333554112248, 98.77239750943549, 104.06381196754718, 95.174430537759)"
n:newdata sigma_1 z2:108.0 z1:1008.0 data:pos,3.853136573582382,0.9542968744473399,"(2.738598868446917, 5.1431624877641005, 4.888711718637014, 2.8608740522082545, 2.7660855355952747, 5.054013146782754, 2.6525213878515403, 5.258522284223868, 3.3385931346363447, 4.210171366089587, 3.1326094506033657, 4.476029356278696, 4.194859894476353, 3.3315293552763845, 5.457423521946092, 2.5552834999636964, 3.4586799106451287, 4.056883245531911, 3.48723093183823, 4.000948322852127)"
n:newdata sigma_2 z2:108.0 z1:1008.0 data:pos,7.189143620200685,1.2963637580114846,"(4.717711248146007, 10.665728961047055, 6.9368517769962885, 7.231537484239348, 7.157292599245822, 7.010995198883159, 6.989367579910286, 7.123545373432451, 6.829495010063588, 7.362010558153529, 7.42211682504899, 6.769325929616198, 7.466648292768015, 6.7236946419308765, 8.118044660703045, 6.163486884879151, 5.1865152940257255, 9.691121999919329, 6.512038436582896, 7.705343648421948)"
n:newdata sigma_3 z2:108.0 z1:1008.0 data:pos,8.987921525733006,0.8795771072586525,"(10.252580620281044, 7.815280799067373, 8.426495218221346, 9.495444445910564, 9.586825025001296, 8.35146612386309, 10.279357351857973, 7.7706238284435445, 8.163750928067172, 9.814713172080324, 8.033809751951889, 9.969477114690097, 7.789580207158675, 10.283724214520564, 9.220826652245252, 8.666929474799977, 9.548183110070262, 8.390866839062705, 9.117272775024079, 8.781222862342887)"
n:newdata sigma_4 z2:108.0 z1:1008.0 data:pos,39.99651367424317,0.9866553371621596,"(39.277412909760756, 40.705070696246096, 39.9244185772971, 40.045702811262146, 38.65120803569982, 41.36478205439687, 40.996857736884834, 38.997971128762856, 38.7797973000013, 41.22750473477124, 40.661091402802676, 39.32010637876082, 39.564354849644246, 40.410104018527875, 41.66431789719, 38.37331530432123, 40.86548917738569, 39.123410657252975, 40.537809462982466, 39.43954835091238)"
n:newdata sigma_5 z2:108.0 z1:1008.0 data:pos,19.992900641089864,1.855017883155802,"(19.13789337694677, 20.71528773981262, 18.797323714674793, 21.091669611036952, 21.079505057596162, 18.808108238972412, 20.25596791612814, 19.57160245486663, 21.662192540947526, 18.30157121573148, 17.20907764018864, 23.039533546006663, 20.26843681809023, 19.560955503224505, 17.493544342883787, 22.664014694993014, 18.78376808696637, 21.106583571376788, 17.026434532437495, 23.284542218916307)"
n:newdata sigma_6 z2:108.0 z1:1008.0 data:pos,7.514891013898222,1.9396318586041936,"(7.371040247608598, 7.206518553022058, 8.17332936959314, 6.485155018011997, 5.226265536101183, 10.146628456021306, 9.379198055917142, 5.639803665080209, 8.985406481343055, 5.9074765617407605, 6.685758370028684, 7.936034479632451, 7.603595101093897, 6.975634590472388, 11.884169003821125, 4.457773983275602, 9.763561969993306, 5.435701333393896, 9.386921308146386, 5.647848193667252)"
n:newdata sigma_7 z2:108.0 z1:1008.0 data:pos,10.642468007212718,2.4420747308804933,"(11.364543911938387, 9.493114018903663, 12.388558055761212, 8.706249387145593, 12.147331438283562, 8.879637212228824, 10.02683013442383, 10.74962987172445, 13.330421512069258, 8.09294907450142, 11.569205430237403, 9.326714140346139, 12.282984449479587, 8.782349534780396, 9.545613814936653, 11.297596351280626, 7.9772851609831905, 13.524560093365388, 17.03159966609591, 6.332186885768882)"
n:newdata sigma_8 z2:108.0 z1:1008.0 data:pos,13.976610891012715,1.4865991904886036,"(13.079920272621607, 14.774094971912179, 13.438037527579356, 14.380093310299937, 14.081155446109683, 13.7246370901406, 12.500174724997658, 15.45212817351893, 12.742980678024777, 15.165697621422742, 15.578053631188476, 12.409964810703961, 11.890520782449817, 16.255110436865536, 15.281622938366496, 12.645510679637527, 12.037555870956522, 16.055908248911702, 12.202225761606096, 15.836824842940663)"
n:newdata sigma_9 z2:108.0 z1:1008.0 data:pos,18.04698194655627,2.391336704906875,"(23.343429169367354, 13.720599198456128, 14.605108505043786, 21.933555205698628, 18.37289048532171, 17.43603769785768, 18.017692866536265, 17.775919565447538, 18.501373982331337, 17.312362794465166, 15.89515142464012, 20.158443911617447, 15.596798839320096, 20.54047733486217, 19.727728408023324, 16.23913454043776, 16.26401960791857, 19.696345289464247, 17.52384906804223, 18.278721036273815)"
n:newdata sigma_10 z2:108.0 z1:1008.0 data:pos,18.598358719150493,2.48425567791443,"(21.105724054365787, 16.10784472421565, 19.846410019444733, 17.141867409196912, 20.890671276644902, 16.284369112591744, 19.13347043013962, 17.762996318529673, 20.736317111362304, 16.399170863822263, 25.07052926868577, 13.582216525341087, 18.058233607237597, 18.84316819449148, 16.7467066655372, 20.31855785959905, 17.48831557801375, 19.451034500510772, 17.029918113794935, 19.96965274948476)"
n:newdata sigma_11 z2:108.0 z1:1008.0 data:pos,18.58843185743464,1.4854598753363217,"(17.812183225573875, 19.265476279184373, 20.15383052598146, 17.048304684948935, 18.964621893253483, 18.1140921676662, 18.790342983371872, 18.251648697036142, 18.193684787160954, 18.864515750009026, 17.896806510160385, 19.22934368465216, 19.72593481732727, 17.422682320160003, 22.720394967944088, 15.121919202310684, 19.711854901745504, 17.42578115277339, 18.39345288010342, 18.66176571732956)"
n:newdata sigma_12 z2:108.0 z1:1008.0 data:pos,19.96964010578297,4.8030030207029,"(23.81122907192084, 15.831027702871317, 18.99735296321277, 19.92233349306498, 24.951575330698127, 15.157560708972806, 21.35614235464932, 17.657201384274845, 15.250977108055102, 24.746944228872128, 11.764354289766471, 32.191127560663986, 21.1080787343544, 17.93578408890399, 21.390660540410718, 17.697576077602267, 14.265180535518157, 26.500400165609726, 19.258689605240317, 19.598606170997165)"
n:newdata sigma_13 z2:108.0 z1:1008.0 data:pos,20.1343737042285,5.7964294174407565,"(23.736697275963387, 15.851486052988523, 19.48408359653038, 19.33282800179344, 16.28729694735952, 23.124248083468785, 20.634680762732195, 18.229035667002872, 18.64795065248391, 20.181313335437274, 17.737455254695863, 21.25703657831495, 18.75860698992121, 20.082650910016916, 27.497355547569786, 13.696303102873284, 37.13569082409657, 10.140978024803207, 26.85845115919443, 14.013325317323508)"
n:newdata sigma_14 z2:108.0 z1:1008.0 data:pos,36.92752536626674,3.5178232600950445,"(31.09259255059347, 43.46461429154922, 38.47539049180764, 35.1500723887372, 33.54604080138982, 40.30767231838377, 36.76486376026108, 36.761181219036736, 37.84013262674568, 35.72030159176038, 43.07466563217421, 31.402878279586343, 35.50563781598328, 38.08482266002806, 31.946336766427432, 42.320711285810376, 36.728931799210535, 36.80793487703834, 35.79813448833157, 37.75759168047961)"
n:newdata sigma_15 z2:108.0 z1:1008.0 data:pos,100.10201162806446,11.0313532100519,"(89.33214837342497, 110.88308632988148, 119.85773057637502, 82.64423680527463, 109.2643938652759, 90.6563256888321, 110.95877297543394, 89.27067658091298, 83.19218991698602, 119.06799108836923, 94.03415506735134, 105.33927509516191, 91.66002350685612, 108.06792223822806, 93.03325972052369, 106.4710615915261, 100.29131313080225, 98.76738617586108, 104.04320056729924, 95.20508326691318)"
n:newdata sigma_1 z2:108.0 z1:1008.0 data:neg,3.874340270776859,0.9232547774071056,"(2.8193708035808043, 5.045454589514805, 4.709832270243861, 3.016677319854274, 2.874844140563502, 4.9382385407016836, 2.59333282899725, 5.462559218253327, 3.3745552423391536, 4.2125517298798005, 3.294070715440815, 4.336235946801373, 4.383681889650908, 3.2463726496465672, 5.437503242479809, 2.6146532806746814, 3.3798707548679165, 4.206803504015571, 3.7063185796057625, 3.833878168425313)"
n:newdata sigma_2 z2:108.0 z1:1008.0 data:neg,7.208007401958046,1.2613261947288965,"(4.804974071497466, 10.512631674612402, 6.862936167753529, 7.356763167218289, 7.239653611642919, 6.973451017255948, 7.00391278868641, 7.189493409603846, 6.885642412784166, 7.336749792804266, 7.555080412629918, 6.70726189909396, 7.554111254524557, 6.689199074171818, 8.104209110922458, 6.232106806381134, 5.214786641977769, 9.688532648882441, 6.615673769968804, 7.632978306748777)"
n:newdata sigma_3 z2:108.0 z1:1008.0 data:neg,9.046100119436547,0.8934437875427583,"(10.381938752773353, 7.811298046311951, 8.462455884670266, 9.577786990731855, 9.669328793479465, 8.38300408002788, 10.349478730602193, 7.826599273419607, 8.234805589773778, 9.846192020532973, 8.110833325795001, 10.006504169587172, 7.838602383401044, 10.345362098034192, 9.27280768728233, 8.742367202078142, 9.646859056537258, 8.405427167324603, 9.178412704286343, 8.831938432081518)"
n:newdata sigma_4 z2:108.0 z1:1008.0 data:neg,39.9969431011556,0.9877618660805355,"(39.27808486352091, 40.70533599353599, 39.92783529779093, 40.043030928148475, 38.649507570648, 41.36735933024864, 41.000068441594344, 38.99571447076693, 38.781938102237824, 41.22609388141425, 40.65972835376154, 39.322207449929095, 39.56277867639448, 40.412455815546686, 41.66729390456415, 38.3712484005749, 40.870477584347036, 39.11943594234242, 40.53734304013158, 39.44092397561387)"
n:newdata sigma_5 z2:108.0 z1:1008.0 data:neg,19.99092826028522,1.854680457998893,"(19.134358341682198, 20.715562890956665, 18.808105141370113, 21.075174610851217, 21.068442222811328, 18.813921489041473, 20.265118192159687, 19.559581678803667, 21.664561111358775, 18.29633312177568, 17.20017228455447, 23.047572491595474, 20.25631802964413, 19.568361703759166, 17.498894869508707, 22.651388382457498, 18.795105091677517, 21.08966146371017, 17.01781180604651, 23.29212028193986)"
n:newdata sigma_6 z2:108.0 z1:1008.0 data:neg,7.561433754332947,1.9425772134658161,"(7.486181672224211, 7.177167427395392, 8.158223030774954, 6.582318014704041, 5.290352071811399, 10.151533433831606, 9.40257894246384, 5.705689222251859, 9.070685735576465, 5.923164627465399, 6.789610617662454, 7.922346167340571, 7.696584004005869, 6.981764845099567, 11.921200275842423, 4.5062399484555185, 9.840353837464164, 5.45956979513859, 9.522486993481259, 5.640624423669371)"
n:newdata sigma_7 z2:108.0 z1:1008.0 data:neg,10.655305785538275,2.4413454773314314,"(11.402055869995877, 9.48438080092108, 12.407702455364907, 8.714151746251906, 12.167786327027933, 8.886146374372043, 10.046339754553918, 10.759927408190405, 13.361170421892798, 8.093573613282496, 11.587988080215824, 9.338053988021652, 12.286399877145493, 8.802071320375873, 9.560479422193222, 11.310035206003937, 8.006272222349178, 13.50666960480457, 17.038749009891763, 6.346162207910662)"
n:newdata sigma_8 z2:108.0 z1:1008.0 data:neg,13.98783914054499,1.48478663606259,"(13.098096211228144, 14.778198313084289, 13.482900174263689, 14.355310979517046, 14.078836964105669, 13.74817800598985, 12.536321152810832, 15.43762051173308, 12.76450394588839, 15.164973998036372, 15.567512013249399, 12.440574060379037, 11.87209035595808, 16.305085854334592, 15.314223846233972, 12.638929175440362, 12.083854257468222, 16.0190214592881, 12.18397800003483, 15.886573531855872)"
n:newdata sigma_9 z2:108.0 z1:1008.0 data:neg,18.067839906611137,2.39101700498231,"(23.366073653761223, 13.741129099401414, 14.663449725930152, 21.896802563776983, 18.364841420537502, 17.483136819888248, 18.077861274448278, 17.76023468892701, 18.538535399713265, 17.319879535313188, 15.886180509255876, 20.21961891993027, 15.581572691040087, 20.60669349129319, 19.781414300472253, 16.230277516162268, 16.32994326479464, 19.662370734672002, 17.51148617598742, 18.335296346917488)"
n:newdata sigma_10 z2:108.0 z1:1008.0 data:neg,18.60632798864038,2.4605761879683663,"(21.10297046355375, 16.136032615401323, 20.026860301413603, 17.004660281723687, 20.796483675197894, 16.373662965949435, 19.278834885295208, 17.660223823843257, 20.801885821257674, 16.370809211245444, 24.941738080722246, 13.668021667947338, 17.949611148658253, 18.971902699137008, 16.840614410930662, 20.216679096874742, 17.65263518398274, 19.29156060105544, 16.943579587337968, 20.09779325127986)"
n:newdata sigma_11 z2:108.0 z1:1008.0 data:neg,18.68300908534104,1.607648113409732,"(17.863509316777165, 19.39777703456716, 20.594757237582254, 16.82889877996505, 18.864841753839478, 18.368517710092913, 19.13373964875891, 18.10600169585932, 18.36996970039122, 18.866849706810513, 17.787398090477513, 19.53872974629049, 19.561144219389522, 17.718811964642, 23.030930756551317, 15.04087287641071, 20.157220089960155, 17.19350144149507, 18.282023084856153, 18.95468685210384)"
n:newdata sigma_12 z2:108.0 z1:1008.0 data:neg,20.24331273686632,4.865956056601496,"(24.03634532156165, 16.15813803631171, 20.078834553958593, 19.354544671935823, 24.65154573093363, 15.75516386344469, 22.386792538115397, 17.34616991741677, 15.661258694334073, 24.81322866992264, 11.628590699116485, 33.56625409568197, 20.745595895843476, 18.73398084038811, 22.205375414143873, 17.477224182279055, 15.108605475917194, 25.71770272579693, 19.045694031908138, 20.395209378316228)"
n:newdata sigma_13 z2:108.0 z1:1008.0 data:neg,20.237409635565133,5.9312098133291435,"(23.79049685601076, 15.947243115701808, 19.815342232644614, 19.15058948697375, 16.214766075452836, 23.39913556383317, 20.943341838380775, 18.113111948174133, 18.8002326212713, 20.183487620816827, 17.655661507118772, 21.52885809947843, 18.64078508904837, 20.35657835141338, 27.819258656444735, 13.634197772993966, 37.78877848905457, 10.040549815146132, 26.733743457983675, 14.192034113360693)"
n:newdata sigma_14 z2:108.0 z1:1008.0 data:neg,36.86110838152683,3.500682485957475,"(31.0472056542734, 43.38938526580452, 38.76124775515604, 34.76159166204318, 33.260887579458746, 40.499078096944174, 37.01052849989993, 36.393938033717895, 37.97015035825548, 35.47715947663365, 42.758447019017716, 31.517972706567274, 35.22469860712754, 38.2438201153336, 32.12602570382353, 41.923465563159645, 37.150912138788804, 36.26398691051094, 35.631258669410926, 37.81040781460952)"
n:newdata sigma_15 z2:108.0 z1:1008.0 data:neg,100.10798821006573,11.033960591954099,"(89.34692213111953, 110.87825663113188, 119.89911654098366, 82.6248988803282, 109.24970829974882, 90.67829735651286, 110.99542887618337, 89.25165485141395, 83.2166207664672, 119.04640039029219, 94.02532630486719, 105.36051374470422, 91.64650735352747, 108.09610096595353, 93.06511736447108, 106.44767865847112, 100.34888434367305, 98.72222169274654, 104.04477470690655, 95.21533434181167)"
n:seeda sigma_1 z2:108.0 z1:1116.0 data:neg,3.842697823457136,0.5937795684771981,"(3.468874131145937, 4.15805616616155, 4.776557603402421, 3.01768686323144, 4.169950367443607, 3.4622507914356966, 3.9660132327843076, 3.6375496168890518, 3.2109777306757827, 4.500680804552888, 3.7219546553788088, 3.879475376026995, 3.7113028196226163, 3.899670161085931, 4.297722200328009, 3.3532687731990065, 3.3524542670200117, 4.307132473928593, 5.1619539292184715, 2.8004245056115975)"
n:seeda sigma_2 z2:108.0 z1:1116.0 data:neg,6.946960166463359,0.6786477729464317,"(7.418932223767765, 6.447449273465542, 7.860482267945029, 6.080465133874118, 6.928760611556258, 6.9015655991389595, 6.342744920703573, 7.536002888741266, 6.358594760439196, 7.52211967835974, 5.907599625590179, 8.096225503140467, 6.0682163044852055, 7.887249304697075, 7.159611844931987, 6.677067593787722, 6.646021664284529, 7.1959726033706275, 7.6497587780841805, 6.254362748903742)"
n:seeda sigma_3 z2:108.0 z1:1116.0 data:neg,9.127777657425108,1.0982078541519067,"(7.32584520217938, 11.219643127305973, 8.471458199846452, 9.698558772063604, 9.298081326756481, 8.83817920007498, 8.417253963313152, 9.7612703720058, 8.62805001374853, 9.525607546977124, 11.347016173802427, 7.242993602170603, 9.300925073208152, 8.839611340435432, 8.628000071939868, 9.523923941415005, 7.780297052779592, 10.563064861317848, 9.41183955418451, 8.733933752977237)"
n:seeda sigma_4 z2:108.0 z1:1116.0 data:neg,40.010845316043145,1.3957170235134189,"(38.3654981303716, 41.67851877678654, 38.220381590101894, 41.83684285762011, 40.584672956917515, 39.39957031404616, 39.67682431692422, 40.30108217447905, 41.89487455278961, 38.16741210458295, 38.147902227749164, 41.916257254474104, 41.14218240773454, 38.865587347396215, 40.74571662710333, 39.24378330034132, 41.69201684480478, 38.35308662067305, 39.383532372608826, 40.60116354335801)"
n:seeda sigma_5 z2:108.0 z1:1116.0 data:neg,20.003218085483397,1.950414723991223,"(22.953093621473116, 17.276505206027327, 22.213951706071633, 17.851261410164906, 18.871160160491783, 21.013228005382917, 24.329169459217347, 16.299103866095106, 21.580954645134756, 18.374684647348584, 19.746299834540494, 20.08193777970096, 18.22529025659285, 21.757561519880742, 20.08313361384845, 19.745170406450075, 20.303464524083008, 19.53082697276846, 20.041556015115574, 19.78600805927981)"
n:seeda sigma_6 z2:108.0 z1:1116.0 data:neg,7.471286653219458,1.2700438702017123,"(6.14751284988343, 8.83694877247978, 9.21449991406973, 5.8912079419292604, 7.442989404505338, 7.296319068458193, 5.893728304845266, 9.21257010101363, 5.373987220776497, 10.107037903894366, 7.84123558262081, 6.926682424239793, 6.305990653942032, 8.618594050845473, 8.14705752197953, 6.664350702533086, 7.697324930945257, 7.055959247877057, 7.11219500069178, 7.639541466858832)"
n:seeda sigma_7 z2:108.0 z1:1116.0 data:neg,10.647368483135589,2.6069632597838113,"(11.747208295305883, 9.127664042311936, 11.643207118669965, 9.206610528648218, 14.555690947845793, 7.3651581127444405, 6.404037550202826, 16.74013993343853, 11.518134219287122, 9.307874134648188, 11.021917696632032, 9.726991158642214, 11.843494742338308, 9.05359211795987, 11.811624632044714, 9.076147536254036, 10.245139735894178, 10.464288983632882, 7.2022564868787455, 14.88619168933185)"
n:seeda sigma_8 z2:108.0 z1:1116.0 data:neg,13.978035921919824,1.0881822562181593,"(13.609121336612864, 14.275690735261227, 14.976510653175938, 12.970703908676839, 14.877337760907395, 13.05732681812661, 13.672400232508886, 14.207989744760084, 12.106874863312113, 16.04543394652024, 12.81504802572612, 15.159252985632166, 12.61131415781202, 15.404237395558738, 14.491625329264473, 13.405186503170535, 12.848511050367135, 15.119252286961474, 14.610356862586862, 13.29654384145471)"
n:seeda sigma_9 z2:108.0 z1:1116.0 data:neg,18.034002710016676,1.2878273622436878,"(17.470771598925268, 18.52620953966451, 17.24362144239431, 18.769824470631686, 17.53759045891448, 18.45474673930598, 17.58171580388476, 18.408590913891672, 16.800245271418756, 19.264650278747197, 19.47544476165284, 16.618601730811683, 16.80776762516696, 19.25532141899836, 19.27922802257211, 16.7879917092007, 20.654741658712307, 15.669578330928282, 19.329487372145458, 16.743925052366205)"
n:seeda sigma_10 z2:108.0 z1:1116.0 data:neg,18.718487490591247,2.1426052790237815,"(17.455260154643913, 19.826767186963643, 15.587828355234588, 22.20298397553721, 14.92757555750996, 23.182366903531896, 16.516739807769913, 20.95196128530221, 17.387317963580767, 19.902390697857648, 20.212289747420023, 17.121309478691785, 20.80000407502716, 16.635529428662288, 19.24686740799489, 17.98074174035769, 18.675875216095626, 18.52942060664223, 17.97543543347617, 19.251084789525358)"
n:seeda sigma_11 z2:108.0 z1:1116.0 data:neg,19.149692803140237,1.7763371225767386,"(16.565223153492468, 21.959372280347083, 16.266291262151558, 22.364272631022214, 18.363047523223273, 19.807123638572207, 17.105648694989796, 21.26395613647167, 17.77595787916152, 20.461259941094536, 19.617768491608665, 18.54060058644625, 21.132782264708354, 17.207657964574217, 19.0489612220917, 19.095556897252948, 20.5432644966094, 17.70482119856238, 19.819597840985193, 18.35069195943924)"
n:seeda sigma_12 z2:108.0 z1:1116.0 data:neg,20.812698822731367,5.721637064673725,"(17.168288566919983, 23.501523539313062, 15.451055544156311, 26.115478504015922, 20.159690434760492, 20.00257798229439, 32.48146116922448, 12.411373981383472, 23.651354279921833, 17.0487646094596, 15.500923579114868, 26.0116907621678, 13.26394979510716, 30.372214172336456, 19.41983845608003, 20.769462670446853, 14.183887535528058, 28.428121362120006, 18.391946371603495, 21.920373138673018)"
n:seeda sigma_13 z2:108.0 z1:1116.0 data:neg,20.318427184920978,5.169142614456491,"(25.988118068908207, 14.926789719473689, 27.246345031784426, 14.23406881794675, 19.305709012257537, 20.08720045319254, 19.71087285927948, 19.674378540421337, 22.64666910097777, 17.123410024434463, 14.334112120724239, 27.053926280121882, 26.906861721958677, 14.410952846946168, 25.76067236978103, 15.054472580183475, 24.107965995614535, 16.085500335185134, 27.721539977473732, 13.98897784175439)"
n:seeda sigma_14 z2:108.0 z1:1116.0 data:neg,37.07326425841624,3.7893434927236007,"(37.53612325892123, 36.254800919514565, 38.08393796918239, 35.74141780563193, 42.688935381622116, 31.881947439030302, 33.28211225618189, 40.89206028401912, 45.73160062556788, 29.76050597608322, 34.29133052458827, 39.68528488377358, 33.67735572382632, 40.40047124382349, 34.297181403331074, 39.68038604128219, 36.444573002406365, 37.34167793037557, 37.625336850778254, 36.16824564838497)"
n:seeda sigma_15 z2:108.0 z1:1116.0 data:neg,99.95141428368768,9.228569100345027,"(97.28886060455042, 101.86236551857455, 89.63427933801199, 110.56136313328439, 93.61301686692923, 105.86237667525141, 96.23304242217127, 102.98013276642685, 108.73769436368572, 91.1377862074677, 97.66646037138167, 101.46846043191279, 81.33844437379959, 121.83702754429977, 96.32771342276835, 102.87867185687317, 111.97342884503998, 88.50374070438274, 101.12505614660476, 97.99836408033731)"
